OriginLat,OriginLon,AccessLat,AccessLon,People
39.3829238878821,-105.042008820747,39.38234,-105.0416,5
39.3828162652484,-105.041227591596,39.38234,-105.0416,4
39.38269508871,-105.039476800311,39.38288,-105.0399,2
39.3830789850837,-105.039359923327,39.38288,-105.0399,2
39.3832216030271,-105.039923572832,39.38321,-105.0395,4
39.3832693581936,-105.038935060427,39.38337,-105.0388,2
39.3837595047045,-105.038421852195,39.38337,-105.0388,2
39.3834841562263,-105.037888326907,39.38338,-105.0379,3
39.3836026289486,-105.038211495781,39.38338,-105.0379,1
39.3836807185913,-105.037904660948,39.38338,-105.0379,1
39.3837401734682,-105.026797458425,39.3838,-105.0268,5
39.3838102605064,-105.026414631506,39.3838,-105.0268,2
39.3836576802638,-105.026281635965,39.3838,-105.0268,5
39.3833468223944,-105.026430597321,39.3838,-105.0268,4
39.3845321824925,-105.036515565502,39.38396,-105.0366,2
39.384187709634,-105.036690125788,39.38396,-105.0366,1
39.3841729171734,-105.026708366724,39.38407,-105.0264,3
39.3842489874355,-105.026494984718,39.38407,-105.0264,2
39.3843860408391,-105.026944362771,39.38407,-105.0264,1
39.3844671621773,-105.026760331031,39.38407,-105.0264,4
39.3840806022039,-105.026787162544,39.38407,-105.0264,5
39.3844334235018,-105.026573812449,39.38407,-105.0264,1
39.3842890680494,-105.025507629308,39.38417,-105.0256,5
39.3843560401769,-105.025790639949,39.38417,-105.0256,4
39.3840199398171,-105.025931603496,39.38417,-105.0256,1
39.384462946443,-105.025365343696,39.38417,-105.0256,2
39.3845565899359,-105.025531751248,39.38417,-105.0256,3
39.3840822021603,-105.025185539235,39.38417,-105.0256,3
39.3840801124513,-105.024460238428,39.38423,-105.0247,3
39.3846170294071,-105.024841147985,39.38423,-105.0247,1
39.3840908100039,-105.024268969951,39.38423,-105.0247,3
39.3841627384374,-105.024699860469,39.38423,-105.0247,1
39.383987942514,-105.024276667816,39.38423,-105.0247,3
39.3841517563778,-105.024934218357,39.38423,-105.0247,5
39.3843460258974,-105.024463525396,39.38423,-105.0247,1
39.3842467183444,-105.02508440738,39.38423,-105.0247,1
39.3844985285948,-105.023772592748,39.38438,-105.0238,3
39.3843984648972,-105.024133682541,39.38438,-105.0238,4
39.3841399029338,-105.023865473729,39.38438,-105.0238,1
39.3840337287918,-105.023451463402,39.38438,-105.0238,3
39.3840459058427,-105.024028276786,39.38438,-105.0238,4
39.3845314039493,-105.023865810863,39.38438,-105.0238,2
39.384052745997,-105.023796609841,39.38438,-105.0238,1
39.3850611902149,-105.023450703689,39.38486,-105.0234,2
39.3851657373349,-105.02361807759,39.38486,-105.0234,4
39.3846849755704,-105.023754534067,39.38486,-105.0234,5
39.3853954623994,-105.024134050075,39.38486,-105.0234,4
39.3852748155905,-105.02365493297,39.38486,-105.0234,3
39.3853030437321,-105.023102272416,39.3852,-105.0231,4
39.3847606945716,-105.02270594794,39.3852,-105.0231,4
39.3847676981945,-105.023225436996,39.3852,-105.0231,3
39.38470525396,-105.022368295016,39.3852,-105.0231,2
39.3849442220543,-105.023118497785,39.3852,-105.0231,1
39.3851426806835,-105.022548376792,39.3852,-105.0231,2
39.3854748248345,-105.022464498514,39.38571,-105.0227,2
39.3858555258476,-105.022689131004,39.38571,-105.0227,1
39.3856200505149,-105.022987221329,39.38571,-105.0227,1
39.3856345245353,-105.023052320479,39.38571,-105.0227,1
39.3857409707978,-105.022881845055,39.38571,-105.0227,5
39.3857500180818,-105.022527010332,39.38571,-105.0227,1
39.3856158526794,-105.023016567262,39.38571,-105.0227,3
39.3859824204176,-105.023034112991,39.38571,-105.0227,3
39.3856042995559,-105.022211489194,39.38606,-105.0223,2
39.3859354266218,-105.021900900737,39.38606,-105.0223,3
39.3859053200365,-105.021883454972,39.38606,-105.0223,3
39.386041605818,-105.021740340814,39.38606,-105.0223,4
39.3859566145737,-105.021935992379,39.38606,-105.0223,3
39.3854330508966,-105.021661323212,39.38606,-105.0223,3
39.3855975126568,-105.022242610299,39.38606,-105.0223,1
39.386616785115,-105.021715082014,39.38648,-105.0218,5
39.3865805555672,-105.021656764221,39.38648,-105.0218,5
39.3864249962491,-105.022043668161,39.38648,-105.0218,4
39.3867968776667,-105.021381965665,39.38648,-105.0218,4
39.3865571545312,-105.021116755211,39.38685,-105.0211,2
39.3863936125977,-105.020896457124,39.38685,-105.0211,5
39.3865609527835,-105.020559792742,39.38685,-105.0211,2
39.3866055349357,-105.020642337633,39.38685,-105.0211,4
39.3865756934363,-105.02061497421,39.38685,-105.0211,5
39.3866695553334,-105.021010062082,39.38685,-105.0211,1
39.3875806528199,-105.020652367118,39.38704,-105.0207,3
39.3874883592185,-105.020487794829,39.38704,-105.0207,2
39.3875991225125,-105.02088589321,39.38704,-105.0207,1
39.3874165457099,-105.021320357986,39.38704,-105.0207,3
39.3871099648905,-105.020836316599,39.38704,-105.0207,3
39.3872835949639,-105.020607258725,39.38704,-105.0207,4
39.3874783539646,-105.020758921619,39.38704,-105.0207,1
39.3870025638079,-105.019489608767,39.38737,-105.0202,4
39.3876084837556,-105.020278585657,39.38737,-105.0202,4
39.3869499249315,-105.019611363749,39.38737,-105.0202,3
39.3872893822621,-105.020208688293,39.38737,-105.0202,4
39.3874134994883,-105.019644971879,39.38737,-105.0202,4
39.3878555458851,-105.019531312002,39.38798,-105.02,4
39.3883353169105,-105.019728148161,39.38798,-105.02,5
39.388199959664,-105.02008174971,39.38798,-105.02,2
39.3877604547482,-105.01963086732,39.38798,-105.02,4
39.3883375767915,-105.02012395754,39.38798,-105.02,1
39.3881486108409,-105.0203860706,39.38798,-105.02,1
39.3889027857956,-105.019797924425,39.38864,-105.0197,5
39.3888593796384,-105.019678684536,39.38864,-105.0197,4
39.388787469923,-105.01992888234,39.38864,-105.0197,2
39.3886998434944,-105.018689442383,39.38898,-105.0194,5
39.3890287009168,-105.019084540182,39.38898,-105.0194,1
39.3888192845326,-105.018928329271,39.38898,-105.0194,4
39.3886646460217,-105.018672656406,39.38898,-105.0194,2
39.3889122548947,-105.018741600585,39.38898,-105.0194,3
39.3884751375566,-105.019217141667,39.38898,-105.0194,2
39.3890363935158,-105.019154155553,39.38898,-105.0194,1
39.3891302411949,-105.019233652377,39.38927,-105.0189,4
39.3895219958502,-105.019406167563,39.38927,-105.0189,5
39.3894774742121,-105.018604750668,39.38927,-105.0189,1
39.3897945284782,-105.018936901768,39.38927,-105.0189,3
39.3898092594087,-105.019227214301,39.38927,-105.0189,4
39.3897636376253,-105.018808036445,39.38927,-105.0189,1
39.3891078778838,-105.017646235292,39.38965,-105.0183,3
39.3898023559487,-105.017693725452,39.38965,-105.0183,5
39.3894621506646,-105.018044366379,39.38965,-105.0183,2
39.3895627537849,-105.018357753588,39.38965,-105.0183,5
39.389232440216,-105.018266893303,39.38965,-105.0183,3
39.3896615683904,-105.017896079886,39.38965,-105.0183,1
39.3892171241885,-105.017812680786,39.38965,-105.0183,1
39.3896340229214,-105.017819084698,39.38965,-105.0183,1
39.3903383024939,-105.10252379636,39.38995,-105.1017,3
39.3900148076818,-105.10262337352,39.38995,-105.1017,5
39.3901417136137,-105.102119478277,39.38995,-105.1017,1
39.390397746249,-105.102152588951,39.38995,-105.1017,1
39.3904746283727,-105.102422760642,39.38995,-105.1017,1
39.3900727289193,-105.102376333276,39.38995,-105.1017,5
39.3900093629339,-105.101696154734,39.39022,-105.1013,1
39.3898997529094,-105.100884160512,39.39022,-105.1013,2
39.3898267420526,-105.101378575375,39.39022,-105.1013,1
39.3900731053632,-105.101160171122,39.39022,-105.1013,1
39.3898338142118,-105.101012280412,39.39022,-105.1013,1
39.3898936405573,-105.101625691738,39.39022,-105.1013,2
39.3904033329839,-105.101685368692,39.39022,-105.1013,2
39.3904417236811,-105.10164481468,39.39022,-105.1013,5
39.3904442508607,-105.101578761756,39.39022,-105.1013,2
39.3900203774655,-105.100359340579,39.39023,-105.1003,4
39.3901633788764,-105.100718780345,39.39023,-105.1003,1
39.3900108314415,-105.100260048719,39.39023,-105.1003,3
39.3902235298584,-105.100124651596,39.39023,-105.1003,5
39.3898962793896,-105.100166300122,39.39023,-105.1003,2
39.390096426546,-105.098953465938,39.39025,-105.0994,1
39.3904126095309,-105.099371518302,39.39025,-105.0994,1
39.3899500642808,-105.099657323429,39.39025,-105.0994,3
39.3900257526511,-105.099812046422,39.39025,-105.0994,1
39.3898929282613,-105.099773706384,39.39025,-105.0994,1
39.3901193783034,-105.098984450068,39.39025,-105.0994,2
39.3903685840352,-105.099198272714,39.39025,-105.0994,1
39.389874580432,-105.018483059434,39.3901,-105.0179,2
39.3901563454132,-105.018471289259,39.3901,-105.0179,1
39.3905439794346,-105.018096971007,39.3901,-105.0179,4
39.3903544962528,-105.017684932715,39.3901,-105.0179,3
39.3903666363508,-105.017908284058,39.3901,-105.0179,5
39.3903279055681,-105.018513231669,39.3901,-105.0179,2
39.3899153804893,-105.018300349891,39.3901,-105.0179,2
39.3899169051432,-105.01683183608,39.39045,-105.0176,5
39.3900740918613,-105.016660520472,39.39045,-105.0176,3
39.3898137708886,-105.016742869056,39.39045,-105.0176,5
39.3903372602002,-105.016801243459,39.39045,-105.0176,2
39.3904832727811,-105.017278075869,39.39045,-105.0176,1
39.3904742365098,-105.01674332667,39.39045,-105.0176,1
39.3901409308695,-105.017244859948,39.39045,-105.0176,1
39.3903618895377,-105.017200096755,39.39045,-105.0176,3
39.3899222090496,-105.017349625437,39.39045,-105.0176,1
39.3908065199422,-105.098504235348,39.39204,-105.0951,3
39.3911264301249,-105.01691754756,39.39093,-105.0172,5
39.3910881354548,-105.017406406792,39.39093,-105.0172,4
39.3908047616363,-105.017337003871,39.39093,-105.0172,3
39.3912240070528,-105.017051588492,39.39093,-105.0172,4
39.3907851583031,-105.017331391211,39.39093,-105.0172,2
39.3913088532595,-105.016799146575,39.39178,-105.0167,3
39.3918578807042,-105.016927442222,39.39178,-105.0167,4
39.3914543892322,-105.017249321722,39.39178,-105.0167,1
39.3919909248441,-105.016999799227,39.39178,-105.0167,4
39.3919330379543,-105.015834264483,39.39176,-105.0164,3
39.3913225094625,-105.016089141496,39.39176,-105.0164,2
39.392439784349,-105.01788236048,39.39271,-105.0179,4
39.392038675947,-105.018246823475,39.39271,-105.0179,5
39.3924407260875,-105.018029037922,39.39271,-105.0179,2
39.3924053009532,-105.017910095084,39.39271,-105.0179,3
39.3924517393257,-105.016759646313,39.39244,-105.0171,2
39.392165682638,-105.017233167163,39.39244,-105.0171,3
39.3920848563703,-105.016654320211,39.39244,-105.0171,1
39.3925188739746,-105.017172691453,39.39244,-105.0171,1
39.3922816165959,-105.016889315556,39.39244,-105.0171,2
39.3926659361865,-105.01694147464,39.39244,-105.0171,4
39.3925803855672,-105.017234116685,39.39244,-105.0171,1
39.3923229899743,-105.015733439777,39.39232,-105.016,3
39.3925958658014,-105.016223397748,39.39232,-105.016,1
39.3920944123401,-105.016154494691,39.39232,-105.016,2
39.392613735645,-105.016511610435,39.39232,-105.016,5
39.3921484538797,-105.015788523264,39.39232,-105.016,3
39.3921888203184,-105.015363909856,39.39266,-105.0158,3
39.3930594266943,-105.020052570668,39.39349,-105.0196,2
39.3934010844143,-105.020184958501,39.39349,-105.0196,4
39.3932373827712,-105.019887133385,39.39349,-105.0196,4
39.3932551176036,-105.019617178758,39.39349,-105.0196,3
39.393305090459,-105.020151263809,39.39349,-105.0196,2
39.3929362546767,-105.019629419192,39.39349,-105.0196,1
39.3933362054286,-105.019065858525,39.39316,-105.019,5
39.3928179820261,-105.018662433282,39.39316,-105.019,1
39.3929514608659,-105.018672304231,39.39316,-105.019,2
39.3931171236812,-105.018967938815,39.39316,-105.019,4
39.3927603189902,-105.01857983698,39.39316,-105.019,3
39.3931354685154,-105.017995072596,39.39282,-105.0182,3
39.393135429927,-105.017860936179,39.39282,-105.0182,4
39.3928383857692,-105.017702869284,39.39282,-105.0182,4
39.3930529673411,-105.01790409453,39.39282,-105.0182,1
39.3927885393384,-105.017726956689,39.39282,-105.0182,1
39.393425730778,-105.018471543155,39.39282,-105.0182,4
39.3929106491134,-105.017603636061,39.39282,-105.0182,1
39.3931778831279,-105.015200308984,39.39306,-105.0152,5
39.3928552587691,-105.015181346156,39.39306,-105.0152,3
39.393031249957,-105.015018083551,39.39306,-105.0152,1
39.3932243526403,-105.015108354883,39.39306,-105.0152,2
39.3927816635668,-105.015304736117,39.39306,-105.0152,3
39.3928346369146,-105.014307676754,39.3933,-105.0143,4
39.393321161792,-105.014218527689,39.3933,-105.0143,4
39.3928901191705,-105.013855353,39.3933,-105.0143,1
39.3936254414883,-105.019779130951,39.39375,-105.0201,3
39.3938573558733,-105.01304918107,39.39342,-105.0133,4
39.3939257584549,-105.013752037096,39.39342,-105.0133,1
39.3937639225553,-105.013055511047,39.39342,-105.0133,2
39.3935560061245,-105.013542200088,39.39342,-105.0133,3
39.393761613068,-105.013777947191,39.39342,-105.0133,3
39.393585688761,-105.012861401477,39.39342,-105.0133,5
39.3937529982104,-105.010726545702,39.394,-105.0107,2
39.3937454471554,-105.010785447334,39.394,-105.0107,1
39.3943200478972,-105.020738286498,39.3946,-105.0208,2
39.3948189206071,-105.020751058791,39.3946,-105.0208,3
39.3949317267878,-105.020688997446,39.3946,-105.0208,2
39.3948426516282,-104.990490114971,39.39509,-104.9905,2
39.3949453130267,-104.990256410479,39.39509,-104.9905,5
39.3948818128252,-104.99105439666,39.39509,-104.9905,3
39.3943549167061,-104.990718442552,39.39509,-104.9905,5
39.3946070835734,-104.99108881248,39.39509,-104.9905,2
39.3949114122619,-104.990726769516,39.39509,-104.9905,2
39.3950998126114,-105.021497373904,39.39548,-105.0212,1
39.3950263667871,-105.022200928263,39.39548,-105.0212,2
39.3952171862137,-105.022189324431,39.39548,-105.0212,2
39.3955206072435,-105.021933953125,39.39548,-105.0212,5
39.3952458369708,-105.022245151394,39.39548,-105.0212,2
39.3950904279776,-105.021413014737,39.39548,-105.0212,5
39.3952073823481,-105.020781424087,39.39525,-105.0211,3
39.3950470244659,-105.0210122949,39.39525,-105.0211,3
39.3955774273484,-105.020940255021,39.39525,-105.0211,4
39.3955658469092,-105.02111113354,39.39525,-105.0211,2
39.3954941189889,-105.021243654947,39.39525,-105.0211,3
39.3955171346995,-105.008681134018,39.39556,-105.009,4
39.3953874846266,-105.00871771933,39.39556,-105.009,1
39.3951485605705,-104.990542812784,39.39511,-104.9905,4
39.394950210007,-104.990313479885,39.39511,-104.9905,1
39.3955521875774,-104.990878836323,39.39511,-104.9905,1
39.3956406480847,-104.991058042859,39.39511,-104.9905,4
39.3954754119827,-104.990922172437,39.39511,-104.9905,3
39.3953781206088,-104.990446362322,39.39511,-104.9905,4
39.395634649624,-104.990544471715,39.39511,-104.9905,2
39.3956826296295,-104.989908402581,39.39538,-104.9897,4
39.3954612036664,-104.989570088072,39.39538,-104.9897,3
39.3954310896855,-104.990150789271,39.39538,-104.9897,2
39.3953712881348,-104.98956074298,39.39538,-104.9897,5
39.3963376077247,-105.022252640913,39.39608,-105.0214,3
39.3962541086293,-105.0215330513,39.39608,-105.0214,4
39.3961321739881,-105.021496354753,39.39608,-105.0214,2
39.3957045434618,-105.02150272245,39.39608,-105.0214,4
39.3957406092207,-105.022293413354,39.39608,-105.0214,4
39.3957202825905,-105.02074024033,39.39602,-105.0214,5
39.3961810649207,-105.020750658277,39.39602,-105.0214,3
39.3958846600991,-105.020571084362,39.39602,-105.0214,1
39.396346386615,-105.020682286111,39.39602,-105.0214,4
39.395874451096,-105.020519931219,39.39602,-105.0214,1
39.3959519414122,-105.021197421315,39.39602,-105.0214,1
39.3960851244744,-105.008795549914,39.39604,-105.0086,4
39.3957356856703,-105.008630763103,39.39604,-105.0086,1
39.3960439445322,-104.989406198468,39.39605,-104.9893,4
39.3958618961333,-104.989387781465,39.39605,-104.9893,4
39.3962845585406,-104.989290183596,39.39605,-104.9893,4
39.3963824311142,-104.989980439888,39.39605,-104.9893,1
39.3960079389378,-104.989271133698,39.39605,-104.9893,5
39.3962599324075,-104.988453542351,39.39606,-104.9893,4
39.3963565424711,-104.989052183441,39.39606,-104.9893,5
39.3961231205122,-104.988376518056,39.39606,-104.9893,4
39.3960405080025,-104.988801936309,39.39606,-104.9893,4
39.3962667110373,-104.988864613944,39.39606,-104.9893,1
39.3970430059314,-105.022085271243,39.3968,-105.0214,4
39.3964341831042,-105.022134755242,39.3968,-105.0214,2
39.3970060693022,-105.022282369136,39.3968,-105.0214,1
39.3969337466543,-105.022231983958,39.3968,-105.0214,5
39.3965915278862,-105.02202051756,39.3968,-105.0214,1
39.397053930652,-105.021438043476,39.3968,-105.0214,3
39.3968484006609,-105.022038802544,39.3968,-105.0214,1
39.3967257200456,-105.021550835253,39.3968,-105.0214,1
39.3964183544517,-105.021026079303,39.39675,-105.0214,2
39.3967438892492,-105.020945018041,39.39675,-105.0214,5
39.3968303918599,-105.021243776273,39.39675,-105.0214,3
39.397127124937,-105.021228603577,39.39675,-105.0214,5
39.3971077400538,-105.020561216372,39.39675,-105.0214,2
39.3967267738092,-105.020633197223,39.39675,-105.0214,1
39.396986629352,-105.008264320705,39.39659,-105.0082,3
39.3966839835712,-105.008360157705,39.39659,-105.0082,4
39.396787718153,-105.007656816347,39.39692,-105.0079,5
39.3967452394783,-105.007941509091,39.39692,-105.0079,1
39.3969407620347,-105.007543113195,39.39692,-105.0079,2
39.3971354438213,-105.007899936301,39.39692,-105.0079,1
39.3965932280033,-105.007969897877,39.39692,-105.0079,3
39.3967011714002,-104.989838332807,39.39681,-104.9893,1
39.3964855821494,-104.989230610586,39.39681,-104.9893,3
39.3965114548436,-104.98934043174,39.39681,-104.9893,1
39.3968333045943,-104.989288482455,39.39681,-104.9893,3
39.3964833757761,-104.989693789364,39.39681,-104.9893,3
39.3964286901105,-104.990012132272,39.39681,-104.9893,4
39.3970919487214,-104.990072548796,39.39681,-104.9893,3
39.3967410908402,-104.990001050097,39.39681,-104.9893,1
39.3968654632497,-104.988970801545,39.39674,-104.9893,5
39.3968637918976,-104.988301168998,39.39674,-104.9893,5
39.3967330343229,-104.989039070951,39.39674,-104.9893,5
39.3969089130661,-104.98884361489,39.39674,-104.9893,1
39.3965406910035,-104.989026648592,39.39674,-104.9893,1
39.3974446464349,-105.021764537855,39.39754,-105.0215,4
39.3971979034769,-105.021707996597,39.39754,-105.0215,2
39.3971851526982,-105.021814617994,39.39754,-105.0215,4
39.3972582296349,-105.022103139566,39.39754,-105.0215,5
39.3972587204774,-105.021533851271,39.39754,-105.0215,5
39.3974450607326,-105.007427197365,39.3974,-105.0075,1
39.3972110399524,-105.00809822997,39.3974,-105.0075,1
39.3971630785785,-105.007393744263,39.3974,-105.0075,2
39.3976503556209,-105.007669523232,39.3974,-105.0075,4
39.3975390084296,-105.007467554742,39.3974,-105.0075,4
39.3973665583584,-105.007279416361,39.3974,-105.0075,1
39.3978612510725,-105.006733733825,39.39777,-105.0069,5
39.3977828694719,-105.006840677423,39.39777,-105.0069,3
39.3973722284843,-105.006665896628,39.39777,-105.0069,4
39.3973871719604,-104.998637571229,39.39771,-104.998,5
39.3978327410126,-104.99861118615,39.39771,-104.998,3
39.397537563304,-104.998134341557,39.39771,-104.998,3
39.3978190143883,-104.997772965138,39.39771,-104.998,1
39.3977883932365,-104.998115932518,39.39771,-104.998,3
39.3975639325028,-104.998641922674,39.39771,-104.998,1
39.3978541979776,-104.997801213675,39.39771,-104.998,1
39.3978600061935,-104.990025887518,39.39751,-104.9893,2
39.397212426207,-104.989326811154,39.39751,-104.9893,5
39.3977911911098,-104.989837352308,39.39751,-104.9893,1
39.3975550458391,-104.989392053036,39.39751,-104.9893,5
39.3973801903576,-104.990112621739,39.39751,-104.9893,2
39.3971681825688,-104.989329151708,39.39751,-104.9893,2
39.3974257833031,-104.989547221232,39.39751,-104.9893,3
39.3978599500066,-104.989717062955,39.39751,-104.9893,3
39.397392847326,-104.989118961371,39.39746,-104.9885,4
39.3976098955375,-104.988930632327,39.39746,-104.9885,2
39.3975154375924,-104.988888327995,39.39746,-104.9885,3
39.3973895520501,-104.988652340283,39.39746,-104.9885,4
39.3973224824408,-104.989112882629,39.39746,-104.9885,5
39.3972235390817,-104.988196169595,39.39766,-104.9884,4
39.3977519647777,-104.988234735497,39.39766,-104.9884,1
39.3976532954531,-104.98758955716,39.39766,-104.9884,2
39.3973790164766,-104.98742147362,39.39766,-104.9884,1
39.3975394636139,-104.987327695533,39.39766,-104.9884,1
39.3972968402058,-104.988091832529,39.39766,-104.9884,1
39.3977676888138,-104.987479308335,39.39766,-104.9884,3
39.3977280319503,-104.987650190986,39.39766,-104.9884,1
39.3985741532413,-105.022100714504,39.39827,-105.0216,1
39.3979527571002,-105.022239466793,39.39827,-105.0216,4
39.3980932263784,-105.022303816213,39.39827,-105.0216,3
39.3981551140208,-105.02213056248,39.39827,-105.0216,3
39.3980628410391,-105.021446072452,39.39827,-105.0216,5
39.3982062642568,-105.022118049843,39.39827,-105.0216,2
39.3985084787133,-105.021658400653,39.39827,-105.0216,1
39.3982542288826,-105.00715248036,39.39803,-105.0065,2
39.3979874437801,-105.007123254048,39.39803,-105.0065,4
39.3981789640265,-105.00632525478,39.39803,-105.0065,4
39.3981494960352,-105.006293556988,39.39803,-105.0065,4
39.3983976058923,-105.006055638216,39.39837,-105.0059,3
39.398477889669,-105.005401802598,39.39837,-105.0059,1
39.3983525181743,-105.005406442058,39.39837,-105.0059,3
39.398532846155,-105.005678407493,39.39837,-105.0059,3
39.3984711195221,-105.006212960589,39.39837,-105.0059,1
39.3984433179463,-104.9977865315,39.39822,-104.9979,1
39.3985950104674,-104.998649136677,39.39822,-104.9979,2
39.39859265411,-104.997983646424,39.39822,-104.9979,5
39.3979986427462,-104.997846267891,39.39822,-104.9979,4
39.3979115291625,-104.99859023803,39.39822,-104.9979,3
39.3979993239099,-104.998030236982,39.39822,-104.9979,3
39.398428351272,-104.990143556729,39.39828,-104.9894,4
39.3979163978809,-104.989391991007,39.39828,-104.9894,4
39.3986000960003,-104.989778677689,39.39828,-104.9894,1
39.39850640286,-104.990137096775,39.39828,-104.9894,5
39.3984009122468,-104.990152483005,39.39828,-104.9894,3
39.3985241755639,-104.989304612131,39.39828,-104.9894,2
39.3982039785508,-104.988854372227,39.39814,-104.9883,5
39.3981021895098,-104.988739919499,39.39814,-104.9883,4
39.3984916234562,-104.988999429086,39.39814,-104.9883,3
39.3984152851445,-104.988525727709,39.39814,-104.9883,3
39.3985891826284,-104.98841805353,39.39814,-104.9883,3
39.3983315049532,-104.987574955983,39.39834,-104.9882,3
39.3979928309217,-104.987644537332,39.39834,-104.9882,2
39.3981478507401,-104.987425290965,39.39834,-104.9882,2
39.3985776860114,-104.988223249734,39.39834,-104.9882,4
39.3985871830486,-104.987436957514,39.39834,-104.9882,2
39.3980691930066,-104.988109424198,39.39834,-104.9882,1
39.3993121609188,-105.021863170863,39.39899,-105.0218,2
39.3991960414012,-105.021439610912,39.39899,-105.0218,1
39.3986779107688,-105.02144990023,39.39899,-105.0218,5
39.3990279569369,-105.022011446281,39.39899,-105.0218,4
39.3990486286146,-105.02230017765,39.39899,-105.0218,2
39.3991283010236,-105.021734017852,39.39899,-105.0218,1
39.3990983729448,-105.021408547336,39.39899,-105.0218,1
39.3991658522769,-105.005996668572,39.39886,-105.0055,1
39.3989040327586,-105.006218154004,39.39886,-105.0055,2
39.3989259936003,-105.005711844754,39.39886,-105.0055,1
39.3991032965532,-105.005983780457,39.39886,-105.0055,4
39.3992165552088,-105.005233959792,39.39917,-105.0053,3
39.3987863597619,-105.004356201498,39.39917,-105.0053,3
39.3991823577526,-105.005221235614,39.39917,-105.0053,4
39.3986655255005,-105.000803157822,39.39937,-105.0008,5
39.399204180062,-105.000968253136,39.39937,-105.0008,5
39.3988794361874,-105.001477563866,39.39937,-105.0008,5
39.3993471613368,-104.999864841972,39.3992,-105.0003,2
39.3990983732984,-105.000247274614,39.3992,-105.0003,2
39.3989072934477,-105.000479514929,39.3992,-105.0003,2
39.3990020670616,-105.00008426495,39.3992,-105.0003,3
39.3990658687108,-105.000323256874,39.3992,-105.0003,1
39.3992096841408,-104.999797812793,39.3992,-105.0003,5
39.3991860215254,-104.999658824582,39.3992,-105.0003,2
39.398920778382,-104.99849773618,39.39889,-104.9977,4
39.3987177758162,-104.998343845897,39.39889,-104.9977,3
39.3987475506339,-104.998491713685,39.39889,-104.9977,5
39.3988808975078,-104.998461744305,39.39889,-104.9977,4
39.3988556495118,-104.99688325264,39.39913,-104.9976,1
39.3993478431211,-104.997650156887,39.39913,-104.9976,1
39.3989254930486,-104.996876517485,39.39913,-104.9976,1
39.3989679134489,-104.997079574866,39.39913,-104.9976,3
39.3988359149006,-104.997438670008,39.39913,-104.9976,5
39.3989515560849,-104.997258748574,39.39913,-104.9976,1
39.3988563359893,-104.989409552351,39.39902,-104.9896,4
39.3993341346746,-104.989489457081,39.39902,-104.9896,5
39.3989045771674,-104.989730054644,39.39902,-104.9896,1
39.399208103787,-104.989589975747,39.39902,-104.9896,3
39.3989361031591,-104.990010821608,39.39902,-104.9896,4
39.3992047543589,-104.987778254681,39.39901,-104.9879,4
39.3989510841417,-104.987575090067,39.39901,-104.9879,1
39.3990805638019,-104.98740027236,39.39901,-104.9879,2
39.3998675384981,-105.023065227348,39.39995,-105.0224,4
39.3993851643087,-105.023155816506,39.39995,-105.0224,4
39.3998886569397,-105.02265179254,39.39995,-105.0224,3
39.3995170236258,-105.022868516888,39.39995,-105.0224,1
39.3995071335175,-105.021826076664,39.39962,-105.0221,2
39.3994752554962,-105.022194366494,39.39962,-105.0221,4
39.3998951402299,-105.005111107232,39.39974,-105.0049,2
39.400051158992,-105.004359072945,39.39974,-105.0049,3
39.4000507975252,-105.005024762075,39.39974,-105.0049,5
39.3998598001448,-105.004553006064,39.39974,-105.0049,3
39.399513418008,-105.001499888045,39.39972,-105.0011,4
39.3997198529078,-105.000694262989,39.39972,-105.0011,2
39.3996036361845,-105.00125168824,39.39972,-105.0011,1
39.400054872959,-105.001183670636,39.39972,-105.0011,3
39.3998966245659,-105.001441263878,39.39972,-105.0011,4
39.3995738830783,-104.99693619872,39.39967,-104.9972,2
39.3997633559433,-104.997087524626,39.39967,-104.9972,3
39.3997041648342,-104.997651006205,39.39967,-104.9972,3
39.3997042468389,-104.995992430048,39.40002,-104.9968,4
39.3996634769037,-104.99653953206,39.40002,-104.9968,2
39.3995488880013,-104.996629854618,39.40002,-104.9968,3
39.3997242827625,-104.990414498364,39.3998,-104.9905,5
39.399547235578,-104.990163995764,39.3998,-104.9905,1
39.3994295002853,-104.990471076524,39.3998,-104.9905,1
39.3997846813262,-104.991015894884,39.3998,-104.9905,1
39.3994393768713,-104.990612993926,39.3998,-104.9905,5
39.3998664971811,-104.989680658255,39.39943,-104.9899,5
39.3997018045353,-104.990045953381,39.39943,-104.9899,4
39.3997624440031,-104.963990032249,39.39981,-104.9647,1
39.3996250781114,-104.964255524192,39.39981,-104.9647,1
39.3999671917014,-104.964387941424,39.39981,-104.9647,2
39.3994008152676,-104.964447699479,39.39981,-104.9647,3
39.3993893670952,-104.964616493213,39.39981,-104.9647,4
39.4003222485926,-105.023402177631,39.40077,-105.0233,4
39.4003817586806,-105.023914431286,39.40077,-105.0233,1
39.4007962215792,-105.023363289478,39.40077,-105.0233,1
39.4006949184877,-105.022956405265,39.40041,-105.0229,2
39.4006321924807,-105.022597318275,39.40041,-105.0229,1
39.4001117550277,-105.022576619156,39.40041,-105.0229,4
39.4001500436121,-105.004764637671,39.40017,-105.0044,4
39.4007759994521,-105.005233917283,39.40017,-105.0044,5
39.4007364430241,-105.004717957706,39.40017,-105.0044,5
39.4002766020479,-105.004892402227,39.40017,-105.0044,2
39.400710776947,-105.003500637607,39.40052,-105.004,5
39.4002096971546,-105.003594531761,39.40052,-105.004,3
39.4002842662553,-105.003766244978,39.40052,-105.004,3
39.4002391556901,-105.004100436302,39.40052,-105.004,1
39.4007981284995,-105.003740234102,39.40052,-105.004,2
39.4004930452847,-105.00411258887,39.40052,-105.004,4
39.4006652734716,-105.001011397906,39.40045,-105.001,4
39.4006013274949,-105.001143822259,39.40045,-105.001,3
39.4004306349609,-105.001015967131,39.40045,-105.001,1
39.4004369941482,-105.000834974236,39.40045,-105.001,1
39.4002220497502,-105.00094782933,39.40045,-105.001,2
39.4004316348828,-105.001261659959,39.40045,-105.001,1
39.4007131095473,-105.000584935274,39.40045,-105.001,2
39.4002655339037,-105.00068403766,39.40045,-105.001,4
39.4003207827713,-105.000919336242,39.40045,-105.001,2
39.4002384978469,-104.996731173183,39.40045,-104.9963,3
39.4001862574591,-104.995908233255,39.40045,-104.9963,4
39.4002567957286,-104.996059201951,39.40045,-104.9963,2
39.4007114253169,-104.996364909885,39.40045,-104.9963,3
39.4002528776128,-104.996209667886,39.40045,-104.9963,1
39.4001311897322,-104.996430715229,39.40045,-104.9963,2
39.4006727971806,-104.991017115709,39.40043,-104.9905,3
39.400621306126,-104.990586540485,39.40043,-104.9905,1
39.4006009973805,-104.988187593874,39.40036,-104.9874,1
39.4002702133411,-104.987656329088,39.40036,-104.9874,4
39.4005699767458,-104.987413811187,39.40036,-104.9874,1
39.4001954758679,-104.987186324312,39.40056,-104.9873,4
39.4005992447283,-104.987248969235,39.40056,-104.9873,3
39.4012406189528,-105.003825143535,39.40091,-105.0035,4
39.4010825314676,-105.003665965549,39.40091,-105.0035,4
39.4011181964874,-105.003637281614,39.40091,-105.0035,1
39.4014331082019,-105.002634326517,39.40127,-105.003,5
39.4009869915117,-105.0032519494,39.40127,-105.003,4
39.4008710215227,-105.00266283543,39.40127,-105.003,1
39.4010211668811,-105.00102980725,39.40119,-105.001,4
39.4014496886976,-105.000670823105,39.40119,-105.001,3
39.4013207238717,-105.000966320552,39.40119,-105.001,2
39.4011564002045,-105.001296235146,39.40119,-105.001,4
39.4010335654941,-105.001434472835,39.40119,-105.001,3
39.4010035696925,-104.996986368146,39.4014,-104.9971,2
39.400828619282,-104.996804087487,39.4014,-104.9971,4
39.4008465118333,-104.997072995507,39.4014,-104.9971,5
39.4014436633541,-104.996281205354,39.40105,-104.9965,3
39.4012113105052,-104.996710431005,39.40105,-104.9965,2
39.4011106799763,-104.996140084567,39.40105,-104.9965,5
39.4013226209718,-104.99585214984,39.40105,-104.9965,1
39.4010209712061,-104.996016156476,39.40105,-104.9965,3
39.4014497075768,-104.996126825384,39.40105,-104.9965,1
39.4008671592693,-104.99603513216,39.40105,-104.9965,3
39.4012625223261,-104.995741123682,39.40128,-104.9956,1
39.4010152257116,-104.995159522612,39.40128,-104.9956,3
39.4013715324687,-104.995708778771,39.40128,-104.9956,4
39.4009047485799,-104.995313005022,39.40128,-104.9956,1
39.4014014728319,-104.995415720907,39.40128,-104.9956,3
39.4009346584876,-104.995769522372,39.40128,-104.9956,1
39.4011033235926,-104.995480435145,39.40128,-104.9956,2
39.4012717514211,-104.995319158263,39.40128,-104.9956,3
39.4013620822947,-104.994920971775,39.40128,-104.9956,2
39.4014814229765,-104.990958826818,39.40121,-104.9904,1
39.4011086526707,-104.990184955331,39.40121,-104.9904,5
39.4010282661717,-104.990344110774,39.40121,-104.9904,5
39.4015499858151,-104.990192940143,39.40121,-104.9904,1
39.4015254374102,-104.986441161397,39.40123,-104.9871,5
39.4014412860635,-104.987197921587,39.40123,-104.9871,1
39.4010068957626,-104.986438262994,39.40123,-104.9871,1
39.401000815654,-104.987171219465,39.40123,-104.9871,2
39.4013464560138,-104.987258788332,39.40123,-104.9871,5
39.4016463995868,-105.003376962394,39.40167,-105.0026,5
39.4019077551809,-105.002851905094,39.40167,-105.0026,5
39.4021471309303,-105.002027457788,39.40203,-105.0021,2
39.4020936885194,-105.00217432186,39.40203,-105.0021,2
39.4017474115389,-105.001555930589,39.40203,-105.0021,3
39.4018797144219,-105.002308676643,39.40203,-105.0021,3
39.4022162091591,-105.001654528434,39.40203,-105.0021,3
39.401696140289,-105.000664713963,39.40196,-105.0013,1
39.4021533526125,-105.000828918842,39.40196,-105.0013,1
39.401617655639,-105.001473768929,39.40196,-105.0013,3
39.4016000421813,-105.001334123279,39.40196,-105.0013,4
39.4021255689572,-105.000955556869,39.40196,-105.0013,4
39.4018354305198,-105.001358152661,39.40196,-105.0013,3
39.4016720488105,-104.997940291091,39.402,-104.9981,3
39.4016660478713,-104.998216539055,39.402,-104.9981,3
39.4016352449368,-104.997880636608,39.402,-104.9981,5
39.4022809881837,-104.997739250468,39.402,-104.9981,3
39.4021118620326,-104.99694040274,39.40165,-104.9975,1
39.4019303132863,-104.997145987573,39.40165,-104.9975,5
39.4020293885027,-104.996849283166,39.40165,-104.9975,2
39.4015670039186,-104.997264789546,39.40165,-104.9975,3
39.401677088745,-104.995688362143,39.40143,-104.9955,4
39.4021169931917,-104.995732083491,39.40143,-104.9955,4
39.4017537366011,-104.994951402513,39.40143,-104.9955,4
39.4019013345281,-104.994930975186,39.40143,-104.9955,2
39.4017364944206,-104.995570271638,39.40143,-104.9955,4
39.4019196795051,-104.995706816198,39.40143,-104.9955,2
39.401723549431,-104.990335467147,39.40195,-104.9905,5
39.4018227383944,-104.990284145606,39.40195,-104.9905,4
39.4021562700932,-104.990881879877,39.40195,-104.9905,2
39.402025482971,-104.99094473252,39.40195,-104.9905,1
39.4015806062198,-104.986518586368,39.40191,-104.9868,3
39.4016384745567,-104.986957097237,39.40191,-104.9868,5
39.4019953874912,-104.986821600516,39.40191,-104.9868,1
39.4021507841051,-104.986413809489,39.40191,-104.9868,5
39.4019072882988,-104.986039799984,39.40229,-104.9858,5
39.4018316767185,-104.986032886665,39.40229,-104.9858,2
39.4020290957316,-104.985972258176,39.40229,-104.9858,5
39.4021455424604,-104.985706661492,39.40229,-104.9858,5
39.4022281162581,-104.986346290502,39.40229,-104.9858,5
39.4016022552041,-104.985136881969,39.4021,-104.9849,3
39.4015688336947,-104.98525131876,39.4021,-104.9849,3
39.401727839967,-104.984836954254,39.4021,-104.9849,2
39.4015640487343,-104.984610972361,39.4021,-104.9849,5
39.4018425269428,-104.984510230501,39.4021,-104.9849,2
39.4018419914491,-104.984653262669,39.4021,-104.9849,1
39.4019746525217,-104.984634281048,39.4021,-104.9849,3
39.4015766625499,-104.984234353862,39.40225,-104.9842,2
39.4018299472866,-104.984280851921,39.40225,-104.9842,5
39.402152358858,-104.984367401908,39.40225,-104.9842,3
39.4021685079303,-104.984372251787,39.40225,-104.9842,5
39.401750017705,-104.983895739039,39.40225,-104.9842,2
39.4020132358144,-104.983909232216,39.40225,-104.9842,5
39.402967665359,-105.001107829944,39.40264,-105.0012,4
39.4026513083806,-104.999384959182,39.40276,-104.9988,5
39.4026202036504,-104.999271335807,39.40276,-104.9988,4
39.4029372086269,-104.999375823585,39.40276,-104.9988,5
39.402426255004,-104.99922497602,39.40276,-104.9988,2
39.4024330208074,-104.998486803582,39.40264,-104.9981,2
39.4029135182593,-104.998409423749,39.40264,-104.9981,1
39.4029472774488,-104.997904522171,39.40264,-104.9981,3
39.4023763393086,-104.997905766371,39.40264,-104.9981,4
39.4025765896078,-104.998646351868,39.40264,-104.9981,1
39.4028655871827,-104.998006325129,39.40264,-104.9981,3
39.402404278913,-104.99719612031,39.40263,-104.9972,1
39.4023986067116,-104.997094108849,39.40263,-104.9972,3
39.4025144694478,-104.997635275014,39.40263,-104.9972,3
39.4027119917943,-104.996874220085,39.40263,-104.9972,1
39.4027685982824,-104.990373349454,39.40266,-104.9907,5
39.4026663820953,-104.991061342439,39.40266,-104.9907,3
39.4027537195695,-104.990639525076,39.40266,-104.9907,4
39.402450749616,-104.990516651845,39.40266,-104.9907,3
39.4026320491034,-104.987204787174,39.40244,-104.9866,4
39.4028380817113,-104.98640342778,39.40244,-104.9866,5
39.4027955614269,-104.986880448606,39.40244,-104.9866,5
39.4028527007085,-104.986532349315,39.40244,-104.9866,5
39.4027443952446,-104.986661377314,39.40244,-104.9866,1
39.4027972268821,-104.986091062899,39.40234,-104.986,3
39.4025188285015,-104.985529706396,39.40234,-104.986,1
39.4024183677885,-104.986194522777,39.40234,-104.986,5
39.4025564522476,-104.98604442905,39.40234,-104.986,5
39.4024214957156,-104.986044173062,39.40234,-104.986,2
39.4028193625824,-104.984284490691,39.40238,-104.9838,2
39.4029989630451,-104.984263478064,39.40238,-104.9838,3
39.4029676404727,-104.983689856385,39.40238,-104.9838,5
39.4026488977632,-104.9837009941,39.40238,-104.9838,1
39.4029283768569,-104.983728192033,39.40238,-104.9838,5
39.4023410926497,-104.98367366304,39.40238,-104.9838,4
39.402986702926,-104.982663827962,39.40276,-104.9833,1
39.4027499515478,-104.983485052047,39.40276,-104.9833,4
39.4028284578709,-104.982829287419,39.40276,-104.9833,3
39.4023611756774,-104.982806345702,39.40276,-104.9833,3
39.4027022769735,-104.982951023629,39.40276,-104.9833,4
39.4023875550204,-104.983378825568,39.40276,-104.9833,2
39.4030538269249,-104.998740472834,39.40339,-104.9992,5
39.4036586613926,-104.999265279919,39.40339,-104.9992,3
39.4034014822567,-104.999238816086,39.40339,-104.9992,4
39.4032585308726,-104.999318052994,39.40339,-104.9992,1
39.4032672138405,-104.999356803253,39.40339,-104.9992,2
39.4035729919522,-104.998933839178,39.40339,-104.9992,2
39.4036197606834,-104.998887181101,39.40339,-104.9992,1
39.4035607762645,-104.99848238083,39.40308,-104.9978,2
39.4032111116974,-104.998377898008,39.40308,-104.9978,2
39.4035047443638,-104.998361015734,39.40308,-104.9978,1
39.4032248078873,-104.998669026355,39.40308,-104.9978,3
39.4030336683277,-104.998316146886,39.40308,-104.9978,3
39.4030743924369,-104.998271133935,39.40308,-104.9978,5
39.4036174984884,-104.997918033464,39.40308,-104.9978,2
39.4033868707743,-104.99733136603,39.40334,-104.9972,4
39.4036801830058,-104.996999051614,39.40334,-104.9972,3
39.4033121486253,-104.996953567948,39.40334,-104.9972,1
39.4034993039371,-104.997419596246,39.40334,-104.9972,4
39.4035050597735,-104.997433519531,39.40334,-104.9972,1
39.4034821047562,-104.99728869116,39.40334,-104.9972,1
39.4036511911562,-104.996710616923,39.40357,-104.9964,2
39.4030544099513,-104.996481876752,39.40357,-104.9964,2
39.4032542096078,-104.995927694825,39.40357,-104.9964,4
39.4035192845512,-104.996495540744,39.40357,-104.9964,2
39.4030229208661,-104.995856189395,39.40357,-104.9964,1
39.4035472572665,-104.996277133244,39.40357,-104.9964,4
39.403534027783,-104.995759940083,39.4038,-104.9957,5
39.4033217380613,-104.994916308942,39.4038,-104.9957,5
39.4037028839448,-104.995412492948,39.4038,-104.9957,3
39.4032767921105,-104.995513805351,39.4038,-104.9957,3
39.4034285640767,-104.990448651293,39.40339,-104.9906,5
39.4033012756172,-104.991022299179,39.40339,-104.9906,4
39.4033696853913,-104.990639398131,39.40339,-104.9906,3
39.4032070352077,-104.990550842414,39.40339,-104.9906,3
39.4034524571672,-104.983421916823,39.40339,-104.9828,1
39.4034327007805,-104.982870282058,39.40339,-104.9828,2
39.403632894781,-104.983381345613,39.40339,-104.9828,3
39.4030397414976,-104.983384249905,39.40339,-104.9828,3
39.4034975168652,-104.983215662168,39.40339,-104.9828,3
39.4031238561278,-104.983380832518,39.40339,-104.9828,1
39.4037273836518,-104.983043582012,39.40339,-104.9828,3
39.403155597305,-104.983466036378,39.40339,-104.9828,2
39.4036921654274,-104.982195143125,39.40343,-104.9821,4
39.4031857137172,-104.982452113507,39.40343,-104.9821,3
39.4032489825741,-104.982138728286,39.40343,-104.9821,5
39.4034011082446,-104.981550816909,39.40353,-104.9812,2
39.4032457955504,-104.980878782303,39.40353,-104.9812,3
39.4030324754224,-104.981165423351,39.40353,-104.9812,4
39.4037483286633,-104.980691214644,39.40368,-104.9804,2
39.4036477279724,-104.98010553289,39.40368,-104.9804,2
39.4042914826538,-105.01054736471,39.4043,-105.0101,2
39.4039698953001,-105.010819100564,39.4043,-105.0101,1
39.4042583527959,-105.010574406585,39.4043,-105.0101,1
39.4038631285927,-105.010877563351,39.4043,-105.0101,5
39.4040492267675,-105.010963161538,39.4043,-105.0101,1
39.4040876252315,-105.009631159622,39.40411,-105.01,5
39.4043556141225,-105.00914314629,39.40411,-105.01,2
39.4043827408055,-105.009225131959,39.40411,-105.01,2
39.4041238573948,-105.009420188621,39.40411,-105.01,2
39.4042640067178,-105.009322393352,39.40411,-105.01,4
39.4038499239132,-104.999731668607,39.40384,-104.9998,1
39.4043842418329,-105.000538603966,39.40384,-104.9998,2
39.4043657678006,-104.998966842571,39.40416,-104.9992,1
39.4038719966824,-104.998937366587,39.40416,-104.9992,2
39.4042062882346,-104.999138379667,39.40416,-104.9992,1
39.4037671456499,-104.999377241457,39.40416,-104.9992,5
39.4043000802776,-104.998875864026,39.40416,-104.9992,3
39.4040814831224,-104.998979496497,39.40416,-104.9992,2
39.4038509815456,-104.998727123991,39.40416,-104.9992,2
39.4040608099629,-104.996562415883,39.40368,-104.9961,2
39.4039288002261,-104.996211739993,39.40368,-104.9961,5
39.4039126078295,-104.995908739063,39.40368,-104.9961,3
39.404472267539,-104.996760913979,39.40368,-104.9961,2
39.4037847659588,-104.995698850465,39.40405,-104.9955,3
39.4044783897214,-104.995605035345,39.40405,-104.9955,5
39.4042655349736,-104.995716514116,39.40405,-104.9955,5
39.4044061400047,-104.995710578348,39.40405,-104.9955,1
39.4042516497186,-104.995373915661,39.40405,-104.9955,2
39.4037720811191,-104.995460434159,39.40405,-104.9955,2
39.4040387638174,-104.990269786223,39.40412,-104.9905,2
39.4037996987153,-104.990428074938,39.40412,-104.9905,4
39.404379341455,-104.990868624718,39.40412,-104.9905,1
39.4040834127227,-104.990333964648,39.40412,-104.9905,1
39.4040341179329,-104.983469475087,39.40413,-104.9828,5
39.4042848371933,-104.983498404184,39.40413,-104.9828,3
39.4038962305577,-104.983193204874,39.40413,-104.9828,1
39.4044126044543,-104.983249565707,39.40413,-104.9828,2
39.4042510762603,-104.979983386257,39.40387,-104.98,5
39.4044369839247,-104.980377650329,39.40387,-104.98,2
39.4043719875995,-104.979827862373,39.40387,-104.98,1
39.4043523685485,-104.978908716332,39.40424,-104.9795,5
39.4041842898483,-104.97881925328,39.40424,-104.9795,1
39.4039858083555,-104.979428673716,39.40424,-104.9795,1
39.404943361649,-105.010896674758,39.40483,-105.0105,2
39.4049298207184,-105.010440957998,39.40483,-105.0105,2
39.4045630267226,-105.010193587504,39.40483,-105.0105,2
39.4049789628756,-105.010363782816,39.40483,-105.0105,4
39.4048637960225,-104.999005699793,39.40451,-104.9987,4
39.4047693218204,-104.998710838432,39.40451,-104.9987,1
39.4051630890893,-104.998757143836,39.40451,-104.9987,2
39.4049321060439,-104.998772253326,39.40451,-104.9987,1
39.4048486911126,-104.999599314808,39.40451,-104.9987,4
39.404980626029,-104.998656616227,39.4049,-104.9983,5
39.4046079225691,-104.99857685694,39.4049,-104.9983,4
39.4046366193799,-104.998428806796,39.4049,-104.9983,2
39.4048726100397,-104.998597693087,39.4049,-104.9983,2
39.4046973612634,-104.997885318268,39.4049,-104.9983,3
39.4046609021701,-104.998505142844,39.4049,-104.9983,2
39.4051881581271,-104.998669389503,39.4049,-104.9983,1
39.4052083416763,-104.998001251869,39.4049,-104.9983,1
39.4047584985718,-104.983232797217,39.40485,-104.9828,2
39.4046243506407,-104.983219821877,39.40485,-104.9828,1
39.4045822796461,-104.983484453306,39.40485,-104.9828,2
39.4051981014898,-104.982829458779,39.40485,-104.9828,3
39.4046984582899,-104.979579544471,39.40477,-104.9791,3
39.4045193334205,-104.97917269164,39.40477,-104.9791,3
39.4046744902523,-104.978351780904,39.40504,-104.9784,2
39.4047109948485,-104.978093900025,39.40504,-104.9784,3
39.4045521706964,-104.978444452305,39.40504,-104.9784,3
39.4051122117269,-104.977398175423,39.40522,-104.9774,4
39.4046861822348,-104.976986223054,39.40522,-104.9774,3
39.4047620601621,-104.977813156948,39.40522,-104.9774,2
39.4047321310384,-104.976306669533,39.4053,-104.9767,5
39.4045646678924,-104.976054044844,39.4053,-104.9767,1
39.4048192578238,-104.976797456675,39.4053,-104.9767,1
39.4045589105151,-104.972071865751,39.40486,-104.9711,1
39.4049403550389,-104.971349332915,39.40486,-104.9711,5
39.4046255102421,-104.970685351349,39.40484,-104.9711,3
39.4056851914299,-105.01113634176,39.40567,-105.0112,2
39.4059092621318,-105.011317708316,39.40567,-105.0112,1
39.4054220341455,-105.010250306908,39.40535,-105.011,2
39.4058780219527,-105.010361381014,39.40535,-105.011,3
39.4057514854524,-104.998290520487,39.40543,-104.9979,1
39.4058278801447,-104.998500350477,39.40543,-104.9979,2
39.405318139085,-104.998315755074,39.40543,-104.9979,4
39.4053678709467,-104.998385859196,39.40543,-104.9979,5
39.4059322354973,-104.998270200029,39.40543,-104.9979,2
39.405621690392,-104.998191325138,39.40543,-104.9979,1
39.4054893441507,-104.99705651504,39.40576,-104.9976,1
39.4053356281281,-104.99714988822,39.40576,-104.9976,3
39.4055787040564,-104.99693527227,39.40576,-104.9976,2
39.4052693114745,-104.997195098295,39.40576,-104.9976,4
39.4055636456766,-104.997088970383,39.40576,-104.9976,1
39.4056552329292,-104.997447521556,39.40576,-104.9976,1
39.4056289367169,-104.997612855081,39.40576,-104.9976,3
39.4052311518118,-104.996905080096,39.40576,-104.9976,2
39.4055784882262,-104.997328662047,39.40576,-104.9976,3
39.4055368607984,-104.990790170434,39.40552,-104.9908,2
39.4054476359478,-104.982941801134,39.40559,-104.9828,3
39.4055621805212,-104.983290110947,39.40559,-104.9828,2
39.4059058120707,-104.98329823506,39.40559,-104.9828,2
39.4057310687711,-104.983517856308,39.40559,-104.9828,2
39.4056406725724,-104.983198919787,39.40559,-104.9828,1
39.405617356702,-104.982902307723,39.40559,-104.9828,1
39.4053765725422,-104.97738675684,39.40523,-104.9774,4
39.4052517377956,-104.976959307224,39.40523,-104.9774,4
39.4055127326573,-104.976935137256,39.40523,-104.9774,1
39.4056676775846,-104.977179370354,39.40523,-104.9774,2
39.4052589684074,-104.976887265642,39.40548,-104.9763,4
39.4052579670098,-104.976734742124,39.40548,-104.9763,3
39.4059022337411,-104.975609589044,39.40584,-104.9759,2
39.4055209528987,-104.975255722182,39.40584,-104.9759,5
39.4052493089504,-104.975969830982,39.40584,-104.9759,2
39.4055917662397,-104.970428198337,39.40562,-104.9709,4
39.4057669002406,-104.970824394148,39.40562,-104.9709,1
39.4063881923919,-105.012816134594,39.40656,-105.0118,3
39.4063870056274,-104.997506971789,39.4063,-104.9972,2
39.4065133775098,-104.99710912762,39.4063,-104.9972,4
39.4066184131964,-104.997359983692,39.4063,-104.9972,5
39.4063252992374,-104.99681015576,39.4063,-104.9972,1
39.4060927726533,-104.99743579961,39.4063,-104.9972,2
39.4065558799241,-104.997035720494,39.4063,-104.9972,1
39.4065505271322,-104.99747481971,39.4063,-104.9972,1
39.4060823994518,-104.990628742514,39.40631,-104.9907,2
39.4066493431531,-104.990822114986,39.40631,-104.9907,2
39.4065582289117,-104.982817826346,39.40632,-104.9828,1
39.4065109112217,-104.983120239951,39.40632,-104.9828,5
39.406132311136,-104.983131486858,39.40632,-104.9828,2
39.4064571843657,-104.983179866358,39.40632,-104.9828,2
39.4065113266091,-104.975811251953,39.40623,-104.9754,4
39.4064341284364,-104.975742364401,39.40623,-104.9754,2
39.4060495598372,-104.975256942933,39.40623,-104.9754,4
39.4066252942972,-104.974286425524,39.40658,-104.9748,2
39.4061790498286,-104.974623825506,39.40658,-104.9748,2
39.4066576856714,-104.974233848405,39.40658,-104.9748,2
39.40595667611,-104.974908351461,39.40658,-104.9748,1
39.4061779725974,-104.974702902589,39.40658,-104.9748,1
39.4059529837085,-104.974279189892,39.40658,-104.9748,2
39.4060074016941,-104.971043686979,39.40632,-104.9708,3
39.4065462485298,-104.971181067909,39.40632,-104.9708,3
39.4068433378299,-105.017483343072,39.40739,-105.017,1
39.4068801286998,-105.017039050266,39.40739,-105.017,1
39.4070871301532,-105.01709766229,39.40739,-105.017,1
39.4071920962568,-105.015918069944,39.40732,-105.0162,3
39.4067198982568,-105.013205678492,39.4073,-105.0133,1
39.4073065759961,-105.013179221793,39.4073,-105.0133,1
39.4072205289399,-105.012345525358,39.40731,-105.0124,1
39.4068729275462,-105.012354733367,39.40731,-105.0124,2
39.4068658571408,-105.005316786778,39.40721,-105.0054,2
39.4069028732797,-105.006149200831,39.40721,-105.0054,1
39.4067929619373,-105.005025970327,39.40705,-105.0048,4
39.407396954117,-105.003421794796,39.40718,-105.004,3
39.4073084806415,-104.998003421402,39.4071,-104.9981,4
39.4069225545072,-104.99862609917,39.4071,-104.9981,4
39.4069592705605,-104.996831196367,39.40682,-104.9968,3
39.4072782950592,-104.997232375116,39.40682,-104.9968,2
39.4067408878127,-104.997377752972,39.40682,-104.9968,2
39.4068859323108,-104.997602642254,39.40682,-104.9968,4
39.407152727646,-104.997423009673,39.40682,-104.9968,2
39.4070012580344,-104.996758624959,39.40716,-104.9965,4
39.4073434992779,-104.996539530185,39.40716,-104.9965,4
39.4070896165221,-104.99632022555,39.40716,-104.9965,2
39.4073256105194,-104.996226488292,39.40716,-104.9965,1
39.4067897360355,-104.991112149789,39.40712,-104.9915,4
39.407340553571,-104.991896170661,39.40712,-104.9915,1
39.4072078547501,-104.983526243171,39.40689,-104.9828,2
39.4067093475735,-104.982985939201,39.40689,-104.9828,2
39.4071085436864,-104.982710904927,39.40689,-104.9828,1
39.407169554322,-104.974856883063,39.40684,-104.9743,3
39.406697752083,-104.974709022729,39.40684,-104.9743,3
39.4069469052403,-104.974152630271,39.40684,-104.9743,2
39.4067056364549,-104.974799884719,39.40684,-104.9743,1
39.4072409810743,-104.973683569045,39.40714,-104.9736,5
39.4071968971932,-104.973975784838,39.40714,-104.9736,1
39.4072819909946,-104.972895489191,39.40714,-104.9727,1
39.4073528519747,-104.972914893621,39.40714,-104.9727,3
39.4067160259922,-104.971480157383,39.40711,-104.9717,2
39.4071102071942,-104.971459570188,39.40711,-104.9717,1
39.4073114390845,-104.972045904306,39.40711,-104.9717,1
39.4069316353156,-104.971463521716,39.40711,-104.9717,1
39.4068393100134,-104.970855250934,39.40339,-104.9694,2
39.4068731894753,-104.970923140603,39.40339,-104.9694,3
39.4080544524847,-105.017658599073,39.40783,-105.018,1
39.4075270406874,-105.018219617413,39.40783,-105.018,4
39.4078623260943,-105.017346148243,39.40745,-105.0173,3
39.4075495251884,-105.01574178285,39.40732,-105.0162,3
39.4076626387911,-105.013163824739,39.4073,-105.0133,2
39.4078972962051,-105.012732349562,39.40799,-105.0119,2
39.4076196033875,-105.01198265516,39.40799,-105.0119,1
39.4074530365684,-104.995948511095,39.40757,-104.996,5
39.4074835333905,-104.996399875286,39.40757,-104.996,3
39.4078451825285,-104.996323026719,39.40757,-104.996,3
39.4077512762642,-104.995130734953,39.40793,-104.9955,2
39.4077013945785,-104.994902479675,39.40793,-104.9955,5
39.4080598803473,-104.995159430157,39.40793,-104.9955,2
39.4077837670536,-104.995264978958,39.40793,-104.9955,3
39.4081383021863,-104.992402128814,39.40773,-104.9926,3
39.4074870786616,-104.992494328165,39.40773,-104.9926,5
39.4076241497739,-104.991328797139,39.40745,-104.9921,1
39.4077237065837,-104.991517376849,39.40745,-104.9921,4
39.408282297898,-105.065647994809,39.40896,-105.0652,4
39.4086843697179,-105.064606420477,39.40878,-105.0645,2
39.4087071156205,-105.064195945651,39.40878,-105.0645,2
39.4083806081991,-105.063169897869,39.40888,-105.0636,1
39.4087857671563,-105.063051701078,39.40888,-105.0636,3
39.4084274757477,-105.063634071243,39.40888,-105.0636,1
39.4083944406242,-105.018742369539,39.40857,-105.0189,3
39.4081792180142,-105.017866620278,39.40821,-105.0185,4
39.4085308904003,-105.017679743451,39.40821,-105.0185,1
39.408753313075,-105.012376419012,39.40855,-105.012,2
39.4083809970551,-105.012845004079,39.40855,-105.012,1
39.4085618807261,-105.011904973753,39.40848,-105.012,2
39.408683539011,-104.995004851965,39.4083,-104.9951,2
39.4083645604456,-104.995439304231,39.4083,-104.9951,4
39.408278240069,-104.995318278043,39.4083,-104.9951,2
39.4082688114574,-104.995642112059,39.4083,-104.9951,3
39.4086362568232,-104.995711978929,39.4083,-104.9951,1
39.408310977113,-104.994806962907,39.40867,-104.9946,2
39.4085171051396,-104.994177149202,39.40867,-104.9946,5
39.4082169900303,-104.994665205667,39.40867,-104.9946,4
39.4083507681303,-104.993325555327,39.40865,-104.9932,4
39.4085857984105,-104.993740629611,39.40865,-104.9932,1
39.4083916943144,-104.992185855908,39.40831,-104.9929,4
39.4096029247363,-105.068097058762,39.40924,-105.0682,2
39.4093509231329,-105.068665111858,39.40924,-105.0682,2
39.4092296978179,-105.067320587787,39.40911,-105.0673,3
39.4090989654909,-105.067022225515,39.40911,-105.0673,1
39.409566232373,-105.067568274607,39.40911,-105.0673,1
39.408990307144,-105.066353694379,39.40906,-105.0663,3
39.4094614228689,-105.065073511342,39.409,-105.0654,3
39.4092270479293,-105.065108921267,39.409,-105.0654,2
39.4090379125436,-105.06422506942,39.40879,-105.0643,2
39.4090227879512,-105.064453189608,39.40879,-105.0643,1
39.4091010668607,-105.063210956501,39.40893,-105.0633,4
39.4092400113253,-105.062262112706,39.40936,-105.0628,5
39.4093393876764,-105.061923322542,39.40957,-105.0614,1
39.4094074010739,-105.061902359834,39.40957,-105.0614,2
39.4094215737155,-105.061979782685,39.40957,-105.0614,1
39.4093909579542,-105.060844033725,39.40934,-105.0606,2
39.4094381368811,-105.060713105276,39.40934,-105.0606,1
39.4092588534099,-105.059220704176,39.4094,-105.0598,3
39.4095128701782,-105.059604495131,39.4094,-105.0598,2
39.4095935551632,-105.02008506384,39.40929,-105.0198,1
39.4093337255892,-105.020211877146,39.40929,-105.0198,2
39.4094187876934,-105.018795098513,39.40894,-105.0194,5
39.4091767981681,-105.012452933973,39.40924,-105.012,3
39.4091178034623,-104.994818116118,39.40905,-104.9941,3
39.40906399081,-104.994513080674,39.40905,-104.9941,5
39.4096012659273,-104.99324334498,39.40941,-104.9937,4
39.4092026808752,-104.993779052645,39.40941,-104.9937,1
39.4089240915338,-104.993447616301,39.40941,-104.9937,3
39.4098458827531,-105.062505722078,39.41241,-105.0734,3
39.4097472273913,-105.062651208787,39.41241,-105.0734,1
39.4101125652008,-105.061162981741,39.40966,-105.0617,4
39.4102747693735,-105.059638605782,39.40979,-105.0592,3
39.409627004492,-105.059826906099,39.40979,-105.0592,1
39.4096397011826,-105.059285980639,39.40979,-105.0592,1
39.4100520876062,-105.058966761544,39.40995,-105.0591,2
39.4102522810002,-105.024101903494,39.41015,-105.0239,4
39.4099927420857,-105.0195985079,39.40993,-105.0197,3
39.4100163603983,-105.012679663979,39.40998,-105.012,1
39.4100351760155,-105.012192124835,39.40998,-105.012,2
39.4099530761757,-105.012496458625,39.40998,-105.012,2
39.4096752187179,-105.009923315399,39.4101,-105.0094,2
39.4099072647093,-104.993115791892,39.40977,-104.9932,2
39.4097907080139,-104.993167237275,39.40977,-104.9932,4
39.4097484615979,-104.992897407715,39.41014,-104.9927,5
39.4104380539481,-105.060104973182,39.41048,-105.0592,2
39.4105387818017,-105.059637053164,39.41048,-105.0592,3
39.4104621775234,-105.058506445884,39.41081,-105.0589,3
39.4107117179958,-105.022719682895,39.41074,-105.0228,3
39.4107609358364,-105.021889151496,39.41107,-105.0221,4
39.4108214113819,-105.020139753245,39.41067,-105.0195,3
39.4107414255657,-105.018549164518,39.41076,-105.0194,3
39.4109547812106,-105.012087169499,39.41056,-105.0119,3
39.4106778660457,-105.010325343146,39.41084,-105.0104,3
39.4108218329389,-105.00974099606,39.41048,-105.0099,4
39.4109242194043,-105.009149862094,39.41048,-105.0099,1
39.4115651074977,-105.058576624621,39.41118,-105.0585,2
39.4118023424272,-105.059152896126,39.41118,-105.0585,2
39.4115480902423,-105.058151536315,39.4115,-105.0578,3
39.411476943746,-105.024631506458,39.41164,-105.0251,2
39.4113254802461,-105.021026426352,39.41159,-105.021,3
39.4114681538717,-105.020979632717,39.41159,-105.021,2
39.4111786907445,-105.011794562548,39.41133,-105.0112,3
39.4124699028934,-105.057837669049,39.41217,-105.0577,3
39.4123476677299,-105.010181423567,39.41221,-105.0109,2
39.412460475653,-105.010558468265,39.41221,-105.0109,1
39.4123053666194,-105.010946288727,39.41221,-105.0109,1
39.4130019464631,-105.058877828338,39.41317,-105.0583,2
39.4127236757624,-105.057974601266,39.41283,-105.0579,2
39.4131813601078,-105.057067397667,39.41284,-105.0568,2
39.4134704928755,-105.058634142556,39.41364,-105.0587,3
39.4133194477519,-105.024417671186,39.41366,-105.0247,2
39.4137699125903,-105.024403749025,39.41366,-105.0247,2
39.4135694374969,-105.024503994231,39.41366,-105.0247,1
39.4136039379982,-105.024427091795,39.41366,-105.0247,1
39.4133790836191,-105.024303930264,39.41366,-105.0247,3
39.4135888029867,-105.024582138469,39.41366,-105.0247,2
39.4139344717602,-105.005734228655,39.41381,-105.0053,2
39.4134129683251,-105.005412711128,39.41381,-105.0053,1
39.4140918577568,-105.059743049236,39.41439,-105.0597,2
39.4141977418871,-105.058397818138,39.41404,-105.0592,2
39.4146296547824,-105.058490500889,39.41404,-105.0592,1
39.4145923479898,-105.014796456162,39.41467,-105.0151,3
39.4142475950685,-105.013086377627,39.41447,-105.0133,3
39.414656325548,-105.011929475537,39.41446,-105.0124,3
39.4145118122757,-105.012802612672,39.41446,-105.0124,1
39.4144116992681,-105.011589976632,39.41456,-105.0115,2
39.414364351959,-105.011290913378,39.41456,-105.0115,1
39.4141643936268,-105.011276087486,39.41456,-105.0115,1
39.4144046211172,-105.005848126213,39.41441,-105.0057,3
39.4146035847761,-105.002479688908,39.41425,-105.0025,1
39.4140937549904,-105.002918150452,39.41425,-105.0025,1
39.4147078470387,-105.002075075742,39.41451,-105.002,2
39.4150935204656,-105.060029823379,39.41492,-105.0601,2
39.4148366951438,-105.015841905366,39.41515,-105.016,1
39.4150071769139,-105.016007992088,39.41515,-105.016,3
39.4151280859672,-105.014929323101,39.4147,-105.0153,3
39.4149989486829,-105.015225416432,39.4147,-105.0153,1
39.4149082615717,-105.012459010538,39.41514,-105.0124,2
39.4148252106174,-105.012110121397,39.41514,-105.0124,1
39.4151570086667,-105.011056006743,39.4155,-105.0118,3
39.4150016311527,-105.010559173728,39.41476,-105.0104,2
39.4151826191098,-105.010256370801,39.41476,-105.0104,2
39.4152446471441,-105.008203366692,39.41505,-105.0086,3
39.415477243446,-105.007463005733,39.4151,-105.0077,2
39.4148406597329,-105.006982973128,39.41499,-105.0068,2
39.4154956354783,-105.011577293144,39.41575,-105.0113,3
39.4157849540545,-105.010797274919,39.41607,-105.0108,3
39.4168281051136,-105.045497329892,39.41618,-105.0451,4
39.4166530811265,-105.010442128769,39.41653,-105.0104,3
39.4166747109174,-105.004597152792,39.41652,-105.0053,4
39.417113494824,-105.062160170054,39.41732,-105.0625,2
39.4174845729003,-105.009196278876,39.41742,-105.0099,4
39.4176370191751,-105.005503861626,39.41736,-105.0055,2
39.417747832654,-105.062376823123,39.41786,-105.0628,2
39.4179518428711,-105.009270783882,39.41808,-105.0096,1
39.4182222174481,-105.009241608777,39.41808,-105.0096,2
39.4197493791917,-105.026969095826,39.41962,-105.0266,2
39.4192663640035,-105.026363459332,39.41962,-105.0266,2
39.4193104730845,-105.026526254366,39.41962,-105.0266,1
39.4193046421309,-105.025459749411,39.41984,-105.0258,2
39.420032123356,-105.02589213428,39.42023,-105.0254,2
39.4204445810521,-105.017761356795,39.42049,-105.0177,1
39.4201448824137,-105.018091109816,39.42049,-105.0177,3
39.4210551188224,-105.016270736739,39.42089,-105.016,2
39.4215680893802,-105.066290637183,39.42172,-105.0663,1
39.4218824662111,-105.066265549104,39.42172,-105.0663,1
39.4219964055919,-105.012169497666,39.42205,-105.0125,1
39.4216162648725,-105.01252678848,39.42205,-105.0125,2
39.4217328317427,-105.011836648954,39.4221,-105.0114,1
39.421597965202,-105.011167643956,39.4221,-105.0114,1
39.4221659673022,-105.02060617109,39.4225,-105.0209,2
39.4224148122385,-105.012136365793,39.42207,-105.0123,3
39.4227387761115,-105.01181925414,39.4221,-105.0115,3
39.4252918397057,-105.018915100697,39.42562,-105.0193,2
39.4264762774584,-105.070652652127,39.42643,-105.0708,2
39.4262770091675,-105.057325183428,39.4261,-105.0568,2
39.4257688644953,-105.018688168582,39.42611,-105.0189,2
39.4267611265522,-105.070984726293,39.42659,-105.0712,2
39.4271268340989,-105.057202724396,39.42689,-105.0567,2
39.4273375217891,-105.017706302831,39.42767,-105.0182,4
39.4291901250889,-105.053314733868,39.42918,-105.0527,2
39.4312594715555,-105.006634391492,39.43127,-105.0062,1
39.4311405271184,-105.006846108661,39.43127,-105.0062,3
39.4366692354541,-104.992567054264,39.43646,-104.9926,1
39.4365507337196,-104.992934665163,39.43646,-104.9926,1
39.4362952176306,-104.991634141035,39.43682,-104.9917,2
39.4365890459404,-104.991748168379,39.43682,-104.9917,1
39.4369768693356,-105.080097205145,39.43752,-105.0808,2
39.4369259850033,-105.080961461577,39.43752,-105.0808,1
39.4372367553403,-104.990855109173,39.43709,-104.9906,3
39.4373101423514,-104.9899437,39.43731,-104.9898,3
39.4370346069419,-104.989928608148,39.43731,-104.9898,1
39.4382620231106,-104.986976007416,39.43896,-104.9869,3
39.4387136105643,-104.982230753539,39.43862,-104.9821,2
39.4386912087126,-104.981111313101,39.43855,-104.9812,2
39.4387442081616,-104.981157124161,39.43855,-104.9812,1
39.4387174492348,-104.981552460142,39.43855,-104.9812,1
39.4393888103445,-104.985898538745,39.43892,-104.9861,3
39.4409793508204,-104.983579629888,39.44084,-104.9839,2
39.4410679080706,-104.983806240778,39.44084,-104.9839,1
39.4420471861397,-105.083521898816,39.44254,-105.0832,2
39.4424840204218,-105.083720323299,39.44254,-105.0832,4
39.4423966266679,-105.083517722075,39.44254,-105.0832,1
39.4421777035545,-105.083720283692,39.44254,-105.0832,4
39.4425721253723,-105.082954916326,39.44254,-105.0832,1
39.4424381222135,-105.082416664385,39.4424,-105.0822,1
39.4424233130742,-105.082496434864,39.4424,-105.0822,5
39.4420049144835,-105.082871170786,39.4424,-105.0822,1
39.4422964607022,-105.081830404909,39.44225,-105.0815,3
39.4425476341196,-105.002134465458,39.44214,-105.0022,3
39.4431270067608,-105.083324578948,39.44254,-105.0832,3
39.442693959607,-105.083291270496,39.44254,-105.0832,5
39.4429726437856,-105.083530773184,39.44254,-105.0832,4
39.4428688680305,-105.08319371308,39.44254,-105.0832,1
39.4429991062203,-105.083476319441,39.44254,-105.0832,1
39.4430249897415,-105.083811135746,39.44254,-105.0832,2
39.4430527019928,-105.082483137075,39.44298,-105.0824,4
39.4432977682398,-105.082183096247,39.44298,-105.0824,2
39.4429144473811,-105.082221115258,39.44298,-105.0824,2
39.4430340904726,-105.082165865697,39.44298,-105.0824,4
39.4433150613535,-105.082149023132,39.44298,-105.0824,2
39.4431758289278,-105.082014110781,39.44298,-105.0824,1
39.4430244876997,-105.081620989137,39.44313,-105.0813,3
39.4430612527786,-105.081684060673,39.44313,-105.0813,2
39.4429323961711,-105.081574036859,39.44313,-105.0813,5
39.4431114637651,-105.080948421361,39.44302,-105.0807,4
39.4426435681699,-105.030757845114,39.44328,-105.0309,4
39.4426754044288,-105.030813028069,39.44328,-105.0309,1
39.4439681548773,-105.083387841824,39.44394,-105.0831,3
39.4440728434595,-105.083260222732,39.44394,-105.0831,4
39.4435965246869,-105.083678867525,39.44394,-105.0831,4
39.4438624618466,-105.083126262131,39.44394,-105.0831,4
39.4436539478691,-105.083151436688,39.44394,-105.0831,1
39.4434582063361,-105.082788812256,39.44371,-105.0825,4
39.4437262760588,-105.082105182526,39.44371,-105.0825,1
39.4437453214416,-105.08241815488,39.44371,-105.0825,5
39.4434552604342,-105.08282274916,39.44371,-105.0825,4
39.4435802951367,-105.082652970115,39.44371,-105.0825,2
39.4437430162648,-105.082171623571,39.44371,-105.0825,1
39.4437156260853,-105.081589800741,39.44363,-105.0817,4
39.4435625324745,-105.081055660314,39.44363,-105.0817,3
39.4433896494606,-105.081535123993,39.44363,-105.0817,2
39.4435173043859,-105.081308133153,39.44363,-105.0817,1
39.4435386437005,-105.081638701807,39.44363,-105.0817,4
39.4436463076577,-105.081792894207,39.44363,-105.0817,2
39.4436185535742,-105.080702619836,39.44372,-105.0805,2
39.4439921866693,-105.080527411966,39.44372,-105.0805,2
39.443523605138,-105.08082291237,39.44372,-105.0805,4
39.4439109274427,-105.031348674022,39.44347,-105.0308,5
39.4437954025004,-105.030982587017,39.44347,-105.0308,1
39.443475676899,-105.030606022507,39.4438,-105.0305,2
39.4435784129509,-105.030309805927,39.4438,-105.0305,4
39.443947452526,-105.01161290476,39.44395,-105.0113,2
39.4446959992228,-105.084051486401,39.44413,-105.0838,4
39.4442374514714,-105.084528324697,39.44413,-105.0838,5
39.4448012633574,-105.084015403419,39.44413,-105.0838,4
39.4446505081644,-105.083738918202,39.44415,-105.0835,5
39.4445080793417,-105.0836731454,39.44415,-105.0835,1
39.4444046003886,-105.083603711133,39.44415,-105.0835,3
39.4444301147294,-105.083151247106,39.44415,-105.0835,4
39.4445080390838,-105.083314248714,39.44415,-105.0835,2
39.4448009679274,-105.081968519914,39.44445,-105.0823,3
39.4444822708509,-105.082396439955,39.44445,-105.0823,3
39.4441531092416,-105.08214922073,39.44445,-105.0823,2
39.4447883392597,-105.082563987897,39.44445,-105.0823,1
39.4447809951054,-105.082210317344,39.44445,-105.0823,1
39.444729697712,-105.082435474675,39.44445,-105.0823,3
39.4441659117434,-105.082109641093,39.44445,-105.0823,1
39.4444780227898,-105.082482066517,39.44445,-105.0823,3
39.4441796581792,-105.081699918174,39.44444,-105.0814,1
39.4443613688782,-105.081666577361,39.44444,-105.0814,2
39.4441847933159,-105.081941811167,39.44444,-105.0814,2
39.4443640979726,-105.081288761508,39.44444,-105.0814,4
39.4441157776957,-105.081264138388,39.44444,-105.0814,1
39.4446710296011,-105.081494610704,39.44444,-105.0814,5
39.444496939506,-105.08110261114,39.44444,-105.0814,1
39.4441434438429,-105.081014699659,39.44444,-105.0814,1
39.4446345753913,-105.080364151647,39.44407,-105.0804,2
39.4440988735173,-105.080655876878,39.44407,-105.0804,2
39.4447665141145,-105.080315116856,39.44407,-105.0804,4
39.4442385261588,-105.080287317804,39.44407,-105.0804,4
39.4447588733522,-105.080597483255,39.44407,-105.0804,1
39.444314189534,-105.030643335329,39.44432,-105.0301,1
39.4446927050353,-105.030224821856,39.44432,-105.0301,3
39.4445371922671,-105.028995870962,39.44466,-105.0298,3
39.4452398594337,-105.0841793662,39.44531,-105.0839,2
39.4450383178308,-105.084433480515,39.44531,-105.0839,1
39.4453796268419,-105.084347989744,39.44531,-105.0839,1
39.4450120908735,-105.08463174838,39.44531,-105.0839,4
39.4452458360327,-105.084481340037,39.44531,-105.0839,4
39.4454985553979,-105.084428973105,39.44531,-105.0839,1
39.4454533842592,-105.08348103982,39.4451,-105.0834,2
39.445022323225,-105.083198401169,39.4451,-105.0834,2
39.4450238806827,-105.083529581732,39.4451,-105.0834,2
39.4450604776588,-105.083597379084,39.4451,-105.0834,5
39.4451991628732,-105.083719518144,39.4451,-105.0834,1
39.4451945076109,-105.083005915725,39.4451,-105.0834,2
39.4453537176837,-105.082929720686,39.4451,-105.0834,1
39.4454992350013,-105.082754739725,39.44519,-105.0825,2
39.4454677780697,-105.082270244579,39.44519,-105.0825,1
39.4450178231069,-105.082239710612,39.44519,-105.0825,2
39.4452655709804,-105.082077846993,39.44519,-105.0825,2
39.4450923054509,-105.082258294904,39.44519,-105.0825,5
39.4454992569549,-105.082601539268,39.44519,-105.0825,5
39.4448493624822,-105.081668440742,39.4452,-105.0813,5
39.4449683135492,-105.081930597046,39.4452,-105.0813,4
39.4448428072542,-105.081537588508,39.4452,-105.0813,2
39.4451403288793,-105.081244315123,39.4452,-105.0813,4
39.4451214966092,-105.081882667239,39.4452,-105.0813,2
39.4454705444662,-105.02971275337,39.44518,-105.0294,1
39.4450366198599,-105.029368045614,39.44518,-105.0294,2
39.4451760425001,-104.993962383435,39.44559,-104.9943,2
39.4460326902408,-105.084178220145,39.44567,-105.0839,2
39.4457035368068,-105.084076489327,39.44567,-105.0839,4
39.4460273999622,-105.083888464384,39.44567,-105.0839,3
39.4459028178592,-105.084502731567,39.44567,-105.0839,1
39.4456356267106,-105.08420332986,39.44567,-105.0839,1
39.4462216089598,-105.08299654534,39.44533,-105.0828,1
39.4460057666461,-105.083420776959,39.44533,-105.0828,2
39.4460382444031,-105.083031088945,39.44533,-105.0828,5
39.445898841792,-105.083238792231,39.44533,-105.0828,4
39.4460996380716,-105.083352994412,39.44533,-105.0828,2
39.4460698996755,-105.082735884427,39.44591,-105.0826,4
39.4459912252546,-105.081961770768,39.44591,-105.0826,3
39.4461188284912,-105.082367500244,39.44591,-105.0826,4
39.4459417658756,-105.082630857799,39.44591,-105.0826,4
39.4458569794622,-105.082435700253,39.44591,-105.0826,1
39.4457404887143,-105.08140442272,39.44555,-105.0814,1
39.445764022666,-105.081425307048,39.44555,-105.0814,4
39.4462586521073,-105.081624636539,39.44555,-105.0814,2
39.4461024248941,-105.0817649945,39.44555,-105.0814,1
39.4456845071184,-105.081943782592,39.44555,-105.0814,5
39.4458883108389,-105.081728723872,39.44555,-105.0814,2
39.4456389651959,-105.081678604014,39.44555,-105.0814,1
39.4462742992302,-104.995771849835,39.44551,-104.9951,4
39.4458329032027,-104.995504354361,39.44551,-104.9951,2
39.4460291803066,-104.993995218623,39.44561,-104.9945,2
39.4462826133124,-104.994522615113,39.44561,-104.9945,1
39.4465738283017,-105.084520276541,39.44666,-105.0844,2
39.4466666120178,-105.08411440342,39.44666,-105.0844,4
39.4469819098929,-105.084522092131,39.44666,-105.0844,1
39.446863980933,-105.083141116083,39.44679,-105.0829,3
39.4466885941891,-105.083041714706,39.44679,-105.0829,2
39.4463171445426,-105.083283850494,39.44679,-105.0829,2
39.4464293920512,-105.083774784126,39.44679,-105.0829,5
39.4465640397741,-105.082806934224,39.44662,-105.0825,2
39.446974128083,-105.082595884349,39.44662,-105.0825,3
39.4465670179029,-105.082037610447,39.44662,-105.0825,1
39.4466137789792,-105.082177445442,39.44662,-105.0825,2
39.4468128882674,-105.082139842761,39.44662,-105.0825,1
39.4466650354178,-105.082155070527,39.44662,-105.0825,3
39.4462858066111,-105.082011248863,39.44662,-105.0825,4
39.4465385635534,-105.081344456405,39.44672,-105.0815,1
39.446510122307,-105.081415145878,39.44672,-105.0815,1
39.4469489364726,-105.081234044827,39.44672,-105.0815,3
39.4469589264129,-105.081714799404,39.44672,-105.0815,4
39.446480249577,-105.081010461923,39.44672,-105.0815,1
39.4467562326499,-105.081710109103,39.44672,-105.0815,4
39.4467029634521,-105.081773961068,39.44672,-105.0815,3
39.446505309383,-105.081849235497,39.44672,-105.0815,1
39.4463437162126,-105.027683910266,39.44667,-105.0277,2
39.4469014484154,-105.027220814959,39.44667,-105.0277,3
39.4464096894905,-105.027508806054,39.44667,-105.0277,1
39.4473803150962,-105.084233791187,39.4471,-105.0839,1
39.447645628351,-105.084784274946,39.4471,-105.0839,1
39.447500788298,-105.084483923687,39.4471,-105.0839,1
39.4476445824234,-105.083252486172,39.44746,-105.0835,4
39.4476633004339,-105.083657727207,39.44746,-105.0835,5
39.4473971299092,-105.083158015194,39.44746,-105.0835,2
39.4472315066832,-105.083595573769,39.44746,-105.0835,1
39.4471731583509,-105.082313668016,39.44727,-105.0828,5
39.4476116989397,-105.082531841549,39.44727,-105.0828,3
39.447046645301,-105.082387963412,39.44727,-105.0828,1
39.4474290312001,-105.082737252092,39.44727,-105.0828,1
39.4477091823068,-105.082166178913,39.44727,-105.0828,3
39.4473824532389,-105.082586945666,39.44727,-105.0828,3
39.4476140066933,-105.081237655001,39.44733,-105.0814,2
39.4471224681826,-105.081833177595,39.44733,-105.0814,2
39.4470945253867,-105.081796305891,39.44733,-105.0814,2
39.4472105706208,-105.081679851039,39.44733,-105.0814,3
39.4472988876481,-105.081154519922,39.44733,-105.0814,5
39.4471858051973,-105.08144631516,39.44733,-105.0814,1
39.4470613588749,-105.081525967379,39.44733,-105.0814,2
39.4470775230461,-105.080944134458,39.44777,-105.0808,2
39.4474231800595,-105.080764166557,39.44777,-105.0808,2
39.447209255688,-105.080789896847,39.44777,-105.0808,1
39.4477343780333,-105.080186205548,39.44777,-105.0808,2
39.4475801361011,-105.08073455921,39.44777,-105.0808,5
39.4471741413073,-105.080112651286,39.44777,-105.0808,3
39.4476574455329,-105.080362022357,39.44777,-105.0808,2
39.4470695071088,-105.080540155008,39.44777,-105.0808,1
39.447613379532,-105.027769912388,39.44741,-105.0277,2
39.4471743239091,-105.027697608031,39.44741,-105.0277,3
39.4484345285861,-105.08343183606,39.44815,-105.0833,2
39.4479001723025,-105.083698069182,39.44815,-105.0833,4
39.4484101407378,-105.083606055431,39.44815,-105.0833,3
39.4483939015816,-105.082320020368,39.44814,-105.0824,4
39.4480409548687,-105.082873524632,39.44814,-105.0824,3
39.4478209918393,-105.082078187004,39.44814,-105.0824,2
39.447959994078,-105.082171825735,39.44814,-105.0824,4
39.4480281579525,-105.082673902716,39.44814,-105.0824,1
39.4482996847776,-105.08246973191,39.44814,-105.0824,2
39.4482456656504,-105.080494417225,39.44786,-105.0805,1
39.4479928057108,-105.080259508842,39.44786,-105.0805,1
39.4483178658457,-105.080335122051,39.44786,-105.0805,2
39.4483874135453,-105.08097636312,39.44786,-105.0805,1
39.448205910762,-105.080777809691,39.44786,-105.0805,3
39.4478430434279,-105.08067062073,39.44786,-105.0805,1
39.4478862507381,-105.080583984774,39.44786,-105.0805,5
39.4483608491379,-105.080430196147,39.44786,-105.0805,4
39.4482227220795,-105.079654773777,39.44804,-105.0796,2
39.4481030555823,-105.080003610631,39.44804,-105.0796,2
39.4478709080842,-105.079673837991,39.44804,-105.0796,3
39.4482476169783,-105.079866701813,39.44804,-105.0796,1
39.4477795063633,-105.079568736637,39.44804,-105.0796,3
39.4480063024367,-105.07892086179,39.44823,-105.0788,2
39.4478170454073,-105.078223688652,39.44823,-105.0788,5
39.4485556435922,-105.083198620657,39.44892,-105.0832,4
39.4488070430339,-105.082086063943,39.44856,-105.0828,1
39.4491878267423,-105.082526901274,39.44856,-105.0828,5
39.4489560644223,-105.082735143397,39.44856,-105.0828,1
39.448756510071,-105.082141031231,39.44856,-105.0828,4
39.4485079316445,-105.082793828598,39.44856,-105.0828,1
39.4491085070661,-105.082210940634,39.44856,-105.0828,2
39.4489319494062,-105.082615485699,39.44856,-105.0828,1
39.4490175866514,-105.078934226369,39.44861,-105.0785,3
39.449102609972,-105.077939635337,39.44869,-105.0782,3
39.4490333426294,-105.077535767311,39.44869,-105.0782,1
39.4489989050499,-105.077674034201,39.44869,-105.0782,2
39.4487768930415,-105.070060539146,39.44899,-105.0699,2
39.4485202793907,-105.070578343151,39.44899,-105.0699,1
39.4486980015397,-105.068925661203,39.44865,-105.0696,1
39.4491249894571,-105.069120197053,39.44865,-105.0696,1
39.4485353473556,-105.069101185945,39.44865,-105.0696,1
39.4498504502516,-105.070260958222,39.44954,-105.0702,5
39.4495842957151,-105.070235432267,39.44954,-105.0702,2
39.4497485947314,-105.070376569894,39.44954,-105.0702,2
39.4502791833371,-105.070927811796,39.45029,-105.0705,2
39.450165532877,-105.071091915294,39.45029,-105.0705,1
39.4505489601704,-105.070806234376,39.45029,-105.0705,5
39.4499687081164,-105.070858332556,39.45029,-105.0705,1
39.4504760044541,-105.070891088782,39.45029,-105.0705,1
39.4501868811992,-105.071361718702,39.45029,-105.0705,1
39.4506291972541,-105.071487742173,39.45029,-105.0705,4
39.4502439827104,-105.069879309253,39.45034,-105.0705,1
39.4501900049343,-105.069962306612,39.45034,-105.0705,4
39.450538059241,-105.06977161874,39.45034,-105.0705,3
39.4500104394352,-105.069788964052,39.45034,-105.0705,2
39.4500685763084,-105.069669605767,39.45034,-105.0705,3
39.4499963202367,-105.070523876682,39.45034,-105.0705,4
39.4510652129188,-105.070570054255,39.45108,-105.0703,2
39.4511822724939,-105.069751184488,39.45108,-105.0703,5
39.4508327679764,-105.070460463481,39.45108,-105.0703,4
39.4508208446147,-105.070431215931,39.45108,-105.0703,1
39.4508096436753,-105.069843350263,39.45108,-105.0703,2
39.4509429408472,-105.070299844708,39.45108,-105.0703,2
39.4511711952343,-105.06978506951,39.45108,-105.0703,1
39.4517200920531,-105.078961417442,39.4522,-105.0783,3
39.4521177298716,-105.078178126915,39.4522,-105.0783,1
39.4514447143932,-105.078495966746,39.4522,-105.0783,2
39.4518805579002,-105.078603596552,39.4522,-105.0783,3
39.4517016143066,-105.074451970709,39.45205,-105.0746,1
39.4520582692214,-105.075238665964,39.45205,-105.0746,1
39.4518106588089,-105.074650101777,39.45205,-105.0746,1
39.4519357345186,-105.075215990491,39.45205,-105.0746,2
39.4514664306222,-105.074751282543,39.45205,-105.0746,1
39.4519129956739,-105.07447094752,39.45205,-105.0746,2
39.4515850661696,-105.074567993174,39.45205,-105.0746,2
39.45169185734,-105.074045402625,39.45179,-105.0739,2
39.4520812635896,-105.074182479489,39.45179,-105.0739,5
39.4514869880181,-105.074119321093,39.45179,-105.0739,4
39.4518091571786,-105.073325572025,39.45189,-105.0731,5
39.451531928021,-105.073397154503,39.45189,-105.0731,5
39.4518272552034,-105.070462533159,39.45176,-105.0703,1
39.4514587708859,-105.070375812798,39.45176,-105.0703,3
39.4517067607024,-105.069928910533,39.45176,-105.0703,1
39.4519759233406,-105.069757682053,39.45176,-105.0703,5
39.4519680691851,-105.070254836033,39.45176,-105.0703,1
39.451974422032,-105.070216111255,39.45176,-105.0703,5
39.4514845663994,-105.070436053616,39.45176,-105.0703,2
39.4519215006025,-105.069723770541,39.45176,-105.0703,2
39.4522128771503,-105.080062591193,39.45244,-105.0795,1
39.4525265405901,-105.079543605513,39.45244,-105.0795,2
39.4527345270091,-105.079551077701,39.45244,-105.0795,4
39.4526835221696,-105.079415139929,39.45244,-105.0795,2
39.4522479324915,-105.079793254074,39.45244,-105.0795,2
39.4527727562748,-105.079552874154,39.45244,-105.0795,5
39.4522482179381,-105.079293897702,39.45244,-105.0795,2
39.4525856716067,-105.079090535186,39.4525,-105.0787,1
39.4527821250904,-105.078694804311,39.4525,-105.0787,1
39.4523628183743,-105.078427190599,39.4525,-105.0787,5
39.4522049884382,-105.078191237244,39.4525,-105.0787,1
39.4528486399792,-105.078979300535,39.4525,-105.0787,1
39.4528630448453,-105.078898544852,39.4525,-105.0787,3
39.4527974087798,-105.078970658808,39.4525,-105.0787,2
39.4528585981935,-105.078791992494,39.4525,-105.0787,1
39.4521685967759,-105.078477788972,39.4525,-105.0787,2
39.4526098985474,-105.079007415639,39.4525,-105.0787,2
39.4527046479745,-105.078009974112,39.45252,-105.0777,4
39.4522658182506,-105.078078658273,39.45252,-105.0777,2
39.4523153450093,-105.077702987957,39.45252,-105.0777,1
39.4527285113147,-105.077333675571,39.45252,-105.0777,3
39.4525053297097,-105.077623454363,39.45252,-105.0777,4
39.4525071313993,-105.076141997943,39.45269,-105.0756,5
39.4527973521211,-105.075624687256,39.45269,-105.0756,2
39.4523119548492,-105.075435291712,39.45269,-105.0756,5
39.4521777633601,-105.076254177172,39.45269,-105.0756,5
39.4522641424667,-105.075478170597,39.45269,-105.0756,1
39.4527412939404,-105.075011788575,39.45247,-105.0749,5
39.4528208756328,-105.074884512505,39.45247,-105.0749,2
39.4525688276885,-105.074479326523,39.45247,-105.0749,5
39.4528050187696,-105.074828000803,39.45247,-105.0749,3
39.452295268266,-105.073112191908,39.45235,-105.0727,5
39.4524528063449,-105.07289451889,39.45235,-105.0727,4
39.4526127338946,-105.073073478531,39.45235,-105.0727,2
39.4522672795523,-105.071792526026,39.45251,-105.0718,5
39.4523457186202,-105.071812877397,39.45251,-105.0718,1
39.4526539145184,-105.07248994963,39.45251,-105.0718,1
39.4528132064078,-105.071691157398,39.45251,-105.0718,3
39.452336497183,-105.072401249863,39.45251,-105.0718,1
39.4525152764599,-105.071849868989,39.45251,-105.0718,3
39.4528441339566,-105.072080418132,39.45251,-105.0718,2
39.4525064559019,-105.072087671006,39.45251,-105.0718,2
39.4528802901813,-105.071049274924,39.45257,-105.0711,2
39.4528104727653,-105.071227345367,39.45257,-105.0711,3
39.4522968320795,-105.071350620791,39.45257,-105.0711,1
39.4523332412894,-105.071310254185,39.45257,-105.0711,1
39.4522793598438,-105.071312186711,39.45257,-105.0711,3
39.4527588117992,-105.071156811125,39.45257,-105.0711,1
39.4528306309318,-105.070953126577,39.45257,-105.0711,3
39.4528063493382,-105.070621305476,39.45257,-105.0711,4
39.4522246045455,-105.071114546547,39.45257,-105.0711,1
39.4525985837712,-105.070404392975,39.45224,-105.0707,2
39.4522323741842,-105.070124901727,39.45224,-105.0707,4
39.4526868911739,-105.070498694436,39.45224,-105.0707,5
39.4522288140354,-105.069942678806,39.45224,-105.0707,1
39.4525121366935,-105.069850191346,39.45224,-105.0707,5
39.4525358193273,-105.069945640119,39.45224,-105.0707,3
39.4528142753535,-105.070597645134,39.45224,-105.0707,2
39.4526470504672,-105.063960694485,39.45299,-105.0635,1
39.4526396902872,-105.063373760447,39.45299,-105.0635,3
39.4523588505928,-105.06391755361,39.45299,-105.0635,2
39.4528533583424,-105.063892777361,39.45299,-105.0635,1
39.4528325149406,-105.06386886311,39.45299,-105.0635,1
39.4529915756533,-105.078412332638,39.45309,-105.0785,3
39.4532163197902,-105.078987714642,39.45309,-105.0785,2
39.4534207025805,-105.078441157831,39.45309,-105.0785,1
39.4532092052167,-105.078329933613,39.45309,-105.0785,4
39.4531606308471,-105.078849136243,39.45309,-105.0785,2
39.4530342003682,-105.078691099721,39.45309,-105.0785,5
39.4531013639976,-105.078853579302,39.45309,-105.0785,3
39.4532146644521,-105.077275124923,39.45346,-105.0779,4
39.4529056026146,-105.077385504099,39.45346,-105.0779,5
39.4533177403989,-105.077437235977,39.45346,-105.0779,1
39.4530657069052,-105.078001364906,39.45346,-105.0779,3
39.4533476869957,-105.078050453256,39.45346,-105.0779,5
39.4534478002725,-105.07744497393,39.45346,-105.0779,1
39.4529719874149,-105.076581219151,39.4534,-105.0761,5
39.4531293378617,-105.077180967686,39.4534,-105.0761,3
39.4533578545108,-105.075434073022,39.45327,-105.0758,2
39.4535021880427,-105.07557963482,39.45327,-105.0758,5
39.4535510349851,-105.075693368445,39.45327,-105.0758,5
39.4535729304581,-105.075944104701,39.45327,-105.0758,2
39.4530830790876,-105.076132347807,39.45327,-105.0758,3
39.453382676234,-105.073328252079,39.4532,-105.0724,3
39.4532904983754,-105.073313035345,39.4532,-105.0724,4
39.4531170114688,-105.072877252153,39.4532,-105.0724,2
39.4533331034336,-105.072814025088,39.4532,-105.0724,1
39.4531030339769,-105.071722784568,39.45341,-105.072,4
39.4534591478383,-105.072447698558,39.45341,-105.072,2
39.4533831865615,-105.071796511486,39.45341,-105.072,5
39.4531771633718,-105.071607350707,39.45341,-105.072,4
39.4534443794804,-105.072459979275,39.45341,-105.072,3
39.453144110034,-105.071963915659,39.45341,-105.072,1
39.4534846799846,-105.071192743502,39.45326,-105.0711,4
39.453377861553,-105.070669166648,39.45326,-105.0711,4
39.453182319574,-105.071394341666,39.45326,-105.0711,4
39.453559995741,-105.071354383837,39.45326,-105.0711,3
39.4531115709606,-105.071442175136,39.45326,-105.0711,3
39.4532137300705,-105.070657742394,39.45326,-105.0711,5
39.4531655562207,-105.069996209671,39.45371,-105.0703,1
39.4533575205958,-105.069907061151,39.45371,-105.0703,1
39.4536145600664,-105.070237566707,39.45371,-105.0703,2
39.4532841736267,-105.070360396299,39.45371,-105.0703,3
39.4536185602137,-105.069686112871,39.45371,-105.0703,1
39.4535150488072,-105.070417055884,39.45371,-105.0703,5
39.4530643552401,-105.069663920405,39.45371,-105.0703,2
39.4529049028051,-105.069899604893,39.45371,-105.0703,4
39.4529843832428,-105.070452616278,39.45371,-105.0703,4
39.4532971654673,-105.068013624788,39.45358,-105.0681,4
39.45316096799,-105.067773738607,39.45358,-105.0681,3
39.4534403905919,-105.068158278853,39.45358,-105.0681,5
39.4534862548865,-105.068437323819,39.45358,-105.0681,3
39.4534367940006,-105.067835254089,39.45358,-105.0681,4
39.4530393223815,-105.068296229468,39.45358,-105.0681,3
39.4534665312873,-105.068682394714,39.45358,-105.0681,1
39.4531913784035,-105.067184310303,39.45338,-105.0673,3
39.4534479330581,-105.066858517875,39.45338,-105.0673,5
39.4529650647527,-105.067238812024,39.45338,-105.0673,2
39.4529596357698,-105.067695197266,39.45338,-105.0673,1
39.4531098488353,-105.067074869342,39.45338,-105.0673,2
39.453374111515,-105.067737029983,39.45338,-105.0673,4
39.4530929868029,-105.067351263881,39.45338,-105.0673,3
39.4531799810352,-105.067601557991,39.45338,-105.0673,1
39.4535633327756,-105.067531843138,39.45338,-105.0673,3
39.4531405697345,-105.066427810794,39.45317,-105.0664,1
39.452907268584,-105.066154164181,39.45317,-105.0664,1
39.4534560809348,-105.066144119914,39.45317,-105.0664,3
39.4536011203805,-105.066459358945,39.45317,-105.0664,2
39.4536245354719,-105.06622320389,39.45317,-105.0664,5
39.4534195141038,-105.066121251147,39.45317,-105.0664,1
39.4533749283376,-105.066009279145,39.45317,-105.0664,2
39.4535615524625,-105.066144810694,39.45317,-105.0664,2
39.4529902028616,-105.06681459072,39.45317,-105.0664,4
39.4533988350358,-105.065890985467,39.45317,-105.0664,3
39.4533257605452,-105.065580923026,39.45304,-105.0654,2
39.4531962701701,-105.065087576466,39.45304,-105.0654,4
39.4532485711025,-105.065578973603,39.45304,-105.0654,1
39.4533938699074,-105.065286258865,39.45304,-105.0654,5
39.4533316332254,-105.065495718548,39.45304,-105.0654,3
39.4535878863815,-105.065856726875,39.45304,-105.0654,5
39.4535511694989,-105.06523262556,39.45304,-105.0654,2
39.4529926248543,-105.064058470787,39.45301,-105.0645,2
39.4530954296154,-105.064716950834,39.45301,-105.0645,4
39.4530805311392,-105.064040789402,39.45301,-105.0645,2
39.4530930045488,-105.064305886514,39.45301,-105.0645,1
39.4532395633218,-105.064107255426,39.45301,-105.0645,2
39.4532436440443,-105.064210332827,39.45301,-105.0645,2
39.4531741965434,-105.064854704794,39.45301,-105.0645,5
39.4533276267688,-105.06416541335,39.45301,-105.0645,1
39.4531292743537,-105.063678883348,39.45299,-105.0635,3
39.4530359542196,-105.063041874573,39.45299,-105.0635,2
39.4534807756158,-105.063688830448,39.45299,-105.0635,2
39.4536322958305,-105.063034494099,39.45299,-105.0635,3
39.453060444642,-105.062402518991,39.45293,-105.0626,2
39.45365165128,-105.078942290176,39.45396,-105.0784,4
39.4538941839469,-105.078604408132,39.45396,-105.0784,3
39.4537188017498,-105.079098399896,39.45396,-105.0784,4
39.4540268783661,-105.078431152673,39.45396,-105.0784,4
39.4537724406545,-105.078943472416,39.45396,-105.0784,4
39.4536949707338,-105.077467423008,39.45373,-105.0775,5
39.4542619722906,-105.077248393292,39.45373,-105.0775,5
39.4540639020521,-105.077907954708,39.45373,-105.0775,5
39.4536470678151,-105.07804128076,39.45373,-105.0775,3
39.4539564125765,-105.076610045182,39.45398,-105.0768,5
39.4538047076395,-105.077039579019,39.45398,-105.0768,1
39.4536411307865,-105.077217376605,39.45398,-105.0768,2
39.454323514584,-105.075461114966,39.45406,-105.0756,2
39.4540543683777,-105.076107355502,39.45406,-105.0756,4
39.4543582499846,-105.075867566184,39.45406,-105.0756,1
39.4543406873495,-105.076186349115,39.45406,-105.0756,2
39.4536548106175,-105.076129202213,39.45406,-105.0756,2
39.4542973929829,-105.076145363472,39.45406,-105.0756,1
39.4540362732823,-105.073375611651,39.45401,-105.0724,1
39.4536815902569,-105.07329315796,39.45401,-105.0724,4
39.4537129346894,-105.073056950038,39.45401,-105.0724,3
39.4541250213818,-105.073091492432,39.45401,-105.0724,1
39.4539276573398,-105.072156641739,39.45398,-105.0724,3
39.4543010360565,-105.072390386358,39.45398,-105.0724,2
39.4536383665522,-105.072402949121,39.45398,-105.0724,1
39.4536520082738,-105.071830383821,39.45398,-105.0724,1
39.4537484643112,-105.071678535264,39.45398,-105.0724,3
39.4540772549805,-105.072409451379,39.45398,-105.0724,1
39.453835425293,-105.072204635609,39.45398,-105.0724,5
39.4538095589033,-105.072379593662,39.45398,-105.0724,1
39.4541790418499,-105.071283625488,39.45356,-105.0708,3
39.4539996487064,-105.070999946809,39.45356,-105.0708,5
39.4537264474304,-105.0714971076,39.45356,-105.0708,4
39.4543041339584,-105.070771284083,39.45356,-105.0708,3
39.4536518213783,-105.071056049531,39.45356,-105.0708,2
39.4542677945087,-105.071375382583,39.45356,-105.0708,2
39.4538069323834,-105.070402667591,39.4538,-105.07,3
39.45418489416,-105.070578722825,39.4538,-105.07,4
39.4538102020552,-105.070251321243,39.4538,-105.07,4
39.4543101911579,-105.07043119597,39.4538,-105.07,4
39.4540091007503,-105.069905474214,39.4538,-105.07,2
39.4538577510091,-105.07013582195,39.4538,-105.07,1
39.4536608656949,-105.070570231589,39.4538,-105.07,5
39.4538937691877,-105.070481613274,39.4538,-105.07,1
39.4539493273373,-105.069250338644,39.45384,-105.0692,2
39.4539292927218,-105.068969823019,39.45384,-105.0692,3
39.4542040475056,-105.069091924846,39.45384,-105.0692,5
39.4540551962516,-105.069081434337,39.45384,-105.0692,3
39.4537136669706,-105.069003418194,39.45384,-105.0692,2
39.4536573605129,-105.069558176968,39.45384,-105.0692,5
39.4542331751942,-105.068970298796,39.45384,-105.0692,4
39.454222098559,-105.069528941709,39.45384,-105.0692,1
39.4540604162234,-105.068223205627,39.45366,-105.0684,5
39.4538675176135,-105.068434771327,39.45366,-105.0684,5
39.4537006916583,-105.068011496515,39.45366,-105.0684,1
39.4543006416386,-105.068438890181,39.45366,-105.0684,1
39.4540697766507,-105.068455541977,39.45366,-105.0684,3
39.453871915959,-105.067795164598,39.45366,-105.0684,5
39.4540133139945,-105.067824523122,39.45366,-105.0684,4
39.455032784844,-105.077586840243,39.45472,-105.0777,4
39.4544240880133,-105.077284974457,39.45472,-105.0777,2
39.4547359353835,-105.07757341227,39.45472,-105.0777,5
39.4544695390929,-105.077742579411,39.45472,-105.0777,5
39.4545904982809,-105.077591960529,39.45472,-105.0777,2
39.4547975794305,-105.076702290907,39.45478,-105.0764,4
39.454961498301,-105.077029497531,39.45478,-105.0764,4
39.454695403101,-105.07693927939,39.45478,-105.0764,1
39.4546548828542,-105.075824303714,39.45467,-105.0755,5
39.4549165820542,-105.074920832094,39.45486,-105.0755,2
39.454506181061,-105.074868852087,39.45486,-105.0755,3
39.4545298595493,-105.072911258126,39.45477,-105.0724,2
39.4548197240396,-105.073355554465,39.45477,-105.0724,1
39.4545675180612,-105.0717309141,39.45471,-105.0724,2
39.4548536068873,-105.071603233573,39.45471,-105.0724,5
39.4547359289155,-105.071931292627,39.45471,-105.0724,3
39.454688725777,-105.071588895755,39.45471,-105.0724,3
39.4546091263499,-105.071765108159,39.45471,-105.0724,3
39.4547451381909,-105.020414156293,39.45473,-105.0197,2
39.4546970894098,-105.020400509437,39.45473,-105.0197,1
39.4544600761469,-104.980951714751,39.45486,-104.981,2
39.4543981107115,-104.979855448922,39.4548,-104.9801,3
39.4553169356922,-105.077328737347,39.45547,-105.0778,2
39.4555595579831,-105.077532625408,39.45547,-105.0778,5
39.4555698677641,-105.077868575383,39.45547,-105.0778,3
39.4555244490095,-105.077560665602,39.45547,-105.0778,4
39.4556294662244,-105.077665258861,39.45547,-105.0778,3
39.4553299513538,-105.077605079108,39.45547,-105.0778,1
39.4554850981407,-105.077014385525,39.45547,-105.0767,3
39.4551306503926,-105.076533454749,39.45547,-105.0767,2
39.4551146540967,-105.077043690862,39.45547,-105.0767,4
39.4554353673789,-105.077041441909,39.45547,-105.0767,5
39.4556626753508,-105.07642950157,39.45547,-105.0767,1
39.4553971213242,-105.071568233483,39.45538,-105.0726,4
39.4554373490742,-105.07197652559,39.45538,-105.0726,1
39.4555895884143,-105.071875602358,39.45538,-105.0726,1
39.4553701127634,-105.071904481845,39.45538,-105.0726,2
39.4554264332002,-105.071698156377,39.45538,-105.0726,5
39.4551857551515,-105.062571373044,39.45557,-105.0625,2
39.4555299919357,-104.981470268498,39.45559,-104.981,3
39.4557698488606,-104.980311320602,39.45523,-104.9806,2
39.4559499944133,-105.077721388313,39.45634,-105.0774,2
39.4564673791942,-105.077723578491,39.45634,-105.0774,2
39.4562416724811,-105.077359814464,39.45634,-105.0774,4
39.456192352087,-105.077739430554,39.45634,-105.0774,3
39.4560774307883,-105.077456267178,39.45634,-105.0774,4
39.4563852793917,-105.078111881668,39.45634,-105.0774,1
39.4562674161395,-105.07638723057,39.45608,-105.0767,2
39.4562252508469,-105.076939939337,39.45608,-105.0767,2
39.4563295004673,-105.077151941679,39.45608,-105.0767,2
39.4559825470731,-105.076591607018,39.45608,-105.0767,4
39.4562865050514,-105.076770731179,39.45608,-105.0767,1
39.4564996167913,-105.073266755719,39.45622,-105.0728,1
39.4559682229051,-105.072638765336,39.45622,-105.0728,1
39.4561979524145,-105.073278221506,39.45622,-105.0728,1
39.456147374451,-105.063142522789,39.45628,-105.0634,1
39.4560942890686,-105.063045457964,39.45628,-105.0634,3
39.4559087241722,-105.063564274111,39.45628,-105.0634,2
39.4559890860561,-105.019448876685,39.45621,-105.019,2
39.4572203006368,-105.079069352541,39.45686,-105.0788,3
39.456846458182,-105.078277312135,39.45686,-105.0788,3
39.4568364004768,-105.077551456832,39.45691,-105.0777,4
39.4567618864692,-105.077288565629,39.45691,-105.0777,2
39.4566614526201,-105.077726231202,39.45691,-105.0777,3
39.4566722824505,-105.078030965273,39.45691,-105.0777,3
39.4572280321647,-105.076605449222,39.45696,-105.0769,5
39.4572060536358,-105.076552979804,39.45696,-105.0769,1
39.4570948346838,-105.076703798847,39.45696,-105.0769,1
39.4569802505683,-105.076996553163,39.45696,-105.0769,4
39.4568824368762,-105.076841013482,39.45696,-105.0769,1
39.4569757656989,-105.073052688196,39.45693,-105.073,3
39.4565767704,-105.073174241486,39.45693,-105.073,1
39.4572577695164,-105.069088665487,39.45724,-105.069,3
39.4569383351082,-105.06951636628,39.45724,-105.069,3
39.4567722699493,-105.069455566751,39.45724,-105.069,4
39.4572167313232,-105.0687627179,39.45724,-105.069,1
39.4566823192841,-105.068729762343,39.45724,-105.069,2
39.4566773814691,-105.068909872322,39.45724,-105.069,4
39.456933609518,-105.067824880761,39.45731,-105.0685,2
39.4566108428675,-105.068070081101,39.45731,-105.0685,5
39.4572028713346,-105.068167915875,39.45731,-105.0685,1
39.4568974990765,-105.068585318389,39.45731,-105.0685,3
39.4567501519973,-105.068138485322,39.45731,-105.0685,1
39.4566480993059,-105.067976317749,39.45731,-105.0685,4
39.4567909171459,-105.067932585842,39.45731,-105.0685,2
39.4571006758058,-105.067981591214,39.45731,-105.0685,2
39.4569421493139,-105.068667174033,39.45731,-105.0685,1
39.4567592965152,-105.064163517321,39.45708,-105.0642,5
39.4567830844038,-105.06476864648,39.45708,-105.0642,4
39.4572628216106,-105.064129795049,39.45708,-105.0642,3
39.4566471000731,-105.064657375072,39.45708,-105.0642,3
39.4566485746054,-105.064182953419,39.45708,-105.0642,1
39.4568961975827,-105.063532841168,39.45712,-105.0638,3
39.456871852629,-105.063374926886,39.45712,-105.0638,4
39.4568873625266,-105.063210485061,39.45712,-105.0638,1
39.4573199174847,-105.08195153732,39.45806,-105.0813,2
39.4577925769395,-105.081422771156,39.45806,-105.0813,1
39.4574050783233,-105.079952149921,39.45776,-105.0791,3
39.4577360579065,-105.07981625539,39.45776,-105.0791,1
39.4579324620633,-105.078913445238,39.45758,-105.079,4
39.4575927635143,-105.078367334929,39.45758,-105.079,2
39.45746557641,-105.078176386022,39.45761,-105.0779,3
39.4575350210581,-105.077570733112,39.45761,-105.0779,2
39.4577335032015,-105.077935367965,39.45761,-105.0779,3
39.457697384331,-105.077350658081,39.45761,-105.0779,2
39.4573583670473,-105.077409056589,39.45761,-105.0779,1
39.4575639267189,-105.078100303498,39.45761,-105.0779,1
39.4574151655601,-105.076818604112,39.45753,-105.0772,4
39.4579934398024,-105.077083140928,39.45753,-105.0772,2
39.4576639891938,-105.076744620711,39.45753,-105.0772,3
39.4574298198978,-105.076415116263,39.45753,-105.0772,3
39.4574649377036,-105.072833650033,39.45766,-105.073,2
39.4576781687278,-105.07265151514,39.45766,-105.073,2
39.4575032026865,-105.070108766103,39.4578,-105.07,5
39.4578797604718,-105.069925773509,39.4578,-105.07,1
39.457589251321,-105.070003859634,39.4578,-105.07,4
39.4573570219359,-105.069797248792,39.4578,-105.07,1
39.4578962069308,-105.070057697422,39.4578,-105.07,1
39.4579259791262,-105.069693468346,39.4578,-105.07,2
39.4574183834873,-105.070284466189,39.4578,-105.07,1
39.4576477751883,-105.070427408638,39.4578,-105.07,1
39.4575712320796,-105.070135386239,39.4578,-105.07,1
39.4575130181914,-105.068986419724,39.45744,-105.0695,3
39.4573201085102,-105.069508872053,39.45744,-105.0695,1
39.4578640064441,-105.069087702951,39.45744,-105.0695,4
39.4574863012349,-105.069487104832,39.45744,-105.0695,5
39.457563364166,-105.069122288332,39.45744,-105.0695,4
39.457566238972,-105.067967175855,39.45752,-105.0681,4
39.4573479688079,-105.068221469936,39.45752,-105.0681,4
39.4579406577285,-105.068321217243,39.45752,-105.0681,4
39.4577317483413,-105.068084216344,39.45752,-105.0681,4
39.4577216164339,-105.067872437769,39.45752,-105.0681,4
39.457695786265,-105.068198267041,39.45752,-105.0681,1
39.4573054202203,-105.067165414645,39.4578,-105.0678,5
39.4576497417789,-105.067292977744,39.4578,-105.0678,3
39.4574827459675,-105.067419060252,39.4578,-105.0678,5
39.4575911386643,-105.067473659922,39.4578,-105.0678,5
39.4575907823386,-105.067237522502,39.4578,-105.0678,2
39.4574074399163,-105.066076270482,39.45773,-105.0663,3
39.4578482461115,-105.066187478425,39.45773,-105.0663,4
39.4579506522863,-105.066689783801,39.45773,-105.0663,3
39.457913839164,-105.066602490644,39.45773,-105.0663,3
39.4577179496301,-105.066226252045,39.45773,-105.0663,3
39.4573290535526,-105.065816196001,39.45767,-105.066,1
39.4574557049571,-105.065127811569,39.45767,-105.066,1
39.4576096238778,-105.065164598115,39.45767,-105.066,2
39.4574542368614,-105.065765412197,39.45767,-105.066,4
39.4579283607915,-105.065240556596,39.45767,-105.066,2
39.4574253590888,-105.065421350868,39.45767,-105.066,5
39.4575622237906,-105.065030393837,39.45767,-105.066,2
39.457933448918,-105.065816464234,39.45767,-105.066,1
39.4578037535302,-105.064237247066,39.45772,-105.0644,4
39.4574267101771,-105.064543929857,39.45772,-105.0644,5
39.4579674547136,-105.064101168984,39.45772,-105.0644,5
39.4574630300848,-105.064713270494,39.45772,-105.0644,2
39.4579801529704,-105.063888062595,39.45736,-105.064,1
39.4576507636198,-105.063534137602,39.45736,-105.064,4
39.4577233984252,-105.063134928082,39.45736,-105.064,2
39.4574833182624,-105.063604660092,39.45736,-105.064,1
39.4582927376977,-105.090278505036,39.45852,-105.0896,4
39.4583534992664,-105.090144871104,39.45852,-105.0896,1
39.4586758648123,-105.079728721963,39.45847,-105.0794,4
39.458074088112,-105.0796244886,39.45847,-105.0794,4
39.4580581440081,-105.079902872539,39.45847,-105.0794,1
39.4582743914506,-105.078542384199,39.45842,-105.0786,2
39.4581695772944,-105.078329608076,39.45842,-105.0786,3
39.4580733753551,-105.077622650901,39.45833,-105.0778,5
39.4587351737752,-105.078111849551,39.45833,-105.0778,1
39.4584561825668,-105.077342338735,39.45833,-105.0778,3
39.4584601561027,-105.070920798983,39.4585,-105.0709,5
39.4583739108973,-105.070795897758,39.4585,-105.0709,1
39.4586266944259,-105.071525757659,39.4585,-105.0709,3
39.458614614851,-105.069784314221,39.45813,-105.0704,3
39.4587058818387,-105.070278131921,39.45813,-105.0704,2
39.4581023301683,-105.069773712191,39.45813,-105.0704,3
39.4582349800604,-105.069810605008,39.45813,-105.0704,2
39.4584392364001,-105.070383560968,39.45813,-105.0704,1
39.4586935558674,-105.068039696426,39.45841,-105.0678,1
39.4583220472451,-105.068351200508,39.45841,-105.0678,4
39.4580707049614,-105.068045490236,39.45841,-105.0678,5
39.458468676772,-105.068337854705,39.45841,-105.0678,2
39.4586991399376,-105.068483216191,39.45841,-105.0678,4
39.4586229549202,-105.06814194395,39.45841,-105.0678,2
39.4584819656487,-105.067840649098,39.45841,-105.0678,1
39.4580958807528,-105.067622537451,39.45839,-105.0678,4
39.4585789754788,-105.067021377918,39.45839,-105.0678,4
39.4587261749275,-105.067112492792,39.45839,-105.0678,3
39.4584856249047,-105.066948187176,39.45839,-105.0678,1
39.4587663149857,-105.066967748467,39.45839,-105.0678,4
39.4582113241779,-105.06761356057,39.45839,-105.0678,3
39.4581537067527,-105.066513212971,39.4584,-105.0664,3
39.4587312954682,-105.066118307991,39.4584,-105.0664,1
39.4585003727944,-105.066513579739,39.4584,-105.0664,3
39.4582073108984,-105.066643137481,39.4584,-105.0664,3
39.4582637775016,-105.066373505674,39.4584,-105.0664,1
39.4582051155916,-105.065325171743,39.45856,-105.0651,5
39.4581166000964,-105.065280533817,39.45856,-105.0651,2
39.4585495579842,-105.065269000023,39.45856,-105.0651,1
39.4581709128642,-105.065153137379,39.45856,-105.0651,2
39.4585840213983,-105.065135065148,39.45856,-105.0651,2
39.458581568363,-105.065642307074,39.45856,-105.0651,2
39.458680350867,-105.06485010073,39.45866,-105.0647,2
39.4585960060067,-105.064879755057,39.45866,-105.0647,2
39.4583649300377,-105.064144079249,39.45866,-105.0647,5
39.4584067896798,-105.064359207407,39.45866,-105.0647,1
39.4584975290896,-105.06471995094,39.45866,-105.0647,2
39.4582686138959,-105.064055156429,39.45866,-105.0647,4
39.4589352135497,-105.089632246026,39.45917,-105.0898,4
39.4593368766635,-105.089599457165,39.45917,-105.0898,2
39.4590541128837,-105.07948392696,39.45908,-105.0798,5
39.4588833699716,-105.079546292967,39.45908,-105.0798,3
39.4590458936036,-105.079528316123,39.45908,-105.0798,1
39.4590682080037,-105.078951899905,39.45913,-105.0786,3
39.4588214914697,-105.078323595344,39.45913,-105.0786,3
39.4593587881851,-105.077288875867,39.45911,-105.0779,2
39.4588907162994,-105.077797084861,39.45911,-105.0779,2
39.4588580596142,-105.077696176294,39.45911,-105.0779,2
39.458957731201,-105.072376837849,39.45923,-105.0719,2
39.4593845615985,-105.070947932756,39.45887,-105.0714,3
39.4590221695734,-105.071448414745,39.45887,-105.0714,1
39.4591291391726,-105.068262107515,39.45912,-105.0679,1
39.4589514910811,-105.068150512448,39.45912,-105.0679,2
39.4588829374454,-105.068658706931,39.45912,-105.0679,4
39.4587921067138,-105.068116399351,39.45912,-105.0679,3
39.4588202144823,-105.068515458006,39.45912,-105.0679,2
39.4590547702858,-105.067653062399,39.45916,-105.0679,2
39.4594399108368,-105.067094727579,39.45916,-105.0679,3
39.4588698571287,-105.067676438306,39.45916,-105.0679,2
39.4589815887314,-105.06751181403,39.45916,-105.0679,3
39.4591879035436,-105.067099896397,39.45916,-105.0679,2
39.4592387355871,-105.066514449498,39.45913,-105.0665,4
39.4593441079269,-105.066540233868,39.45913,-105.0665,3
39.4594301808868,-105.066015095145,39.45913,-105.0665,4
39.4589282307616,-105.06639757901,39.45913,-105.0665,3
39.4589355066293,-105.06569450872,39.45905,-105.0656,1
39.4590240338659,-105.06532274564,39.45905,-105.0656,1
39.4593581410914,-105.065568386794,39.45905,-105.0656,2
39.4592840209284,-105.065657982726,39.45905,-105.0656,3
39.4594058691542,-105.065407539203,39.45905,-105.0656,3
39.459002229837,-105.065453860797,39.45905,-105.0656,4
39.4591808820352,-105.064635679904,39.45896,-105.0643,2
39.4589163691883,-105.064105998816,39.45896,-105.0643,2
39.4590852086627,-105.06409023494,39.45896,-105.0643,5
39.4592333582632,-105.064041649281,39.45896,-105.0643,3
39.4589453585953,-105.063127481484,39.45932,-105.0637,3
39.4591835671833,-105.06342043043,39.45932,-105.0637,4
39.4592776835593,-105.06341834013,39.45932,-105.0637,1
39.4591199754809,-105.062938846405,39.45927,-105.0623,2
39.4601887236661,-105.090228842883,39.46016,-105.0898,5
39.4599413742242,-105.089914833883,39.46016,-105.0898,2
39.4599963375373,-105.089035497442,39.45986,-105.0891,1
39.4597274896381,-105.089306931002,39.45986,-105.0891,3
39.4600797734088,-105.089091754196,39.45986,-105.0891,2
39.4595124635854,-105.088359891181,39.45959,-105.0884,4
39.4597007963632,-105.087874494352,39.45959,-105.0884,1
39.4600118258794,-105.079214233393,39.45995,-105.0792,5
39.4597172889137,-105.078274847868,39.4598,-105.0789,5
39.4599532831603,-105.078323987935,39.4598,-105.0789,2
39.4595669904996,-105.078315775233,39.4598,-105.0789,2
39.4597067098397,-105.077320944547,39.45971,-105.0782,3
39.45993249724,-105.077319916925,39.45971,-105.0782,3
39.4597110377526,-105.073913227998,39.45986,-105.074,2
39.4601736537112,-105.073537085156,39.45986,-105.074,1
39.4600687173879,-105.067973391573,39.45966,-105.0678,4
39.4598282017341,-105.067803668364,39.45966,-105.0678,3
39.4597515005282,-105.068417406796,39.45966,-105.0678,4
39.459681896342,-105.067619328878,39.45992,-105.0673,1
39.4598613521108,-105.067651696693,39.45992,-105.0673,1
39.4601157199344,-105.066910524371,39.45992,-105.0673,3
39.4601734877174,-105.067630592616,39.45992,-105.0673,3
39.4601616005774,-105.067025853649,39.45992,-105.0673,1
39.4600307582007,-105.06729488212,39.45992,-105.0673,2
39.459984496404,-105.066081705539,39.45965,-105.0666,4
39.4600766877138,-105.066820450534,39.45965,-105.0666,4
39.4600541684079,-105.066509424537,39.45965,-105.0666,3
39.4596347764816,-105.063143770323,39.45999,-105.0633,4
39.4600583987294,-105.063469132372,39.45999,-105.0633,1
39.4599789136474,-105.063769111174,39.45999,-105.0633,2
39.4597547589331,-104.998767885496,39.45989,-104.9991,3
39.4595466620866,-104.999515050268,39.45989,-104.9991,3
39.4602799758188,-105.091434259401,39.46104,-105.0921,2
39.4606991870213,-105.09193868116,39.46104,-105.0921,4
39.4603950560418,-105.091174961299,39.46071,-105.0903,5
39.4606177361587,-105.090679617195,39.46071,-105.0903,1
39.460578356276,-105.090126622993,39.46063,-105.0899,5
39.46072086511,-105.089747979319,39.46063,-105.0899,1
39.4607538727212,-105.088967892473,39.46051,-105.0892,3
39.4605054730161,-105.089261581793,39.46051,-105.0892,3
39.4603200913328,-105.08888623223,39.46051,-105.0892,1
39.4607906504311,-105.089083458575,39.46051,-105.0892,2
39.4605437330618,-105.087965377499,39.46071,-105.0886,5
39.460850070867,-105.088218304772,39.46071,-105.0886,1
39.4602990325253,-105.078310827431,39.46059,-105.0786,1
39.4603984177155,-105.078449813094,39.46059,-105.0786,2
39.4609632761683,-105.074034259184,39.46059,-105.0741,2
39.4608338047341,-105.073552871738,39.46059,-105.0741,3
39.4603920869212,-105.064038471903,39.46076,-105.0642,2
39.4607103011233,-105.064176543031,39.46076,-105.0642,3
39.4603796078647,-105.063234482858,39.4604,-105.0638,2
39.46165909629,-105.092308574279,39.46109,-105.0922,2
39.4612452861158,-105.091582506419,39.46109,-105.0922,2
39.4609565764745,-105.091031292746,39.46134,-105.0912,3
39.4613094655427,-105.090939720496,39.46134,-105.0912,3
39.4615534443203,-105.091358378572,39.46134,-105.0912,3
39.4614976357909,-105.091031826371,39.46134,-105.0912,2
39.4611702225787,-105.090161434904,39.4613,-105.0902,5
39.461590886279,-105.090016800251,39.4613,-105.0902,2
39.4613615617895,-105.089666226135,39.4613,-105.0902,3
39.4613455548268,-105.089524501215,39.46125,-105.089,5
39.461440440062,-105.088967706975,39.46125,-105.089,4
39.4616221191261,-105.088850490041,39.46125,-105.089,3
39.4615126810895,-105.087807331231,39.46078,-105.0894,4
39.4616254754042,-105.088377414142,39.46078,-105.0894,1
39.4612949410252,-105.088482352199,39.46078,-105.0894,5
39.4612809848116,-105.083157879707,39.46128,-105.0835,3
39.4612296921606,-105.082544305068,39.46136,-105.0824,5
39.4613884978858,-105.074876516122,39.46125,-105.0743,5
39.4616791267947,-105.075253163978,39.46125,-105.0743,1
39.4614476477871,-105.07454471125,39.46125,-105.0743,3
39.4616488138613,-105.074586126621,39.46125,-105.0743,2
39.4616180255995,-105.074528461029,39.46125,-105.0743,2
39.4609890189169,-105.074234655985,39.4614,-105.0738,2
39.4616030712004,-105.074118613325,39.4614,-105.0738,5
39.4613874304721,-105.074335277609,39.4614,-105.0738,2
39.4617249440106,-105.091403305436,39.46204,-105.0912,4
39.4617710561914,-105.091317842761,39.46204,-105.0912,3
39.4618491478487,-105.090511744053,39.46204,-105.0912,1
39.4618383518477,-105.090093696478,39.46199,-105.0904,1
39.4623446677128,-105.090454827773,39.46199,-105.0904,1
39.4617613064682,-105.089552761202,39.46199,-105.0904,3
39.4624066864197,-105.090082334601,39.46199,-105.0904,1
39.4621069310499,-105.090244938627,39.46199,-105.0904,3
39.4623353928093,-105.090095551294,39.46199,-105.0904,1
39.4617443307001,-105.087310115735,39.46207,-105.0865,4
39.4623806781742,-105.087620045022,39.46207,-105.0865,2
39.4620919182393,-105.082617601083,39.46204,-105.0824,5
39.4623163121444,-105.082877479113,39.46204,-105.0824,3
39.4621936669949,-105.082228524473,39.46204,-105.0824,1
39.4619609423496,-105.081264764958,39.46242,-105.0818,3
39.462008775642,-105.081737508707,39.46242,-105.0818,3
39.4624116019739,-105.07510113308,39.46209,-105.0748,5
39.4620462927967,-105.075272349154,39.46209,-105.0748,4
39.4620268083103,-105.075060472269,39.46209,-105.0748,2
39.4618744290008,-105.073794019695,39.46206,-105.074,5
39.4619083337285,-105.073987944622,39.46206,-105.074,1
39.4619250813855,-104.997170529688,39.46205,-104.9973,5
39.4619477536365,-104.996846595842,39.46205,-104.9973,1
39.4622072107753,-104.997626139169,39.46205,-104.9973,1
39.4623470028879,-104.996380120596,39.46219,-104.9964,5
39.4620981803004,-104.996575271657,39.46219,-104.9964,1
39.4618468533404,-104.996579067867,39.46219,-104.9964,2
39.4621105200544,-104.987369770143,39.46211,-104.9877,3
39.4617635267425,-104.987481363327,39.46211,-104.9877,1
39.4624538676936,-105.091242926238,39.4628,-105.0912,5
39.462480970587,-105.091060404225,39.4628,-105.0912,1
39.4629202593312,-105.089814339368,39.46278,-105.0897,3
39.4629942333754,-105.089865165541,39.46278,-105.0897,4
39.4627915266288,-105.0895740068,39.46278,-105.0897,2
39.4628981377051,-105.089881747497,39.46278,-105.0897,1
39.4627486724595,-105.089489156063,39.46295,-105.0892,1
39.4627181889556,-105.089319290578,39.46295,-105.0892,2
39.4627630218418,-105.089304129827,39.46295,-105.0892,5
39.4629347781181,-105.088799250108,39.46295,-105.0892,2
39.462950971432,-105.087767028033,39.46273,-105.0883,2
39.4629385092531,-105.088349866995,39.46273,-105.0883,2
39.462855282915,-105.088049842698,39.46273,-105.0883,2
39.4631314516978,-105.088185153284,39.46273,-105.0883,1
39.4625228663473,-105.088576339089,39.46273,-105.0883,4
39.4631216032704,-105.082726014927,39.46303,-105.0828,3
39.462635485792,-105.082832809745,39.46303,-105.0828,5
39.4628349099207,-105.08257126017,39.46303,-105.0828,2
39.4631550746441,-105.081204842914,39.46259,-105.0814,1
39.4631155355738,-105.081185234309,39.46259,-105.0814,1
39.4628636206788,-105.081191249717,39.46259,-105.0814,2
39.4627066218622,-105.081926876088,39.46259,-105.0814,4
39.4630027738058,-105.08093854692,39.46284,-105.0807,3
39.4631218343175,-105.08066343369,39.46284,-105.0807,4
39.4629197319647,-105.080468956564,39.46284,-105.0807,1
39.4626567543292,-105.076257060944,39.46279,-105.0752,3
39.4628360592228,-105.075622890126,39.46279,-105.0752,3
39.4628792273066,-105.074550990177,39.4628,-105.0752,5
39.4631401498432,-105.075284364643,39.4628,-105.0752,1
39.4628241968067,-105.073772297979,39.46277,-105.0742,4
39.4627635071434,-105.073486532527,39.46277,-105.0742,1
39.4629042513707,-104.996158591312,39.46255,-104.996,4
39.4631707946872,-104.996423786578,39.46255,-104.996,1
39.4632354153706,-105.091097250141,39.46356,-105.0911,4
39.463672440861,-105.09128330094,39.46356,-105.0911,1
39.4637249258568,-105.091117146071,39.46356,-105.0911,1
39.4634835733857,-105.090201185012,39.46351,-105.09,5
39.4634766555055,-105.090393257221,39.46351,-105.09,4
39.4636491494843,-105.090488404933,39.46351,-105.09,1
39.4634599622208,-105.088614791985,39.46364,-105.0885,5
39.4636979434829,-105.088882849869,39.46364,-105.0885,5
39.4633280845674,-105.087717638942,39.46345,-105.0885,3
39.4631696837725,-105.087803553346,39.46345,-105.0885,3
39.4635040174704,-105.087765652919,39.46345,-105.0885,5
39.4634992358481,-105.087334610619,39.46353,-105.0872,1
39.4636512855156,-105.087508262985,39.46353,-105.0872,3
39.4636884808518,-105.086797226912,39.46353,-105.0872,2
39.4635365934217,-105.082702461216,39.46347,-105.0824,1
39.4633593001252,-105.082588699813,39.46347,-105.0824,5
39.463876851779,-105.082214026058,39.46347,-105.0824,2
39.4634439521025,-105.082325015789,39.46347,-105.0824,2
39.4638605729386,-105.081519891674,39.46375,-105.0821,5
39.4634114271105,-105.081445662748,39.46375,-105.0821,2
39.463237406534,-105.081235245824,39.46375,-105.0821,1
39.4636994255743,-105.080305863452,39.46352,-105.0804,5
39.463818859173,-105.080792866939,39.46352,-105.0804,3
39.4633926292344,-105.074849718615,39.46383,-105.0746,3
39.4633535907942,-105.075267583157,39.46383,-105.0746,1
39.4638059224105,-105.075130238622,39.46383,-105.0746,2
39.4633913154264,-105.074088195934,39.4636,-105.0739,3
39.4638718542639,-105.073848473931,39.4636,-105.0739,2
39.463238184471,-104.988173698782,39.46367,-104.9873,1
39.4633107968792,-104.9880560486,39.46367,-104.9873,1
39.4635649675122,-104.98744505835,39.46367,-104.9873,2
39.4645900014191,-105.091205110921,39.46404,-105.0911,3
39.4644153547906,-105.090970298866,39.46404,-105.0911,2
39.4643403733577,-105.090509145375,39.46404,-105.0911,1
39.4640099133523,-105.090651796079,39.46404,-105.0911,1
39.4642883232797,-105.090385201288,39.46434,-105.0902,2
39.4638897535379,-105.089551535465,39.46434,-105.0902,3
39.463912754048,-105.090276397984,39.46434,-105.0902,2
39.4639919317978,-105.090306515845,39.46434,-105.0902,2
39.4644940851592,-105.089692102352,39.46434,-105.0902,2
39.46407064195,-105.089214102483,39.46416,-105.0891,3
39.4645690135667,-105.089524777961,39.46416,-105.0891,4
39.4645912917579,-105.088620875161,39.46416,-105.0891,1
39.4646079469066,-105.088942910234,39.46416,-105.0891,4
39.464142791403,-105.088378994591,39.4641,-105.0882,5
39.4644402338226,-105.087945454035,39.4641,-105.0882,3
39.4645770871321,-105.087095942462,39.46387,-105.0876,4
39.4641342141041,-105.086911859303,39.46387,-105.0876,1
39.4641636980512,-105.082435186157,39.46418,-105.0819,1
39.4645750573131,-105.08263685112,39.46418,-105.0819,4
39.4641883672896,-105.082466576805,39.46418,-105.0819,4
39.4642475482792,-105.081090355163,39.46426,-105.0819,1
39.464031077749,-105.081102696246,39.46426,-105.0819,5
39.4641429706692,-105.08147482862,39.46426,-105.0819,1
39.4639661062959,-105.08164294898,39.46426,-105.0819,3
39.4642215775668,-105.080700953371,39.46425,-105.0804,1
39.4645991902798,-105.080698524015,39.46425,-105.0804,4
39.4643138590377,-105.080801336944,39.46425,-105.0804,1
39.46451549793,-105.080208516571,39.46425,-105.0804,4
39.464430067962,-105.080470782256,39.46425,-105.0804,1
39.4643960552955,-105.075763371798,39.46447,-105.0753,2
39.4640144987335,-105.076265995024,39.46447,-105.0753,1
39.4640147781407,-105.075344814699,39.46416,-105.075,3
39.4644553727642,-105.074834152932,39.46416,-105.075,1
39.4639452775651,-105.073737122998,39.46416,-105.074,2
39.4642179495227,-105.073834266472,39.46416,-105.074,1
39.4646371311143,-105.05360694007,39.46428,-105.0543,2
39.4642789050913,-104.988500705386,39.46426,-104.9889,2
39.4649269216652,-105.09059274146,39.4651,-105.091,5
39.4653243421378,-105.091241821533,39.4651,-105.091,3
39.4651724907535,-105.091113336878,39.4651,-105.091,1
39.4651161804904,-105.090934458491,39.4651,-105.091,1
39.4650290508536,-105.089604441133,39.46501,-105.0899,5
39.4646241315154,-105.089691129297,39.46501,-105.0899,4
39.4648718458057,-105.0899147807,39.46501,-105.0899,1
39.4650708241515,-105.089140006446,39.46501,-105.089,3
39.4651646706624,-105.088958504975,39.46501,-105.089,1
39.4651871215034,-105.08904968851,39.46501,-105.089,3
39.4651527915418,-105.089477409767,39.46501,-105.089,2
39.4646424984155,-105.089030744489,39.46501,-105.089,1
39.4652741183793,-105.089417786227,39.46501,-105.089,2
39.4648746268092,-105.088109944595,39.46501,-105.0881,3
39.4646934438902,-105.088576363987,39.46501,-105.0881,5
39.4647073897006,-105.087712816825,39.46501,-105.0881,3
39.4649241668549,-105.088320412914,39.46501,-105.0881,1
39.4648508445188,-105.085409003673,39.46522,-105.0853,1
39.4647583671743,-105.085132896682,39.46522,-105.0853,5
39.4649501092937,-105.085078496017,39.46522,-105.0853,1
39.4648805861036,-105.085021526963,39.46522,-105.0853,1
39.4653151448449,-105.082075337709,39.465,-105.0819,4
39.4652964286523,-105.082186615361,39.465,-105.0819,1
39.4653304313446,-105.082524672765,39.465,-105.0819,1
39.4651130323238,-105.082524284526,39.465,-105.0819,4
39.4648008231768,-105.081853314783,39.46499,-105.0819,4
39.4646549975268,-105.081898734393,39.46499,-105.0819,1
39.4648596384508,-105.081674927049,39.46499,-105.0819,3
39.4651007182458,-105.075660579094,39.46507,-105.0756,2
39.4648907509539,-105.07541503312,39.46507,-105.0756,3
39.4647364795059,-105.075187195096,39.46502,-105.0748,2
39.4648043089615,-105.075187012484,39.46502,-105.0748,2
39.4650027979448,-105.074694177268,39.46502,-105.0748,1
39.4648821504795,-105.073453878677,39.46497,-105.0739,2
39.4653610180937,-105.074037664759,39.46497,-105.0739,1
39.4649541948342,-105.074225079925,39.46497,-105.0739,1
39.4647902371474,-105.054154665022,39.46506,-105.0542,3
39.46512711846,-104.998720818429,39.46502,-104.9991,4
39.4649975524488,-104.999232047736,39.46502,-104.9991,3
39.4648519639248,-104.998347250267,39.46548,-104.9983,1
39.4650853985265,-104.997755765843,39.46548,-104.9983,3
39.4650575763604,-104.998159469451,39.46548,-104.9983,3
39.4657080880172,-105.090944827827,39.46589,-105.0904,3
39.4659362495935,-105.091295558283,39.46589,-105.0904,4
39.46599657053,-105.091330857157,39.46589,-105.0904,2
39.4660706132235,-105.091405892335,39.46589,-105.0904,1
39.4654802025259,-105.090275316503,39.46563,-105.0902,5
39.4654678184245,-105.089981491757,39.46563,-105.0902,2
39.4659642048985,-105.089938099592,39.46563,-105.0902,1
39.4654858451946,-105.089355393725,39.46574,-105.089,1
39.4660851100958,-105.089465637579,39.46574,-105.089,3
39.4655315166376,-105.088739954214,39.46574,-105.089,4
39.4659436753869,-105.089154813588,39.46574,-105.089,4
39.465475462974,-105.088226345337,39.46573,-105.0881,5
39.4659902559865,-105.087677941016,39.46573,-105.0881,3
39.4659200297834,-105.086870045587,39.46584,-105.0876,4
39.4657160311364,-105.08730608603,39.46584,-105.0876,3
39.4655729029458,-105.08755991707,39.46584,-105.0876,2
39.4656915823388,-105.085082193165,39.46574,-105.0854,1
39.4657546679533,-105.08551247614,39.46574,-105.0854,1
39.4655949490745,-105.085013783254,39.46574,-105.0854,1
39.4654078469501,-105.085472301361,39.46574,-105.0854,3
39.4655527121809,-105.085004360824,39.46574,-105.0854,3
39.4658156676679,-105.085158539718,39.46574,-105.0854,2
39.465427547987,-105.084401916336,39.46614,-105.0842,1
39.4654923566669,-105.084731702529,39.46614,-105.0842,1
39.4656305961752,-105.08409383414,39.46614,-105.0842,4
39.4654352294099,-105.084610060846,39.46614,-105.0842,1
39.4654184739454,-105.083977888919,39.46614,-105.0842,1
39.4659152901356,-105.083976954287,39.46614,-105.0842,1
39.4660817879232,-105.084043111712,39.46614,-105.0842,1
39.4656747475699,-105.083476426518,39.46601,-105.0833,5
39.4657752389415,-105.082974588218,39.46601,-105.0833,1
39.4659071991594,-105.083745172085,39.46601,-105.0833,1
39.4653633240936,-105.083570735422,39.46601,-105.0833,1
39.4660886880741,-105.083296094201,39.46601,-105.0833,4
39.4660212734479,-105.083830388517,39.46601,-105.0833,1
39.4660914346105,-105.083162981438,39.46601,-105.0833,1
39.4654861538128,-105.082445958281,39.46581,-105.0821,5
39.4655211100372,-105.0823776887,39.46581,-105.0821,4
39.46608520992,-105.082522605501,39.46581,-105.0821,1
39.4656003539951,-105.081369890089,39.46561,-105.082,5
39.465812052871,-105.081051196215,39.46561,-105.082,3
39.4656899475225,-105.081139402809,39.46561,-105.082,3
39.4658180905535,-105.075212093555,39.46582,-105.0749,1
39.4658236522467,-105.074750288158,39.46582,-105.0749,1
39.4654390702276,-105.074493476109,39.46582,-105.0749,1
39.4654300651802,-105.075083468327,39.46582,-105.0749,4
39.4654185435377,-105.073590811964,39.46574,-105.0738,4
39.465749776317,-104.998676353446,39.46575,-104.9991,3
39.4657210878341,-104.987658330377,39.46571,-104.9881,4
39.4657134464305,-104.986370258302,39.4657,-104.9872,4
39.465432220124,-104.987281590029,39.4657,-104.9872,1
39.4661698783941,-105.090503394006,39.46623,-105.0907,2
39.4667433439294,-105.090881060348,39.46623,-105.0907,1
39.4668032547625,-105.090866983853,39.46623,-105.0907,5
39.4664452006362,-105.091258247675,39.46623,-105.0907,1
39.4665819649776,-105.089977425707,39.46649,-105.0899,4
39.4661934022118,-105.090382163467,39.46649,-105.0899,2
39.4663342170389,-105.088932391905,39.46626,-105.0895,5
39.4666834787074,-105.089089351142,39.46626,-105.0895,1
39.4668199975665,-105.089311627868,39.46626,-105.0895,4
39.4666869511412,-105.089173761485,39.46626,-105.0895,2
39.4664692778858,-105.088296085567,39.46646,-105.0881,1
39.4661424127206,-105.087736195329,39.46646,-105.0881,2
39.4668072014652,-105.088329715574,39.46646,-105.0881,1
39.4667972618591,-105.088363532686,39.46646,-105.0881,2
39.4666767983151,-105.087642581856,39.46679,-105.0875,3
39.4667834613806,-105.084905932719,39.4665,-105.0849,1
39.4667158713968,-105.085568807696,39.4665,-105.0849,1
39.4667972500983,-105.085249424548,39.4665,-105.0849,1
39.4664284108267,-105.084287748872,39.46618,-105.0844,2
39.466227702446,-105.083353811334,39.46608,-105.0835,3
39.4667876204263,-105.082170681034,39.4664,-105.0823,5
39.4663682827177,-105.082002165307,39.4664,-105.0823,3
39.466496027796,-105.082829588803,39.4664,-105.0823,1
39.4667755049915,-105.077380101229,39.46646,-105.0777,1
39.4666030109321,-105.077415398485,39.46646,-105.0777,4
39.4665653723179,-105.077915523624,39.46646,-105.0777,1
39.4664593693757,-105.074723590066,39.46649,-105.0747,3
39.4664337229055,-105.075262812733,39.46649,-105.0747,3
39.4665997983655,-105.074231129368,39.46647,-105.0739,4
39.4661451259339,-105.072729962573,39.46647,-105.0732,1
39.4664874345532,-105.073210425619,39.46647,-105.0732,1
39.466613926814,-104.987813613594,39.46655,-104.9874,1
39.4667301595254,-104.988189748518,39.46655,-104.9874,1
39.4661608780924,-104.987658332463,39.46655,-104.9874,2
39.4662578587912,-104.986482061471,39.46641,-104.9874,2
39.4669273172356,-105.090856651096,39.46735,-105.0906,1
39.4670194318212,-105.090761910333,39.46735,-105.0906,3
39.4668678320217,-105.090381297084,39.46701,-105.0903,5
39.4669835837657,-105.08927395704,39.4673,-105.0892,3
39.4673972825761,-105.088653779139,39.4673,-105.0892,2
39.4671899885563,-105.088630108057,39.4673,-105.0892,3
39.4673728775567,-105.08905535208,39.4673,-105.0892,1
39.4669429570199,-105.088786257213,39.4673,-105.0892,1
39.4672784464552,-105.089340528955,39.4673,-105.0892,1
39.4672716026269,-105.087797531828,39.46719,-105.0883,3
39.4669833998153,-105.088341367203,39.46719,-105.0883,3
39.4669321381052,-105.078908279779,39.46731,-105.0784,2
39.4672598323399,-105.078695872376,39.46731,-105.0784,3
39.4669397466034,-105.078428588932,39.46731,-105.0784,1
39.4671862836201,-105.078732730507,39.46731,-105.0784,1
39.4672244296451,-105.078846097237,39.46731,-105.0784,1
39.4669079253689,-105.078744794558,39.46731,-105.0784,3
39.4674933683308,-105.078726987272,39.46731,-105.0784,1
39.467428156266,-105.077956259211,39.46746,-105.0775,4
39.4671976702774,-105.077260885709,39.46746,-105.0775,3
39.4671368107792,-105.07511076214,39.4672,-105.0748,3
39.4670468316656,-105.074313531216,39.46719,-105.0739,2
39.4673704231606,-105.073674795343,39.46719,-105.0739,3
39.4670091617173,-104.988038977461,39.46725,-104.9876,3
39.4678224426025,-105.088858446077,39.46814,-105.0886,3
39.467677617259,-105.089496054517,39.46814,-105.0886,1
39.4676581829671,-105.087851032188,39.46788,-105.0882,1
39.4676837714707,-105.088356387265,39.46788,-105.0882,1
39.4679956074538,-105.07883938064,39.46791,-105.0787,3
39.4682541135522,-105.078360220664,39.46791,-105.0787,3
39.4675868846178,-105.078900917946,39.46791,-105.0787,4
39.4680974733673,-105.077254832567,39.46783,-105.0779,5
39.4680582183895,-105.077949653568,39.46783,-105.0779,5
39.4680484467167,-105.076431701968,39.46793,-105.0766,4
39.4677929765416,-105.074660290188,39.46791,-105.0747,3
39.4676938171636,-105.074262694664,39.46783,-105.0741,2
39.4679906439689,-105.074097130559,39.46783,-105.0741,2
39.4680890075194,-105.065915419716,39.46794,-105.0665,1
39.4682998149322,-105.066345311029,39.46794,-105.0665,1
39.4678909729634,-105.002670587709,39.46788,-105.003,2
39.4689576417682,-105.09032610005,39.46865,-105.09,2
39.4690096353408,-105.089893784909,39.46865,-105.09,5
39.4687583627473,-105.088848569353,39.46855,-105.0892,1
39.4686528613593,-105.088791366437,39.46855,-105.0892,3
39.4684061474764,-105.089166856579,39.46855,-105.0892,3
39.4689624677483,-105.088385556108,39.46828,-105.0879,1
39.4683967381623,-105.087946524999,39.46828,-105.0879,2
39.4684713194954,-105.088355104545,39.46828,-105.0879,3
39.4686552013272,-105.087793710494,39.46828,-105.0879,1
39.4686511469866,-105.079627575285,39.46878,-105.0793,1
39.4685930685626,-105.079834938617,39.46878,-105.0793,2
39.4686467334468,-105.079249335925,39.46878,-105.0793,2
39.4683641930384,-105.079285160777,39.46878,-105.0793,5
39.468866220615,-105.078487374979,39.46874,-105.0785,2
39.4685543118467,-105.078579369674,39.46874,-105.0785,1
39.4687139050618,-105.078371427847,39.46874,-105.0785,1
39.468635044765,-105.079014709111,39.46874,-105.0785,4
39.4686957139763,-105.078780307358,39.46874,-105.0785,2
39.4687874235124,-105.077321518483,39.46846,-105.0783,3
39.4686555395332,-105.077450618928,39.46846,-105.0783,3
39.4685558840938,-105.078083783884,39.46846,-105.0783,1
39.4684679675693,-105.076939770511,39.46868,-105.0768,1
39.4685011636309,-105.077240862025,39.46868,-105.0768,4
39.4686952057927,-105.076616820019,39.46868,-105.0768,1
39.4684501658598,-105.074842343232,39.46843,-105.0752,2
39.4688256103474,-105.073475236858,39.46907,-105.0735,4
39.4685027289275,-105.065437624607,39.46864,-105.0651,3
39.4684589473262,-105.06430781088,39.46876,-105.0644,1
39.4683844664182,-105.064427347453,39.46876,-105.0644,2
39.4690605711135,-105.089697252822,39.46937,-105.0901,5
39.4691556615647,-105.089972148205,39.46937,-105.0901,2
39.469482728362,-105.079460693868,39.46939,-105.0796,2
39.4694232988933,-105.079437861306,39.46939,-105.0796,5
39.4692963462797,-105.079657512973,39.46939,-105.0796,3
39.4690444163998,-105.078578304648,39.46933,-105.0788,2
39.4692808072872,-105.078342709362,39.46933,-105.0788,3
39.4694538644519,-105.07858040384,39.46933,-105.0788,5
39.4696632527454,-105.077871507321,39.46954,-105.0774,1
39.4696880625455,-105.077543603278,39.46954,-105.0774,2
39.4690687694674,-105.077995794621,39.46954,-105.0774,1
39.4693702486764,-105.077830708511,39.46954,-105.0774,3
39.4695435182941,-105.077117758983,39.46939,-105.0768,1
39.4692129039992,-105.076972956814,39.46939,-105.0768,2
39.4690553180709,-105.076897231,39.46939,-105.0768,1
39.4690478732703,-105.077204377615,39.46939,-105.0768,2
39.4695635346032,-105.073646288074,39.46941,-105.0735,4
39.4694239274402,-105.065302631342,39.46966,-105.0653,3
39.4692407289832,-105.064767706678,39.46952,-105.0645,2
39.469198165763,-105.064057661451,39.46952,-105.0645,1
39.4701274000048,-105.089749731689,39.46988,-105.0905,5
39.4701111016312,-105.086029647206,39.47012,-105.0863,1
39.4698123657369,-105.086254047634,39.47012,-105.0863,4
39.4699917811418,-105.080855025748,39.47012,-105.0803,5
39.4698026185418,-105.079948067936,39.4702,-105.0795,4
39.4699174077743,-105.079759010829,39.4702,-105.0795,2
39.4699852963001,-105.080000915588,39.4702,-105.0795,4
39.4702683034943,-105.07887684948,39.46988,-105.0792,1
39.4703384414849,-105.078396979603,39.46988,-105.0792,4
39.47041535555,-105.07887486972,39.46988,-105.0792,3
39.4704213795112,-105.078859893569,39.46988,-105.0792,1
39.4700172980774,-105.078785503278,39.46988,-105.0792,2
39.4701764558994,-105.077669809575,39.4701,-105.0778,1
39.4697710467525,-105.077293480534,39.4701,-105.0778,2
39.4700676225107,-105.077611331514,39.4701,-105.0778,2
39.4700481261469,-105.077277863032,39.4701,-105.0778,2
39.4698154290152,-105.076455612238,39.47016,-105.0767,4
39.4704381752209,-105.076451161866,39.47016,-105.0767,1
39.4699023347728,-105.076477021802,39.47016,-105.0767,1
39.4698131474579,-105.064070326705,39.47014,-105.0643,5
39.4709495098193,-105.08738572988,39.47101,-105.0869,3
39.4705039053396,-105.087373668197,39.47101,-105.0869,4
39.4711239214598,-105.086806357998,39.47101,-105.0869,4
39.4705502972105,-105.085937200284,39.47068,-105.0866,3
39.4708889779579,-105.08618214548,39.47068,-105.0866,5
39.4709413309883,-105.080821490341,39.47101,-105.08,3
39.4711559920828,-105.079181594578,39.47079,-105.0799,5
39.4709873549774,-105.080045775224,39.47079,-105.0799,3
39.470912408989,-105.078213194978,39.47057,-105.0781,2
39.4706653569373,-105.078989723125,39.47057,-105.0781,3
39.4706596992183,-105.078843078893,39.47057,-105.0781,5
39.4710572147916,-105.078950336649,39.47057,-105.0781,1
39.4707289126305,-105.077829675655,39.47057,-105.0781,5
39.4705470684236,-105.077818316891,39.47057,-105.0781,3
39.4708706266552,-105.076528368047,39.47058,-105.077,3
39.4706274188003,-105.076960182321,39.47058,-105.077,1
39.4709268429321,-105.076690451193,39.47058,-105.077,1
39.4706382883346,-105.077205684571,39.47058,-105.077,3
39.4705534028773,-105.065853254233,39.47087,-105.0653,1
39.4708623553067,-105.065719642608,39.47087,-105.0653,3
39.4711858262958,-105.065358024813,39.47087,-105.0653,1
39.4711380691334,-105.064460213107,39.47088,-105.0643,2
39.4710792664285,-105.064597878971,39.47088,-105.0643,2
39.4709237755019,-105.064103148976,39.47088,-105.0643,1
39.4711810316025,-104.985098752357,39.47081,-104.9849,2
39.4712167863267,-104.985064626963,39.47081,-104.9849,3
39.471819617787,-105.087516936394,39.47157,-105.0873,3
39.4716526457845,-105.086739676506,39.47157,-105.0873,3
39.4713201959054,-105.087488517534,39.47157,-105.0873,4
39.4717050500022,-105.087545558688,39.47157,-105.0873,1
39.4713859533872,-105.079522554789,39.4716,-105.0796,1
39.4718479978504,-105.079303913451,39.4716,-105.0796,3
39.4718947450418,-105.078928982314,39.47143,-105.0787,1
39.4716185343072,-105.079006467509,39.47143,-105.0787,2
39.4712499491978,-105.07886734407,39.47143,-105.0787,4
39.4715502154145,-105.078799623963,39.47143,-105.0787,3
39.4716483914833,-105.077688573734,39.47144,-105.0777,5
39.4713564108776,-105.077730648071,39.47144,-105.0777,2
39.4713196767353,-105.077810620537,39.47144,-105.0777,1
39.4718223767623,-105.077889182329,39.47144,-105.0777,1
39.4717978648041,-105.07657569482,39.47154,-105.0774,3
39.4719454099088,-105.077191518626,39.47154,-105.0774,2
39.4718094731665,-105.077237383613,39.47154,-105.0774,3
39.4713460675032,-105.065173423039,39.47175,-105.0652,3
39.47146064934,-105.007130280184,39.47202,-105.0066,2
39.472658935721,-105.088118967189,39.47243,-105.0876,4
39.4725115501555,-105.088403032156,39.47243,-105.0876,1
39.4726362623139,-105.088351161416,39.47243,-105.0876,2
39.4722790436399,-105.087035838182,39.47225,-105.0876,3
39.472625452007,-105.087640684016,39.47225,-105.0876,2
39.4726163914095,-105.086792156485,39.47225,-105.0876,2
39.4720835653142,-105.086862864572,39.47225,-105.0876,1
39.4725173810616,-105.087253600459,39.47225,-105.0876,2
39.4722964493833,-105.078803618825,39.47241,-105.0784,2
39.4723973967783,-105.079105857594,39.47241,-105.0784,1
39.4721809112132,-105.078695149837,39.47241,-105.0784,2
39.4726954903264,-105.078475548329,39.47241,-105.0784,1
39.4720467182955,-105.077442933342,39.47237,-105.0776,4
39.4721435839803,-105.077424336697,39.47237,-105.0776,3
39.4725333047959,-105.077662190677,39.47237,-105.0776,2
39.4721828548726,-105.07730883214,39.47237,-105.0776,3
39.4729149909099,-105.088386391867,39.47312,-105.0879,1
39.4730089153757,-105.088448968098,39.47312,-105.0879,1
39.4732390222778,-105.088024412337,39.47312,-105.0879,3
39.473332751771,-105.086813761233,39.47292,-105.0878,5
39.4733668273951,-105.087566424625,39.47292,-105.0878,2
39.4733012744339,-105.078558503098,39.47306,-105.0787,3
39.4727119755001,-105.078440226723,39.47306,-105.0787,2
39.4729486805197,-105.077689843451,39.47303,-105.0779,4
39.4732427299783,-105.078103387504,39.47303,-105.0779,4
39.4728436245673,-105.077862324076,39.47303,-105.0779,2
39.4727454759207,-105.075244002351,39.47323,-105.0748,1
39.4729194602311,-105.074856984421,39.47323,-105.0748,3
39.4736491990682,-105.088340722665,39.47379,-105.0882,4
39.4734909934219,-105.087794706314,39.47379,-105.0882,2
39.4737819770154,-105.078851344342,39.47383,-105.0784,2
39.4739423344155,-105.078466995196,39.47383,-105.0784,5
39.4741348170943,-105.077301737725,39.4738,-105.078,1
39.4736392818426,-105.078012586835,39.4738,-105.078,2
39.4737343020607,-105.077769281082,39.4738,-105.078,4
39.4741452881631,-105.074692511304,39.47385,-105.0747,2
39.4745644040796,-105.088359528251,39.47443,-105.0885,1
39.4747714473314,-105.087972429755,39.47443,-105.0885,3
39.4745966304501,-105.070802151932,39.47404,-105.0711,3
39.4746575458645,-104.986593977786,39.47499,-104.9868,2
39.4755845159968,-105.078312794365,39.47521,-105.0787,2
39.4754528205598,-105.078747824352,39.47521,-105.0787,1
39.4752267807508,-104.98671904935,39.475,-104.9869,1
39.4749361553999,-104.986790261673,39.475,-104.9869,1
39.4767337549774,-105.089326181222,39.47665,-105.0894,2
39.4764277843643,-105.074621464754,39.47674,-105.0748,3
39.478803191668,-105.083788587559,39.4788,-105.0832,5
39.4786928980177,-105.083666278666,39.4788,-105.0832,2
39.4787375493283,-105.082272601128,39.47903,-105.0821,4
39.4792342716944,-105.078493716094,39.47885,-105.0787,2
39.4787256111622,-104.987697214583,39.47906,-104.9873,1
39.4789173230443,-104.987672419882,39.47906,-104.9873,3
39.4797834534101,-105.08385473447,39.47967,-105.0832,2
39.4797713477299,-105.083707152403,39.47967,-105.0832,2
39.4794900995673,-105.082800060621,39.47967,-105.0821,2
39.4796156000092,-105.082784727802,39.47967,-105.0821,4
39.4804028412172,-105.083855054409,39.4806,-105.0834,2
39.4802845903153,-105.083189338265,39.4806,-105.0834,5
39.48056328383,-105.082833771143,39.4804,-105.0821,3
39.4805048056012,-105.082446174492,39.4804,-105.0821,1
39.4805629360621,-105.082589724023,39.4804,-105.0821,2
39.4807529232154,-105.082662637206,39.4804,-105.0821,2
39.4804829672483,-105.081925461019,39.4804,-105.0812,3
39.4800687445441,-105.081583396415,39.4804,-105.0812,2
39.4802032097216,-105.081773737188,39.4804,-105.0812,2
39.4807872750883,-105.084298921398,39.48136,-105.0841,3
39.4811646238611,-105.084300745921,39.48136,-105.0841,3
39.4812198562845,-105.08306113421,39.48114,-105.0831,5
39.4809516978635,-105.083095933386,39.48114,-105.0831,1
39.4812117335327,-105.083276368686,39.48114,-105.0831,2
39.4808702287426,-105.082642936988,39.48114,-105.0821,1
39.4809693641776,-105.08241966666,39.48114,-105.0821,4
39.4810441857046,-105.082347603708,39.48114,-105.0821,1
39.4809573043817,-105.081242047039,39.48114,-105.0813,1
39.4812115299708,-105.081757289461,39.48114,-105.0813,5
39.48114107903,-105.081559278145,39.48114,-105.0813,1
39.4819048892577,-105.084186759027,39.48215,-105.0845,1
39.4820283009133,-105.084664639829,39.48215,-105.0845,1
39.4818930653859,-105.084374900521,39.48215,-105.0845,1
39.4819999225718,-105.084032479986,39.48215,-105.0845,3
39.4816441217163,-105.083884203502,39.48187,-105.0831,1
39.4815712872158,-105.083194659841,39.48187,-105.0831,1
39.481640965426,-105.083244440433,39.48187,-105.0831,3
39.4816422145593,-105.08355237103,39.48187,-105.0831,1
39.4820380639266,-105.083075284993,39.48187,-105.0831,2
39.4817019729499,-105.082383814219,39.48232,-105.0825,3
39.4817450587286,-105.082792058565,39.48232,-105.0825,1
39.4819238806895,-105.082811376534,39.48232,-105.0825,2
39.4816025102379,-105.081340342179,39.48146,-105.0815,3
39.4815510432866,-105.08159554494,39.48146,-105.0815,3
39.4820754705001,-105.081293645998,39.48146,-105.0815,1
39.4827939173893,-105.084474452386,39.48297,-105.0844,4
39.4824162055995,-105.084518840206,39.48297,-105.0844,1
39.4827691124148,-105.084448368817,39.48297,-105.0844,1
39.4827356590785,-105.083051902905,39.48261,-105.0831,3
39.4828427956086,-105.083383130324,39.48261,-105.0831,3
39.482666925823,-105.082272000707,39.48261,-105.0822,5
39.4826605860827,-105.082046160834,39.48261,-105.0822,3
39.4829678909464,-105.081958325254,39.4826,-105.0812,3
39.4826012034867,-105.081556967572,39.4826,-105.0812,3
39.4826897999762,-105.08040999569,39.48235,-105.0806,1
39.4826605674188,-105.080622513191,39.48235,-105.0806,3
39.482849415327,-105.080579747413,39.48235,-105.0806,1
39.4832205261567,-105.084299549611,39.48299,-105.0843,1
39.4832853063126,-105.084019583734,39.48299,-105.0843,2
39.4834853541402,-105.083967384816,39.48299,-105.0843,2
39.4830412735729,-105.08304355403,39.48332,-105.0831,4
39.4833708954455,-105.08306535604,39.48332,-105.0831,3
39.4831194318151,-105.082189864762,39.4833,-105.0822,4
39.4831263915997,-105.082776737729,39.4833,-105.0822,2
39.4836354919685,-105.081839070254,39.48362,-105.0809,4
39.4835137278211,-105.081872746663,39.48362,-105.0809,2
39.4832907605573,-105.081219297447,39.48362,-105.0809,2
39.483000403602,-105.081895566588,39.48362,-105.0809,1
39.4833074390568,-105.080689842633,39.4834,-105.0808,5
39.4834149710817,-105.081030175941,39.4834,-105.0808,1
39.4843607474023,-105.084749964201,39.48376,-105.0844,4
39.4844266144309,-105.083319523307,39.48377,-105.0834,2
39.4837423082614,-105.083289179545,39.48377,-105.0834,2
39.4838043531851,-105.082980234829,39.48377,-105.0834,3
39.4840349563702,-105.082355317482,39.4842,-105.0826,4
39.4844031687415,-105.082162864722,39.4842,-105.0826,2
39.4838345862267,-105.08225359863,39.4842,-105.0826,2
39.4838932967186,-105.081159565297,39.48398,-105.0815,5
39.4843316173903,-105.081252175133,39.48398,-105.0815,2
39.4837935592275,-105.081898562987,39.48398,-105.0815,1
39.4840635958931,-105.080868648884,39.48385,-105.0811,1
39.4839376592091,-105.080970924071,39.48385,-105.0811,2
39.4837652123029,-105.080779413378,39.48385,-105.0811,3
39.48393238413,-105.011754222937,39.48334,-105.0113,4
39.4843049270515,-105.011851887517,39.48334,-105.0113,2
39.4849660195517,-105.083198113285,39.48452,-105.0834,4
39.4846577576994,-105.083537001463,39.48452,-105.0834,3
39.4847517684001,-105.082667599829,39.485,-105.0822,3
39.4850196480854,-105.08222670998,39.485,-105.0822,3
39.4849895415731,-105.081253188168,39.48463,-105.0817,4
39.4848163382545,-105.08116166988,39.48463,-105.0817,3
39.4849559571886,-105.081159142792,39.48463,-105.0817,1
39.4851178251052,-105.000122956274,39.48454,-105.0002,4
39.4857170310477,-105.083735115773,39.4856,-105.0833,2
39.4855323046297,-105.083679375372,39.4856,-105.0833,2
39.4854653934561,-105.082733616007,39.48524,-105.0826,5
39.4855213154969,-105.082755278643,39.48524,-105.0826,2
39.486457337736,-105.082365459456,39.48663,-105.0825,1
39.4864661575333,-105.082786658886,39.48663,-105.0825,1
39.4861196022741,-105.082254116977,39.48663,-105.0825,4
39.4865162042984,-105.082379418747,39.48663,-105.0825,2
39.4861259709021,-105.081537907315,39.48661,-105.0815,1
39.4860484354578,-105.081280954533,39.48661,-105.0815,5
39.4862612858774,-105.080250717809,39.48661,-105.0806,1
39.4860057241886,-105.080986274363,39.48661,-105.0806,1
39.4861140457203,-105.080283663775,39.48661,-105.0806,1
39.4870570394526,-105.082878736848,39.48663,-105.0825,4
39.486825497151,-105.082644820109,39.48663,-105.0825,2
39.487148720898,-105.081854922679,39.48661,-105.0815,3
39.4873394300476,-105.081742129876,39.48661,-105.0815,4
39.4871546842072,-105.081517862328,39.48661,-105.0815,1
39.4876201910657,-105.080384088751,39.48804,-105.0804,1
39.487582139646,-105.080378392761,39.48804,-105.0804,5
39.4873978349422,-105.079226690046,39.48791,-105.0796,1
39.4875173664749,-105.079798685449,39.48791,-105.0796,1
39.4886117578738,-105.081375718196,39.48853,-105.081,1
39.4884530046719,-105.081241662198,39.48853,-105.081,2
39.4883519254006,-105.081652374678,39.48853,-105.081,4
39.4885328431193,-105.080789170466,39.48835,-105.0809,4
39.4882631986333,-105.080620954794,39.48835,-105.0809,2
39.4881821167061,-105.021257349157,39.48886,-105.0208,3
39.489206867583,-105.081886164371,39.48915,-105.0809,5
39.4891081828759,-105.080548196032,39.48924,-105.0809,4
39.4889147588261,-105.08029681823,39.48924,-105.0809,1
39.4894073599747,-105.018749773393,39.4893,-105.0194,4
39.4891723011995,-105.018498361734,39.4893,-105.0176,1
39.4895766909516,-105.018060051541,39.4893,-105.0176,3
39.4888737867373,-105.018088858052,39.4893,-105.0176,4
39.4898454892811,-105.081869598497,39.49002,-105.0812,3
39.4897406822849,-105.081531519533,39.49002,-105.0812,2
39.4896285844378,-105.080813702931,39.49026,-105.0806,3
39.4899804280908,-105.080927740016,39.49026,-105.0806,3
39.4900869825002,-105.079917425374,39.49012,-105.0794,5
39.4899574794565,-105.079592296084,39.49012,-105.0794,1
39.4908259082364,-105.08116478801,39.49062,-105.0812,1
39.4907302788556,-105.081557973919,39.49062,-105.0812,2
39.4905198680074,-105.080883422014,39.49026,-105.0806,3
39.4903420698336,-105.080565367323,39.49026,-105.0806,2
39.4903533416908,-105.079490169223,39.49026,-105.0798,4
39.4907797905545,-105.079683123871,39.49026,-105.0798,2
39.4927643309154,-105.023108828836,39.49283,-105.0228,2
39.4925696275368,-105.02240508605,39.49283,-105.0228,2
39.4959576410968,-105.004419503018,39.49595,-105.0047,2
39.495739216721,-104.977083893876,39.49602,-104.9775,1
39.4954748790652,-104.977011297017,39.49602,-104.9775,2
39.4956139851051,-104.977030206062,39.49602,-104.9775,1
39.4958877645,-104.976874645453,39.49604,-104.977,1
39.4961921879695,-104.97615714433,39.49604,-104.977,3
39.4964873446081,-104.977632582396,39.49616,-104.9772,1
39.4968641991094,-104.977615308104,39.49616,-104.9772,1
39.4966888889946,-104.977069749783,39.49616,-104.9772,1
39.4971789760478,-105.022062337281,39.49732,-105.0219,3
39.4972060410602,-105.021581572052,39.49732,-105.0219,2
39.4973401543287,-105.004482812844,39.49733,-105.0048,4
39.4978468869619,-105.021951708408,39.49775,-105.0224,5
39.4977883903234,-105.004829124796,39.49809,-105.0044,3
39.4987401606293,-105.039339071193,39.49888,-105.0395,1
39.4989047951953,-105.038505813276,39.49888,-105.0395,1
39.4987586329226,-105.01117917775,39.49881,-105.0115,2
39.4997323573764,-105.025381619346,39.49951,-105.0256,2
39.499539090049,-105.025536668276,39.49951,-105.0256,1
39.4994874578221,-105.024917280002,39.5,-105.0247,3
39.4991615039539,-105.011711659861,39.49951,-105.0115,2
39.4999042427457,-105.025492800034,39.50035,-105.0253,3
39.5005385161586,-105.024923686154,39.5,-105.0247,3
39.5004228070849,-105.01348740009,39.50041,-105.0128,3
39.5003492736268,-105.013548352009,39.50041,-105.0128,1
39.5000023343219,-105.01126503666,39.50021,-105.0114,1
39.5005131554004,-105.01151405672,39.50021,-105.0114,1
39.5010115718033,-105.012936406553,39.50106,-105.013,2
39.5032038623624,-105.026973468168,39.50317,-105.0268,3
39.5037129403615,-105.013790373189,39.50373,-105.0137,3
39.5043727784313,-105.022835163581,39.50464,-105.0226,5
39.5044731423247,-105.020470715296,39.50463,-105.021,4
39.5042896388589,-105.018553377274,39.50484,-105.0183,1
39.504761064705,-105.01796281617,39.50484,-105.0183,4
39.5043797665117,-105.01462022726,39.5046,-105.0145,4
39.504388471939,-105.012896360115,39.50488,-105.0129,1
39.5047153906546,-105.013137595826,39.50488,-105.0129,3
39.5049007764913,-105.012632340719,39.50463,-105.0125,4
39.5046296365612,-105.011651516384,39.50499,-105.0119,4
39.5046909913869,-105.011221151375,39.50499,-105.0119,2
39.5051891989116,-105.026835103803,39.50537,-105.0268,2
39.50517444375,-105.022190050439,39.50515,-105.0222,4
39.5052366231196,-105.021417799339,39.50515,-105.0222,1
39.5055203111185,-105.020994472618,39.50525,-105.0209,2
39.5056035731214,-105.021253424609,39.50525,-105.0209,2
39.505523736614,-105.020065982061,39.50541,-105.02,2
39.5054223440846,-105.019837342532,39.50541,-105.02,1
39.5052390970216,-105.020057722669,39.50541,-105.02,1
39.5051786441916,-105.019358922128,39.50525,-105.019,2
39.5057261596977,-105.018384239411,39.50525,-105.0184,2
39.5056422377435,-105.017944127901,39.50525,-105.0184,1
39.50528144882,-105.012389595682,39.50536,-105.0124,3
39.5055181452508,-105.008990528654,39.50579,-105.0085,3
39.5060981300997,-105.026231485707,39.50611,-105.0268,2
39.5058667791657,-105.021620223906,39.50614,-105.0214,4
39.5058190873218,-105.022206454316,39.50614,-105.0214,1
39.5057954820063,-105.020912501231,39.50596,-105.0209,1
39.5064133687775,-105.021355119098,39.50596,-105.0209,2
39.50636466365,-105.02050859058,39.50596,-105.0209,1
39.5059750574193,-105.020413753526,39.50612,-105.02,4
39.5063495882696,-105.018615913491,39.50569,-105.0187,2
39.5061631183564,-105.018269888176,39.50612,-105.0181,1
39.5062163322033,-105.018322566245,39.50612,-105.0181,2
39.5058099431507,-105.017523534921,39.50603,-105.0171,3
39.5063310824693,-105.017197725853,39.50603,-105.0171,2
39.5061432858718,-105.016052828419,39.5061,-105.0162,1
39.5057500032777,-105.016222219872,39.5061,-105.0162,2
39.5061745401891,-105.01215365012,39.5063,-105.0126,1
39.5061718984002,-105.012442183662,39.5063,-105.0126,2
39.5061655750061,-105.008582981547,39.50583,-105.0087,3
39.5060217786556,-105.008083485625,39.50595,-105.0081,3
39.5064506605141,-105.0081091288,39.50595,-105.0081,3
39.5067314972053,-105.065400733158,39.50674,-105.0655,2
39.5071373858711,-105.026519271927,39.50684,-105.0267,3
39.5069182639553,-105.023674905267,39.50724,-105.0238,3
39.5066632918959,-105.014172770838,39.50683,-105.0143,3
39.5065183999059,-105.014066410793,39.50683,-105.0143,1
39.5070757898153,-105.011637875826,39.50694,-105.0116,1
39.5065244798986,-105.011267601069,39.50694,-105.0116,2
39.507173990487,-105.011419042017,39.50694,-105.0116,1
39.5077362240497,-105.032049692802,39.50729,-105.0323,2
39.5072357748975,-105.026786277575,39.50729,-105.0266,1
39.5075081762787,-105.026409724663,39.50729,-105.0266,2
39.5074627728312,-105.019972738801,39.50726,-105.0199,4
39.5077019124217,-105.019406146422,39.50762,-105.0187,2
39.5073321748553,-105.018898586398,39.50762,-105.0187,1
39.5072350213405,-105.019434339097,39.50762,-105.0187,1
39.5077921163593,-105.015187319107,39.50761,-105.0152,4
39.5075691832099,-105.014687154594,39.50745,-105.0146,3
39.5073752021541,-105.014706823955,39.50745,-105.0146,1
39.5075226455092,-105.011920259772,39.50723,-105.0111,2
39.5078287504176,-105.011230812868,39.50723,-105.0111,2
39.5074227834662,-105.010336930725,39.50759,-105.0105,1
39.5077382949111,-105.010533509596,39.50759,-105.0105,2
39.5077360144552,-105.009812092565,39.50794,-105.0099,2
39.5074431539155,-105.009164223126,39.50794,-105.0099,1
39.5080525713178,-105.021211278026,39.50794,-105.0206,2
39.5086178483051,-105.020017038788,39.50831,-105.02,1
39.5080915633542,-105.01971918893,39.50831,-105.02,3
39.5083827628731,-105.018984173232,39.50867,-105.0194,5
39.5080818510849,-105.016054588096,39.50839,-105.0161,2
39.5086144169841,-105.016119148893,39.50839,-105.0161,3
39.5079705371181,-105.015394596541,39.50831,-105.0152,2
39.5081510365088,-105.01484250118,39.50831,-105.0152,2
39.5091229594583,-105.016781388213,39.50913,-105.017,4
39.5090868194853,-105.016525133516,39.50902,-105.0163,2
39.508977505532,-105.015901682605,39.50902,-105.0163,3
39.5087360872933,-105.014897512966,39.50905,-105.0152,4
39.5091947152223,-105.015524104064,39.50905,-105.0152,2
39.5096009378805,-105.010375935044,39.50986,-105.0103,3
39.5094783424619,-105.010190021021,39.50986,-105.0103,3
39.5100936818945,-105.010927209219,39.50986,-105.0103,1
39.5096939759806,-105.009726994336,39.50953,-105.0101,1
39.5101273301474,-105.009977215552,39.50953,-105.0101,1
39.5096178194474,-105.009398560864,39.50953,-105.0101,3
39.5101621406423,-105.01941795852,39.51073,-105.0186,3
39.5101872111972,-105.017992497868,39.5104,-105.0183,2
39.5104792990088,-105.010802525825,39.51046,-105.0107,1
39.51071979864,-105.01025535013,39.51046,-105.0107,2
39.5104213695309,-105.010879720136,39.51046,-105.0107,2
39.5111606712757,-105.018227374373,39.51133,-105.018,2
39.51137396164,-105.018189615607,39.51133,-105.018,1
39.5114830776606,-105.016784913988,39.51119,-105.0172,3
39.5113812420578,-105.011697233572,39.51126,-105.0111,4
39.5118668928557,-105.020051600322,39.5121,-105.0197,2
39.5116947582306,-105.019692852861,39.5121,-105.0197,1
39.5121145330818,-105.019403737929,39.51211,-105.0189,3
39.5122800367752,-105.018855978134,39.51211,-105.0189,1
39.5122600501553,-105.018001532212,39.51192,-105.0182,5
39.5117315483862,-105.011354318881,39.51444,-105.0035,1
39.5123013732123,-105.0116538785,39.51444,-105.0035,4
39.5121366233621,-105.010418033817,39.51199,-105.0105,3
39.5118217594525,-105.010423580519,39.51199,-105.0105,1
39.5117777677835,-105.008685101976,39.51111,-105.011,4
39.5128886234901,-105.021049069379,39.51295,-105.0204,2
39.5125826717259,-105.021264448432,39.51295,-105.0204,1
39.5128222184534,-105.020601077256,39.51295,-105.0204,1
39.5130092079276,-105.02027783275,39.51263,-105.0202,3
39.51267593078,-105.019418322937,39.51271,-105.019,2
39.5129367347407,-105.019060536003,39.51271,-105.019,2
39.513068105239,-105.008756187062,39.51257,-105.0085,4
39.5128976147759,-105.006290012053,39.51286,-105.0067,2
39.5124326074695,-105.006388488874,39.51286,-105.0067,1
39.5125079157313,-105.004698493299,39.51291,-105.0049,5
39.513658479965,-105.002471446814,39.5135,-105.003,5
39.5142211914917,-105.020922483382,39.5141,-105.0211,5
39.5144431144665,-105.020898049316,39.5141,-105.0211,1
39.5138542734937,-105.002673637484,39.51409,-105.0031,4
39.5212313168245,-105.005775179807,39.52103,-105.0058,4
