OriginLat,OriginLon,AccessLat,AccessLon,People
39.412565170558,-105.024889815222,39.4131,-105.0242,3
39.4131702260644,-105.023472860618,39.41275,-105.0239,5
39.412772007004,-105.023445419941,39.41275,-105.0239,1
39.4125740125089,-105.023363489904,39.41275,-105.0239,2
39.4126457785554,-105.023998348368,39.41275,-105.0239,1
39.4129787537088,-105.011295968624,39.41267,-105.0108,2
39.4126218102473,-105.011027136874,39.41267,-105.0108,5
39.4126487648207,-105.01123544126,39.41267,-105.0108,3
39.4124540348134,-105.011795473756,39.41267,-105.0108,1
39.4128737428437,-105.01157253256,39.41267,-105.0108,1
39.4129001510548,-105.01011265061,39.41291,-105.0106,2
39.4130712511476,-105.010285061844,39.41291,-105.0106,2
39.4130782735126,-105.010467739551,39.41291,-105.0106,4
39.412620645956,-105.010102924558,39.41291,-105.0106,2
39.4129534845541,-105.010421592859,39.41291,-105.0106,1
39.4125227557107,-105.009032772713,39.41325,-105.0098,3
39.4125541576314,-105.009183358559,39.41325,-105.0098,3
39.4127243627517,-105.009873703605,39.41325,-105.0098,1
39.413847037448,-105.039894449502,39.41391,-105.0396,3
39.4138239243935,-105.039902218363,39.41391,-105.0396,2
39.4132837307266,-105.023707483863,39.41351,-105.0237,2
39.4137926829259,-105.024010496807,39.41351,-105.0237,1
39.4134959808226,-105.023585660924,39.41351,-105.0237,3
39.4133791338436,-105.023513424046,39.41351,-105.0237,2
39.4135311929233,-105.022498115899,39.41363,-105.0229,4
39.4135745139303,-105.022855984917,39.41363,-105.0229,3
39.4136899859384,-105.02296205744,39.41363,-105.0229,2
39.4137644953964,-105.010625394099,39.41311,-105.0102,4
39.4135459659056,-105.010101058598,39.41311,-105.0102,1
39.4134182700502,-105.010245728303,39.41311,-105.0102,1
39.4132779935796,-105.009995318485,39.41311,-105.0102,4
39.4134975979353,-105.010217698396,39.41311,-105.0102,1
39.4132152897043,-105.010115563263,39.41311,-105.0102,1
39.4137968751083,-105.009270152364,39.41344,-105.0094,3
39.413502503004,-105.009449586146,39.41344,-105.0094,1
39.4142658284202,-105.040726904354,39.41417,-105.0407,3
39.41406417761,-105.039458648082,39.41397,-105.0399,3
39.4144191389526,-105.023017346747,39.41419,-105.0225,5
39.41407108944,-105.023096926183,39.41419,-105.0225,2
39.4141517485923,-105.022590164982,39.41419,-105.0225,1
39.4146024357579,-105.021339594933,39.41455,-105.022,5
39.4142401958004,-105.021555872041,39.41455,-105.022,5
39.4141244116812,-105.022220109248,39.41455,-105.022,1
39.4141292540791,-105.021635190421,39.41455,-105.022,4
39.4146245331386,-105.022249973855,39.41455,-105.022,1
39.4143656020239,-105.015216766988,39.41466,-105.0151,5
39.4140516601816,-105.01543014752,39.41466,-105.0151,4
39.4143504622906,-105.014952763043,39.41466,-105.0151,3
39.41441392619,-105.015229417168,39.41466,-105.0151,4
39.4143528842725,-105.015525993197,39.41466,-105.0151,2
39.4143421636637,-105.01517709513,39.41466,-105.0151,4
39.4139381808056,-105.014954128032,39.41466,-105.0151,4
39.4142724675916,-105.015074331866,39.41466,-105.0151,4
39.4143993516765,-105.015094397356,39.41466,-105.0151,1
39.4139801464455,-105.015277169003,39.41466,-105.0151,4
39.4145846559355,-105.015429944198,39.41466,-105.0151,3
39.4142641956877,-105.015054896278,39.41466,-105.0151,2
39.4143951632898,-105.015239703467,39.41466,-105.0151,2
39.4140287052949,-105.015415103874,39.41466,-105.0151,2
39.4139179163291,-105.013781810496,39.41454,-105.0142,1
39.4139677633739,-105.014303435398,39.41454,-105.0142,1
39.4143353776953,-105.014259161142,39.41454,-105.0142,3
39.4143121245215,-105.014313649411,39.41454,-105.0142,4
39.4143928502788,-105.014421571974,39.41454,-105.0142,4
39.4139680915249,-105.013110308173,39.41446,-105.0133,5
39.4139521439222,-105.013260011495,39.41446,-105.0133,2
39.41460039084,-105.012929914382,39.41446,-105.0133,4
39.4143183192473,-105.013597586372,39.41446,-105.0133,2
39.4144413257349,-105.012550541034,39.41447,-105.0123,3
39.4144840155594,-105.01257936569,39.41447,-105.0123,1
39.4143196368058,-105.012122566367,39.41447,-105.0123,4
39.4142897152831,-105.012719447181,39.41447,-105.0123,4
39.4143055483982,-105.012757905804,39.41447,-105.0123,1
39.4143050485864,-105.012138949374,39.41447,-105.0123,2
39.4142719110739,-105.012420864879,39.41447,-105.0123,2
39.414166880417,-105.012424829384,39.41447,-105.0123,4
39.4142951590798,-105.012160588217,39.41447,-105.0123,1
39.4141199968072,-105.01277566138,39.41447,-105.0123,2
39.4143850957934,-105.01220841158,39.41447,-105.0123,5
39.4142114095373,-105.012155129408,39.41447,-105.0123,5
39.4140477628497,-105.012104226744,39.41447,-105.0123,4
39.4145661145844,-105.012191462228,39.41447,-105.0123,1
39.4146000729818,-105.012707812119,39.41447,-105.0123,1
39.4146146987393,-105.012067257551,39.41447,-105.0123,3
39.4143673883442,-105.012224505075,39.41447,-105.0123,1
39.4141165175026,-105.012556264819,39.41447,-105.0123,1
39.4146364915247,-105.012327793191,39.41447,-105.0123,5
39.4145025337278,-105.012475962381,39.41447,-105.0123,3
39.4140086313292,-105.012628490628,39.41447,-105.0123,1
39.4142972472492,-105.011511563404,39.41457,-105.0115,5
39.4139534826234,-105.011106040616,39.41457,-105.0115,4
39.4143177043969,-105.011434749946,39.41457,-105.0115,1
39.4140969126934,-105.010947980004,39.41457,-105.0115,2
39.4142917465202,-105.010858126709,39.41473,-105.0106,2
39.4140436915587,-105.010037657325,39.41473,-105.0106,4
39.4139798071479,-105.010505062349,39.41473,-105.0106,1
39.4144453923418,-105.010180002802,39.41473,-105.0106,5
39.4140847577739,-105.009232356768,39.41432,-105.0092,3
39.4147737241335,-105.035786727355,39.41496,-105.0359,1
39.4147168731924,-105.036229129845,39.41496,-105.0359,5
39.4152449367006,-105.035126859559,39.41526,-105.0352,3
39.414715479579,-105.035380064997,39.41526,-105.0352,4
39.4150044002,-105.035453325984,39.41526,-105.0352,1
39.4146414575779,-105.035282177862,39.41526,-105.0352,2
39.4152930382073,-105.021478510668,39.41515,-105.0215,2
39.4151617499126,-105.021311201135,39.41515,-105.0215,2
39.4152939359164,-105.021428077365,39.41515,-105.0215,4
39.4149474949863,-105.021862313041,39.41515,-105.0215,2
39.4148522739983,-105.021694166337,39.41515,-105.0215,4
39.4147908092584,-105.021608069063,39.41515,-105.0215,2
39.4152435323244,-105.021166220781,39.41512,-105.0209,4
39.4146615442438,-105.020428018498,39.41512,-105.0209,2
39.4151335558844,-105.020788549716,39.41512,-105.0209,3
39.4152079386477,-105.016469333536,39.41506,-105.016,4
39.4147327247878,-105.015811559788,39.41506,-105.016,5
39.4153434724135,-105.015767131733,39.41506,-105.016,1
39.415242032221,-105.016351212673,39.41506,-105.016,2
39.4152468242338,-105.016174493432,39.41506,-105.016,3
39.4152584257412,-105.015879387323,39.41506,-105.016,3
39.4147880925773,-105.016331150103,39.41506,-105.016,4
39.4151659771451,-105.016112498237,39.41506,-105.016,3
39.4147382145881,-105.016383067004,39.41506,-105.016,3
39.4147311358613,-105.016325511162,39.41506,-105.016,3
39.4153128318827,-105.016502131446,39.41506,-105.016,5
39.4148417968398,-105.016277011383,39.41506,-105.016,1
39.4151427927947,-105.016260806347,39.41506,-105.016,4
39.4147388735292,-105.015791114846,39.41506,-105.016,2
39.415232260872,-105.015923267345,39.41506,-105.016,1
39.4149229079461,-105.015195693241,39.41469,-105.0152,1
39.4152855089973,-105.014725576252,39.41469,-105.0152,1
39.4146716944184,-105.015004797072,39.41469,-105.0152,1
39.4148216424211,-105.015189313996,39.41469,-105.0152,3
39.414786658951,-105.015407410463,39.41469,-105.0152,1
39.4150346598992,-105.015204432578,39.41469,-105.0152,1
39.4147682756904,-105.014888138696,39.41469,-105.0152,1
39.4147191044489,-105.015515632544,39.41469,-105.0152,5
39.4150960028441,-105.015514348084,39.41469,-105.0152,4
39.4151665008999,-105.014881110807,39.41469,-105.0152,4
39.4152556451192,-105.014838078832,39.41469,-105.0152,3
39.4149662484901,-105.015473085207,39.41469,-105.0152,5
39.414863166206,-105.015066299311,39.41469,-105.0152,4
39.4150464567531,-105.015212802907,39.41469,-105.0152,3
39.4147084487155,-105.014999156637,39.41469,-105.0152,5
39.4151935539046,-105.015380452453,39.41469,-105.0152,2
39.4147445856795,-105.013918661371,39.41456,-105.0143,3
39.4150461981559,-105.013754543061,39.41456,-105.0143,4
39.4147757065086,-105.013975979493,39.41456,-105.0143,2
39.4150772128818,-105.013902180573,39.41456,-105.0143,3
39.4147250719001,-105.014141432589,39.41456,-105.0143,1
39.415204686983,-105.013717187635,39.41479,-105.0127,3
39.4152793283807,-105.013612625361,39.41479,-105.0127,3
39.4147984152124,-105.013152687671,39.41479,-105.0127,2
39.4148454275957,-105.01325479438,39.41479,-105.0127,5
39.4152633952341,-105.012478507617,39.41512,-105.0125,2
39.4147791128143,-105.012777608814,39.41512,-105.0125,3
39.4153476648671,-105.011917413688,39.41512,-105.0125,5
39.4148094885338,-105.012489597894,39.41512,-105.0125,3
39.4153632262841,-105.012570860863,39.41512,-105.0125,1
39.4151932028737,-105.012532786482,39.41512,-105.0125,5
39.4148123504893,-105.01223401143,39.41512,-105.0125,4
39.4150335975597,-105.012177686457,39.41512,-105.0125,1
39.4149279025495,-105.012061105423,39.41512,-105.0125,1
39.4147717757552,-105.012196731897,39.41512,-105.0125,5
39.4153015066436,-105.012763201196,39.41512,-105.0125,4
39.4149786087365,-105.011952022848,39.41512,-105.0125,5
39.4150525123606,-105.011899927694,39.41512,-105.0125,2
39.414942461554,-105.011934760638,39.41512,-105.0125,3
39.4150428952852,-105.012277630179,39.41512,-105.0125,5
39.415355230541,-105.011889909129,39.41512,-105.0125,1
39.415352299905,-105.01205823871,39.41512,-105.0125,1
39.415130699138,-105.011969334594,39.41512,-105.0125,3
39.4153135373472,-105.011617343898,39.41459,-105.0113,2
39.4151653904092,-105.0112000275,39.41459,-105.0113,1
39.414942900433,-105.011060967669,39.41459,-105.0113,4
39.4149656228559,-105.011516431753,39.41459,-105.0113,5
39.4153081481893,-105.010408342867,39.41477,-105.0104,2
39.4149616934871,-105.010323590789,39.41477,-105.0104,4
39.4150526323029,-105.010005847026,39.41477,-105.0104,4
39.4149127565074,-105.010682228816,39.41477,-105.0104,2
39.4151488199017,-105.009320162735,39.41493,-105.0095,1
39.414865983238,-105.009939283236,39.41493,-105.0095,2
39.4155736027843,-105.034550629624,39.41463,-105.0413,5
39.415902040674,-105.034912139736,39.41463,-105.0413,4
39.4160509667755,-105.034839474674,39.41463,-105.0413,1
39.4155204554164,-105.034030611763,39.41552,-105.034,1
39.4154677233678,-105.034094788951,39.41552,-105.034,2
39.4159918840881,-105.033808189082,39.41552,-105.034,1
39.4156968436295,-105.034025625697,39.41552,-105.034,2
39.4156923856118,-105.033261370818,39.41563,-105.0331,3
39.4160560897464,-105.031991215768,39.41573,-105.0322,2
39.416102575242,-105.031479195965,39.41584,-105.0313,2
39.4157600870849,-105.031050921682,39.41584,-105.0313,5
39.4159053473691,-105.031286970113,39.41584,-105.0313,1
39.4155371990629,-105.03028781828,39.41611,-105.0306,1
39.4160589993965,-105.030027171405,39.41611,-105.0306,2
39.4154919779977,-105.03009701489,39.41611,-105.0306,3
39.4159440341451,-105.030210572581,39.41611,-105.0306,1
39.4159898367951,-105.02990305103,39.41611,-105.0306,4
39.4160019245674,-105.030304644305,39.41611,-105.0306,5
39.4155718302084,-105.030666475831,39.41611,-105.0306,2
39.4156890328784,-105.022562008357,39.416,-105.0222,5
39.415809120211,-105.022458479724,39.416,-105.0222,2
39.415528140088,-105.022362685142,39.416,-105.0222,1
39.4159918267183,-105.021887293491,39.41567,-105.0219,3
39.4159259806915,-105.02199058277,39.41567,-105.0219,1
39.4158134810994,-105.021444632419,39.41567,-105.0219,1
39.4159993309412,-105.021407378232,39.41567,-105.0219,3
39.4154679379996,-105.021083262524,39.41533,-105.0205,2
39.4157779307125,-105.02100082108,39.41533,-105.0205,5
39.4154860910214,-105.02099122838,39.41533,-105.0205,1
39.4156252020969,-105.019726709973,39.41566,-105.0198,2
39.4155636567656,-105.017125031836,39.41606,-105.0167,3
39.4156559452837,-105.017463742245,39.41606,-105.0167,1
39.4153844492137,-105.01694214528,39.41606,-105.0167,1
39.4159943544371,-105.017255476481,39.41606,-105.0167,1
39.4158335784442,-105.016494782878,39.41568,-105.0163,4
39.4155238544266,-105.016333825323,39.41568,-105.0163,4
39.415890381439,-105.016182577729,39.41568,-105.0163,1
39.4159778752819,-105.016263304972,39.41568,-105.0163,5
39.4155950793946,-105.016167436439,39.41568,-105.0163,4
39.4156830363628,-105.012534739491,39.41538,-105.012,3
39.4153896249886,-105.012085778469,39.41538,-105.012,1
39.4159823748566,-105.012593470591,39.41538,-105.012,3
39.4156174585028,-105.012458793622,39.41538,-105.012,1
39.4160423891385,-105.011233609385,39.41573,-105.0114,3
39.4156973680397,-105.011254683714,39.41573,-105.0114,3
39.4158251635452,-105.011732268846,39.41573,-105.0114,3
39.4154218259502,-105.01118826311,39.41573,-105.0114,2
39.415675453191,-105.011301666248,39.41573,-105.0114,1
39.4158190474258,-105.010002708386,39.41607,-105.0108,1
39.4154234424489,-105.01058405483,39.41607,-105.0108,1
39.4153788700584,-105.010002860375,39.41607,-105.0108,3
39.4159967427491,-105.010505552412,39.41607,-105.0108,4
39.4160917060251,-105.010276320631,39.41607,-105.0108,1
39.4155727005784,-105.010805682644,39.41607,-105.0108,1
39.416773465331,-105.030117060864,39.41646,-105.0303,4
39.4167357053571,-105.030000133459,39.41646,-105.0303,1
39.4164178362246,-105.030446690324,39.41646,-105.0303,4
39.4168321967041,-105.02995931877,39.41646,-105.0303,4
39.4161118720873,-105.030101301338,39.41646,-105.0303,1
39.4168269066928,-105.030178064117,39.41646,-105.0303,2
39.4167870489752,-105.026376159164,39.41659,-105.0263,4
39.4162305824259,-105.026821565751,39.41659,-105.0263,1
39.4165809388211,-105.026750145917,39.41659,-105.0263,2
39.4166799115562,-105.02651866396,39.41659,-105.0263,1
39.4164770287613,-105.025891311442,39.41681,-105.0259,2
39.4165089352612,-105.022906267836,39.41652,-105.0226,2
39.4167325293727,-105.018998084491,39.41621,-105.0187,4
39.4162383889255,-105.018468948912,39.41655,-105.0181,4
39.4164109937482,-105.017231260591,39.4164,-105.0171,1
39.416606972404,-105.017303514016,39.4164,-105.0171,1
39.4168096998548,-105.017311952723,39.4164,-105.0171,2
39.4164094384609,-105.017520962897,39.4164,-105.0171,5
39.4166882744906,-105.017149793784,39.4164,-105.0171,2
39.416114281252,-105.017021635398,39.4164,-105.0171,1
39.4161724957887,-105.010889922983,39.41646,-105.0104,2
39.4167826982069,-105.010736738906,39.41646,-105.0104,1
39.4166103713831,-105.010516867863,39.41646,-105.0104,2
39.4172335772168,-105.030607346179,39.41705,-105.0299,1
39.4170212755296,-105.030140971324,39.41705,-105.0299,2
39.4170402729761,-105.029860750133,39.41705,-105.0299,1
39.4168892664144,-105.030439077948,39.41705,-105.0299,1
39.4169037187361,-105.030239347968,39.41705,-105.0299,4
39.4172395925911,-105.029885777319,39.41705,-105.0299,1
39.4174930559318,-105.030354373048,39.41705,-105.0299,1
39.4173443605998,-105.029016570435,39.41734,-105.0297,1
39.4173895903244,-105.028896048196,39.41734,-105.0297,5
39.4168429782533,-105.029657580614,39.41734,-105.0297,5
39.4169592605625,-105.025769387488,39.41697,-105.0255,1
39.4168831482245,-105.02594569513,39.41697,-105.0255,5
39.4171531515232,-105.025512578972,39.41697,-105.0255,2
39.4170236035081,-105.024220214032,39.41719,-105.0246,2
39.4170453382946,-105.023065352336,39.41697,-105.0231,2
39.4171137828103,-105.010665004916,39.41712,-105.0101,1
39.4174211384896,-105.009976717573,39.41712,-105.0101,5
39.4171549528839,-105.009969433638,39.41712,-105.0101,4
39.4170522073155,-105.010658505555,39.41712,-105.0101,2
39.4169704590153,-105.010808507236,39.41712,-105.0101,3
39.4175706959922,-105.010592174299,39.41712,-105.0101,3
39.4175586247012,-105.009798334734,39.41732,-105.01,3
39.417237025078,-105.009500475847,39.41732,-105.01,3
39.4173818423069,-105.009494755644,39.41732,-105.01,2
39.4173117882228,-105.009479422328,39.41732,-105.01,1
39.4173948354973,-105.009682093217,39.41732,-105.01,5
39.4177759044979,-105.029150788975,39.41792,-105.0293,4
39.418081360025,-105.029439521499,39.41792,-105.0293,4
39.4181750330599,-105.023555189451,39.41788,-105.0235,1
39.4176982583059,-105.02368185436,39.41788,-105.0235,2
39.4177611525499,-105.018864354365,39.41816,-105.0188,4
39.4179983403669,-105.019110287705,39.41816,-105.0188,4
39.4182449898463,-105.019393046433,39.41816,-105.0188,2
39.4179526167162,-105.018478894775,39.41816,-105.0188,2
39.4182915867809,-105.019059269217,39.41816,-105.0188,3
39.4182312381487,-105.016198732705,39.418,-105.0161,3
39.4177927700851,-105.015693600804,39.418,-105.0161,4
39.4181017881554,-105.016084906157,39.418,-105.0161,4
39.4178086619931,-105.01597866431,39.418,-105.0161,3
39.4175746652397,-105.016096740178,39.418,-105.0161,1
39.4180804466811,-105.016281854551,39.418,-105.0161,4
39.4176986275566,-105.016316713722,39.418,-105.0161,4
39.4182536267564,-105.016481718052,39.418,-105.0161,4
39.4182871780979,-105.016215465592,39.418,-105.0161,3
39.4178212666371,-105.015305268818,39.41796,-105.0152,1
39.4182999433417,-105.015184615978,39.41796,-105.0152,4
39.4181288671339,-105.015482019273,39.41796,-105.0152,5
39.4181136916895,-105.014764154075,39.41796,-105.0152,4
39.4182756186716,-105.015024147189,39.41796,-105.0152,4
39.4182037937987,-105.014878765265,39.41796,-105.0152,1
39.4180103544452,-105.015267589374,39.41796,-105.0152,4
39.4179518243302,-105.015180691165,39.41796,-105.0152,3
39.4177850286152,-105.015575938486,39.41796,-105.0152,1
39.4180069375871,-105.01546491646,39.41796,-105.0152,2
39.4182863892031,-105.014138316717,39.41808,-105.0142,3
39.4180497038295,-105.014080101672,39.41808,-105.0142,3
39.4177006097002,-105.013769863649,39.41808,-105.0142,4
39.4178116321321,-105.014192301948,39.41808,-105.0142,4
39.4179555624292,-105.01418809234,39.41808,-105.0142,3
39.4178429152143,-105.014452869919,39.41808,-105.0142,1
39.4178874804201,-105.014422671249,39.41808,-105.0142,4
39.4178051472574,-105.014524812022,39.41808,-105.0142,4
39.417772640446,-105.014485487969,39.41808,-105.0142,1
39.4177540023106,-105.014471276829,39.41808,-105.0142,3
39.4181148441891,-105.009026575328,39.418,-105.0097,5
39.4180570487546,-105.009245781775,39.418,-105.0097,3
39.4176938774962,-105.009640168587,39.418,-105.0097,2
39.4178201381633,-105.009712943574,39.418,-105.0097,3
39.4177073946314,-105.009444071581,39.418,-105.0097,3
39.4178423472635,-105.009190717844,39.418,-105.0097,5
39.4182261104502,-105.009525934162,39.418,-105.0097,3
39.4176879383129,-105.009054155134,39.418,-105.0097,4
39.4176909676406,-105.009395501834,39.418,-105.0097,3
39.4176990072972,-105.009780042638,39.418,-105.0097,1
39.4181402552335,-105.009396655402,39.418,-105.0097,1
39.4178680636405,-105.00917673383,39.418,-105.0097,2
39.4175901158378,-105.009583891734,39.418,-105.0097,4
39.4179806949158,-105.009238676983,39.418,-105.0097,4
39.4178280758009,-105.009912163135,39.418,-105.0097,2
39.4179235033308,-105.009867516892,39.418,-105.0097,5
39.4182512686965,-105.009349980215,39.418,-105.0097,2
39.417735294921,-105.009720884122,39.418,-105.0097,4
39.4180972949125,-105.009329980985,39.418,-105.0097,4
39.4177887409741,-105.009826590941,39.418,-105.0097,1
39.417802800826,-104.996534488303,39.41787,-104.9964,3
39.4181276338491,-104.996432658588,39.41787,-104.9964,1
39.4181363630021,-104.994164376726,39.41779,-104.9942,3
39.4179745480661,-104.993839589475,39.41784,-104.9934,2
39.4180936325971,-104.99346416566,39.41784,-104.9934,2
39.4185109512381,-105.029143646845,39.41842,-105.029,2
39.4183634244391,-105.029623352637,39.41842,-105.029,5
39.4188301585758,-105.02949320172,39.41842,-105.029,2
39.4187685130773,-105.029305540933,39.41842,-105.029,2
39.4186603382264,-105.029113918889,39.41842,-105.029,2
39.4183154272224,-105.028976476051,39.41842,-105.029,2
39.4183689118624,-105.02837760891,39.41878,-105.0286,5
39.4184917599472,-105.028258335586,39.41878,-105.0286,4
39.4188819442837,-105.028818602514,39.41878,-105.0286,2
39.4183914719379,-105.028080806039,39.41878,-105.0286,3
39.4189625349418,-105.019581892243,39.41875,-105.0198,1
39.4190075040911,-105.019578421683,39.41875,-105.0198,5
39.4184748364057,-105.020358628886,39.41875,-105.0198,1
39.4183331282228,-105.019441801017,39.41875,-105.0198,2
39.4183637182191,-105.020146094481,39.41875,-105.0198,1
39.4188438536775,-105.020337514311,39.41875,-105.0198,2
39.4183356079968,-105.020038780604,39.41875,-105.0198,2
39.4189077141319,-105.019751318238,39.41875,-105.0198,3
39.4183672981433,-105.018992274736,39.4184,-105.0193,2
39.4186062513408,-105.019381778678,39.4184,-105.0193,4
39.4185432451397,-105.018922228839,39.4184,-105.0193,2
39.418619568593,-105.018852710551,39.4184,-105.0193,2
39.418622090339,-105.019251461292,39.4184,-105.0193,4
39.41830990922,-105.019235578576,39.4184,-105.0193,1
39.4186020434239,-105.018655936032,39.4184,-105.0193,2
39.4185185802932,-105.01888255561,39.4184,-105.0193,2
39.4189866135157,-105.018105411537,39.41855,-105.0176,1
39.4189249608458,-105.018430674488,39.41855,-105.0176,4
39.4187107761572,-105.017751336615,39.41855,-105.0176,1
39.4186792039483,-105.017613657382,39.41855,-105.0176,5
39.4184487344705,-105.017601446598,39.41855,-105.0176,4
39.4186836144682,-105.017938197036,39.41855,-105.0176,1
39.4186604367762,-105.017615824928,39.41855,-105.0176,4
39.4187166195926,-105.01790550726,39.41855,-105.0176,1
39.4189293405098,-105.017610308558,39.41855,-105.0176,2
39.4183184794641,-105.017865364677,39.41855,-105.0176,2
39.4183700394382,-105.017577507631,39.41855,-105.0176,5
39.4189627679738,-105.016677098202,39.41848,-105.0172,1
39.4183765522826,-105.016915752665,39.41848,-105.0172,1
39.4183760244074,-105.017003292041,39.41848,-105.0172,1
39.4186672690871,-105.017408419102,39.41848,-105.0172,1
39.4187029846916,-105.01736957422,39.41848,-105.0172,2
39.4184201344588,-105.016705279186,39.41848,-105.0172,1
39.4185691407771,-105.016915537896,39.41848,-105.0172,2
39.4185263080973,-105.016653499703,39.41848,-105.0172,2
39.4189580454625,-105.016739489716,39.41848,-105.0172,1
39.418838402424,-105.016730042181,39.41848,-105.0172,1
39.41885463445,-105.01735267859,39.41848,-105.0172,1
39.4187565087308,-105.017373563603,39.41848,-105.0172,3
39.4186285615126,-105.017371830708,39.41848,-105.0172,2
39.4186350051784,-105.017178516429,39.41848,-105.0172,3
39.4183785491444,-105.01726679132,39.41848,-105.0172,1
39.4185433895645,-105.017120867923,39.41848,-105.0172,3
39.4184433314453,-105.017128487898,39.41848,-105.0172,3
39.4183429391426,-105.01741270281,39.41848,-105.0172,1
39.4185059711309,-105.009296858292,39.41835,-105.0093,3
39.418845778961,-105.009821222416,39.41835,-105.0093,1
39.4189914946998,-105.009933532208,39.41835,-105.0093,4
39.4188410437455,-105.009856091912,39.41835,-105.0093,5
39.4184676843276,-105.009324042967,39.41835,-105.0093,5
39.4183901316669,-105.009899877711,39.41835,-105.0093,5
39.4188463770183,-105.009448209567,39.41835,-105.0093,5
39.418482647932,-105.009529383407,39.41835,-105.0093,5
39.4189363010923,-105.009138037159,39.41835,-105.0093,3
39.4185177429852,-105.009177607262,39.41835,-105.0093,5
39.4189038649419,-105.009080062982,39.41835,-105.0093,3
39.4188598173899,-105.009673473241,39.41835,-105.0093,4
39.4184361209473,-105.009628461963,39.41835,-105.0093,3
39.4190115393957,-105.009692794994,39.41835,-105.0093,5
39.4189775918911,-105.009416898483,39.41835,-105.0093,4
39.4186227489469,-105.009618852803,39.41835,-105.0093,2
39.4187306706674,-105.009788114572,39.41835,-105.0093,4
39.4190182080092,-104.992081181548,39.41838,-104.9921,2
39.4195203590509,-105.026755642595,39.41962,-105.0266,2
39.4195469276762,-105.026102024761,39.41962,-105.0266,3
39.4191418695114,-105.026133848653,39.41962,-105.0266,1
39.4194413558378,-105.026959580508,39.41962,-105.0266,3
39.419076034628,-105.026353450752,39.41962,-105.0266,1
39.4196335770233,-105.025129740524,39.41984,-105.0258,5
39.4193298935951,-105.019449487506,39.41896,-105.02,3
39.4197202904586,-105.016924094685,39.41943,-105.0172,2
39.4190542703386,-105.016611358604,39.41943,-105.0172,5
39.4192375041151,-105.017012532988,39.41943,-105.0172,4
39.4193672991244,-105.016998945604,39.41943,-105.0172,1
39.419624968183,-105.016804489373,39.41943,-105.0172,1
39.419463023712,-105.016812660382,39.41943,-105.0172,4
39.4196452657043,-105.016912995489,39.41943,-105.0172,4
39.4199562756899,-105.026953442756,39.41971,-105.0263,4
39.4202056193749,-105.026684359007,39.41971,-105.0263,2
39.420332351733,-105.026763171854,39.41971,-105.0263,1
39.4204685221271,-105.026199913015,39.41971,-105.0263,3
39.4200795467051,-105.02550855865,39.4201,-105.0255,3
39.4197927882755,-105.025715798375,39.4201,-105.0255,1
39.4198622053516,-105.017594835551,39.42039,-105.0176,3
39.4199785233712,-105.018019356007,39.42039,-105.0176,5
39.4202164409046,-105.018372383162,39.42039,-105.0176,2
39.4198886131401,-105.018400346221,39.42039,-105.0176,3
39.4201460674976,-105.017409233695,39.42026,-105.0171,1
39.4198050242521,-105.017012406177,39.42026,-105.0171,2
39.4199207377374,-105.01686434705,39.42026,-105.0171,2
39.420206723133,-105.017341134742,39.42026,-105.0171,3
39.4202293150007,-105.016867159789,39.42026,-105.0171,4
39.4200241591194,-105.01668329651,39.42026,-105.0171,3
39.4203044452037,-105.017089188594,39.42026,-105.0171,3
39.420392367033,-105.017428805416,39.42026,-105.0171,1
39.4204812062997,-105.015724002665,39.42048,-105.0166,3
39.4199545624258,-105.016334341506,39.42048,-105.0166,5
39.4203048272864,-105.016517771474,39.42048,-105.0166,2
39.4204228666812,-105.015704553393,39.42048,-105.0166,1
39.4201265341468,-105.016028414709,39.42048,-105.0166,3
39.4203099779368,-105.015905453377,39.42048,-105.0166,4
39.4200171837719,-105.015922223619,39.42048,-105.0166,1
39.420119022629,-105.016380916262,39.42048,-105.0166,4
39.4203797410876,-105.016546525853,39.42048,-105.0166,3
39.4201259146478,-105.016373784185,39.42048,-105.0166,1
39.4200492891071,-105.015871045138,39.42048,-105.0166,4
39.4203861526919,-105.016239379402,39.42048,-105.0166,3
39.4202343014505,-105.016083227392,39.42048,-105.0166,4
39.4202749388753,-105.016113542193,39.42048,-105.0166,1
39.4202820259587,-105.015675326832,39.42048,-105.0166,2
39.4204395794549,-105.016193928772,39.42048,-105.0166,5
39.4200209191033,-105.016177926598,39.42048,-105.0166,5
39.4198734960778,-105.015806196599,39.42048,-105.0166,1
39.4203500428029,-105.006188478449,39.42032,-105.0065,3
39.4200487736376,-105.006773062103,39.42032,-105.0065,2
39.4198930344236,-105.006843494551,39.42032,-105.0065,5
39.4200570576818,-105.006213043526,39.42032,-105.0065,4
39.4200933792996,-105.006405138789,39.42032,-105.0065,1
39.4201621037178,-105.006773911527,39.42032,-105.0065,3
39.4200849451528,-105.006555104054,39.42032,-105.0065,1
39.4200946165195,-105.006444768056,39.42032,-105.0065,2
39.4203642654582,-105.006112470575,39.42017,-105.0059,2
39.420036654702,-105.005891856124,39.42017,-105.0059,2
39.4198283864508,-105.005695687329,39.42017,-105.0059,5
39.4203232006235,-105.005342880482,39.42017,-105.0059,4
39.42069140137,-105.025334167581,39.42075,-105.0253,1
39.4207865541284,-105.025921474552,39.42075,-105.0253,3
39.4210379459001,-105.025282554813,39.42075,-105.0253,2
39.4206111738157,-105.02601239881,39.42075,-105.0253,1
39.4212119593643,-105.025098200836,39.42075,-105.0253,2
39.4208946353138,-105.025760374549,39.42075,-105.0253,4
39.4209190554147,-105.025882352272,39.42075,-105.0253,5
39.4208560338823,-105.024911255974,39.4211,-105.025,2
39.4211358491454,-105.025073567188,39.4211,-105.025,2
39.4207064830302,-105.024875327652,39.4211,-105.025,5
39.4207877302904,-105.024882828852,39.4211,-105.025,4
39.42054133897,-105.024923542801,39.4211,-105.025,2
39.4207359608372,-105.024900475584,39.4211,-105.025,2
39.4212255313109,-105.01792244296,39.42085,-105.018,3
39.4206409417908,-105.015893557056,39.42086,-105.0161,1
39.4206461002557,-105.016003921005,39.42086,-105.0161,1
39.4208927275969,-105.016077529706,39.42086,-105.0161,5
39.4205809502289,-105.015690787642,39.42086,-105.0161,1
39.4206978702691,-105.015960718613,39.42086,-105.0161,1
39.420695696515,-105.016355054648,39.42086,-105.0161,1
39.420887491962,-105.016430337547,39.42086,-105.0161,4
39.4209733197268,-105.016098944462,39.42086,-105.0161,2
39.4211957662725,-105.015662870973,39.42086,-105.0161,2
39.4212206726201,-105.015857029303,39.42086,-105.0161,2
39.4209315095269,-105.015992788237,39.42086,-105.0161,2
39.4205872962227,-105.015149545974,39.42123,-105.0155,3
39.4208937610563,-105.015122210029,39.42123,-105.0155,2
39.4209628825784,-105.015481383475,39.42123,-105.0155,2
39.4210076774275,-105.015033666094,39.42123,-105.0155,4
39.4209570789235,-105.008357399909,39.42109,-105.0084,3
39.4208101833221,-105.008400372418,39.42109,-105.0084,1
39.420782884763,-105.008366680549,39.42109,-105.0084,4
39.4206905373912,-105.008423908499,39.42109,-105.0084,5
39.4206147494853,-105.008147668572,39.42109,-105.0084,3
39.4208021208946,-105.008450961299,39.42109,-105.0084,4
39.4209001725435,-105.008162482469,39.42109,-105.0084,2
39.4211162723413,-105.009005162483,39.42109,-105.0084,5
39.4206005087445,-105.008489191286,39.42109,-105.0084,5
39.4209586812762,-105.008924638396,39.42109,-105.0084,4
39.4208556267274,-105.008429729249,39.42109,-105.0084,5
39.4208556170809,-105.008099327546,39.42109,-105.0084,5
39.4211227391367,-105.007950152585,39.42078,-105.0077,5
39.421236343914,-105.007328766323,39.42078,-105.0077,5
39.4210668076531,-105.007707318773,39.42078,-105.0077,3
39.4208258827669,-105.007692657318,39.42078,-105.0077,1
39.4205653052717,-105.007719118093,39.42078,-105.0077,4
39.4209902179812,-105.007144312789,39.42078,-105.0077,5
39.4206900471847,-105.007558731347,39.42078,-105.0077,4
39.4209629112077,-105.007318352911,39.42078,-105.0077,5
39.4206772204001,-105.007762165992,39.42078,-105.0077,2
39.4209780121406,-105.007861395843,39.42078,-105.0077,3
39.4209121828149,-105.007904335851,39.42078,-105.0077,2
39.4212064183311,-105.007408918236,39.42078,-105.0077,5
39.4209838428064,-105.007566837679,39.42078,-105.0077,2
39.4205369884518,-105.00658831101,39.42113,-105.0062,1
39.4211726402708,-105.006666400904,39.42113,-105.0062,3
39.4208258684099,-105.006710382379,39.42113,-105.0062,4
39.4209206474688,-105.007073399435,39.42113,-105.0062,1
39.4206850407764,-105.006316606192,39.42113,-105.0062,3
39.4206539404988,-105.006242723051,39.42113,-105.0062,2
39.4206962405758,-105.00705671455,39.42113,-105.0062,1
39.4209302245617,-105.006862828051,39.42113,-105.0062,2
39.4211179740534,-105.006996860772,39.42113,-105.0062,3
39.4210469356183,-105.006692491077,39.42113,-105.0062,2
39.421174300263,-105.006506684749,39.42113,-105.0062,2
39.4206794167558,-105.006466035301,39.42113,-105.0062,4
39.421052190872,-105.006553578287,39.42113,-105.0062,2
39.4206316620979,-105.00661137956,39.42113,-105.0062,1
39.4206078342666,-105.006113249833,39.42081,-105.006,5
39.4210896777706,-105.006120132818,39.42081,-105.006,3
39.4205807410452,-105.005696757036,39.42081,-105.006,2
39.4209055361792,-105.00562073128,39.42081,-105.006,4
39.4208687699488,-105.005581709084,39.42081,-105.006,5
39.4207071504597,-105.005989359188,39.42081,-105.006,1
39.4212789618377,-105.024616494401,39.42155,-105.0245,1
39.42148839405,-105.024464998727,39.42155,-105.0245,5
39.4214586151778,-105.02485031511,39.42155,-105.0245,1
39.4218900224634,-105.024429749518,39.42155,-105.0245,5
39.4217837755695,-105.024250530449,39.42155,-105.0245,1
39.42192195753,-105.024760685508,39.42155,-105.0245,3
39.4213875077716,-105.024872709,39.42155,-105.0245,1
39.4216134272643,-105.024009140137,39.422,-105.024,3
39.4214728828509,-105.023818995211,39.422,-105.024,1
39.4212619227206,-105.020167202886,39.422,-105.0196,2
39.421663529457,-105.020046474231,39.422,-105.0196,1
39.4212943857713,-105.019709892191,39.422,-105.0196,1
39.4215027672613,-105.019448139812,39.422,-105.0196,2
39.4215729531189,-105.018947543321,39.42167,-105.0189,5
39.4218225623978,-105.019027124723,39.42167,-105.0189,1
39.4218371442214,-105.018005067702,39.42133,-105.0184,3
39.4219543162768,-105.015105855046,39.42143,-105.015,2
39.4216802024981,-105.015570466938,39.42143,-105.015,4
39.4219375771435,-105.01500201866,39.42143,-105.015,4
39.4218311307719,-105.015313051719,39.42143,-105.015,1
39.421338915413,-105.014326070642,39.42171,-105.0143,1
39.421948697684,-105.014481124672,39.42171,-105.0143,5
39.4213858056832,-105.014578064583,39.42171,-105.0143,2
39.4218097659314,-105.013922949962,39.42171,-105.0143,3
39.4216099283874,-105.012941137895,39.42191,-105.0134,5
39.4215597962456,-105.013604325524,39.42191,-105.0134,1
39.4219642289472,-105.013447775957,39.42191,-105.0134,4
39.4212814967854,-105.013133930633,39.42191,-105.0134,4
39.4219570939665,-105.013493908864,39.42191,-105.0134,1
39.421330565698,-105.01372581221,39.42191,-105.0134,4
39.4216453751563,-105.013153007283,39.42191,-105.0134,2
39.4217843626786,-105.013109368479,39.42191,-105.0134,1
39.4216014704646,-105.012457854949,39.42206,-105.0124,1
39.4216838444242,-105.011951422166,39.42206,-105.0124,3
39.4219415150781,-105.01219254237,39.42206,-105.0124,1
39.4217194441629,-105.012180893849,39.42206,-105.0124,4
39.4217009578183,-105.011928959318,39.42206,-105.0124,3
39.42159872755,-105.012423973956,39.42206,-105.0124,3
39.4217543794257,-105.012643986612,39.42206,-105.0124,4
39.4213714559059,-105.012666725544,39.42206,-105.0124,1
39.4213510754157,-105.012149124973,39.42206,-105.0124,5
39.4215552179848,-105.012388320503,39.42206,-105.0124,1
39.4216565882514,-105.011909417878,39.42206,-105.0124,2
39.4217868228848,-105.012236541314,39.42206,-105.0124,3
39.4213188381877,-105.012150724375,39.42206,-105.0124,1
39.4219615578908,-105.011363858378,39.4221,-105.0114,2
39.4212532013426,-105.011290190958,39.4221,-105.0114,5
39.4214004377179,-105.011770061672,39.4221,-105.0114,1
39.4217023208226,-105.011018289476,39.4221,-105.0114,3
39.4215533669432,-105.011692019871,39.4221,-105.0114,2
39.4216484271227,-105.01107407642,39.4221,-105.0114,4
39.4213920421463,-105.011066912933,39.4221,-105.0114,1
39.4218741896102,-105.011031363175,39.4221,-105.0114,4
39.421496297061,-105.011827149189,39.4221,-105.0114,5
39.4218983387974,-105.011104252221,39.4221,-105.0114,3
39.4219141036119,-105.011711133243,39.4221,-105.0114,1
39.4213642253321,-105.010855242361,39.42195,-105.0103,3
39.4218549201768,-105.010750243181,39.42195,-105.0103,4
39.4218653375352,-105.010519060759,39.42195,-105.0103,5
39.421761744557,-105.010578307357,39.42195,-105.0103,3
39.421617559665,-105.010799457148,39.42195,-105.0103,2
39.4216057029977,-105.010265520938,39.42195,-105.0103,2
39.4214631618891,-105.010671539519,39.42195,-105.0103,4
39.4215498222084,-105.010592562784,39.42195,-105.0103,2
39.4213570816432,-105.010129868377,39.42195,-105.0103,2
39.421321618854,-105.010514840912,39.42195,-105.0103,4
39.4219527929025,-105.010353257999,39.42195,-105.0103,3
39.4216920662762,-105.009938332055,39.42164,-105.0095,3
39.4215655714527,-105.00949347864,39.42164,-105.0095,3
39.4212663944902,-105.009786973534,39.42164,-105.0095,5
39.4218665329061,-105.009580779371,39.42164,-105.0095,1
39.4216771414068,-105.009835760935,39.42164,-105.0095,3
39.4212731761229,-105.009761681371,39.42164,-105.0095,5
39.4218891254407,-105.009099342115,39.42164,-105.0095,3
39.42196021513,-105.009828862402,39.42164,-105.0095,5
39.4212898033234,-105.00931429399,39.42164,-105.0095,5
39.4216582235311,-105.009883348746,39.42164,-105.0095,1
39.4218822214933,-105.009284560105,39.42164,-105.0095,1
39.4214464339527,-105.009735572751,39.42164,-105.0095,5
39.421360182135,-105.009481215389,39.42164,-105.0095,4
39.4217131946079,-105.009780174444,39.42164,-105.0095,1
39.421585635493,-105.009347502645,39.42164,-105.0095,1
39.4218229579259,-105.00867914137,39.42128,-105.0088,2
39.4212673760626,-105.008418456044,39.42128,-105.0088,3
39.4212747864846,-105.008330003619,39.42128,-105.0088,2
39.421852045338,-105.008695388858,39.42128,-105.0088,4
39.4215833959762,-105.008363990463,39.42128,-105.0088,4
39.421350925945,-105.008086866141,39.42128,-105.0088,3
39.4213984245508,-105.008662828426,39.42128,-105.0088,5
39.4212570679681,-105.008134935887,39.42128,-105.0088,4
39.4217972391655,-105.008221792455,39.42128,-105.0088,3
39.4217270057221,-105.008826053842,39.42128,-105.0088,5
39.4217426119165,-105.008784299099,39.42128,-105.0088,1
39.4213826788165,-105.008310064616,39.42128,-105.0088,3
39.4216794934438,-105.008935055731,39.42128,-105.0088,5
39.4212541911739,-105.008958816755,39.42128,-105.0088,2
39.4217144691151,-105.007377679543,39.42178,-105.0071,4
39.4217565141459,-105.007913983541,39.42178,-105.0071,1
39.4215177826829,-105.007379008779,39.42178,-105.0071,2
39.4215593815077,-105.007983475504,39.42178,-105.0071,1
39.4213608843972,-105.007701313736,39.42178,-105.0071,1
39.4217340117898,-105.007762062044,39.42178,-105.0071,4
39.4215628713213,-105.008028992304,39.42178,-105.0071,5
39.4213346709896,-105.007174998816,39.42178,-105.0071,4
39.4214766346263,-105.007141651742,39.42178,-105.0071,3
39.4216387737832,-105.007913809014,39.42178,-105.0071,1
39.4218726247356,-105.007985167233,39.42178,-105.0071,5
39.4217610649228,-105.007974734108,39.42178,-105.0071,4
39.4214007392931,-105.007795736099,39.42178,-105.0071,1
39.421742894766,-105.007606226031,39.42178,-105.0071,3
39.4216793072807,-105.007276481065,39.42178,-105.0071,5
39.4217774918701,-105.007567792991,39.42178,-105.0071,2
39.4218879368201,-105.00643714384,39.42153,-105.0068,5
39.4214235247356,-105.006808514007,39.42153,-105.0068,5
39.4213062568787,-105.006494449667,39.42153,-105.0068,3
39.4218189202417,-105.006931030914,39.42153,-105.0068,3
39.42183272539,-105.006541284806,39.42153,-105.0068,3
39.4214553237561,-105.006799332067,39.42153,-105.0068,2
39.4218803151825,-105.00643130934,39.42153,-105.0068,2
39.4215759119173,-105.00661363301,39.42153,-105.0068,2
39.4216179234304,-105.00673833942,39.42153,-105.0068,1
39.4215402093161,-105.006290362948,39.42153,-105.0068,5
39.4223442336217,-105.023216808586,39.42214,-105.0236,3
39.4224306067326,-105.023484819734,39.42214,-105.0236,4
39.4226163579868,-105.024109287769,39.42214,-105.0236,4
39.4220828831761,-105.023681336178,39.42214,-105.0236,3
39.422132951589,-105.024018646291,39.42214,-105.0236,5
39.4220029633148,-105.023791024057,39.42214,-105.0236,1
39.4220516163661,-105.022684700892,39.42233,-105.0227,3
39.4220389529584,-105.022537493707,39.42233,-105.0227,3
39.4225370717155,-105.02225933643,39.42233,-105.0227,3
39.4225610393113,-105.022757091988,39.42233,-105.0227,1
39.4225144087277,-105.022646442644,39.42233,-105.0227,5
39.4220334590098,-105.022893283754,39.42233,-105.0227,4
39.4226794045502,-105.022850539672,39.42233,-105.0227,2
39.4226541941575,-105.022743327481,39.42233,-105.0227,3
39.4225693121925,-105.022688067742,39.42233,-105.0227,1
39.4221257185875,-105.022343500537,39.42233,-105.0227,3
39.4226619747125,-105.022944320775,39.42233,-105.0227,5
39.4224191865617,-105.022825931786,39.42233,-105.0227,5
39.4224695063839,-105.022514703578,39.42233,-105.0227,5
39.4223210470766,-105.022946947805,39.42233,-105.0227,4
39.4225616977585,-105.022400834536,39.42233,-105.0227,3
39.4226811886204,-105.023012826994,39.42233,-105.0227,4
39.4224247303511,-105.022601070376,39.42233,-105.0227,2
39.4221874196623,-105.023192743555,39.42233,-105.0227,5
39.4226765368726,-105.022462431653,39.42233,-105.0227,2
39.4226720188604,-105.022267134947,39.42233,-105.0227,4
39.422522904898,-105.022330012966,39.42233,-105.0227,1
39.422036932848,-105.021577240738,39.42252,-105.0218,4
39.4222024730267,-105.021904899468,39.42252,-105.0218,5
39.4226980491225,-105.021775962607,39.42252,-105.0218,3
39.4225433914608,-105.021345702804,39.42252,-105.0218,5
39.4222321385622,-105.021739180811,39.42252,-105.0218,3
39.4225219771303,-105.021825612158,39.42252,-105.0218,5
39.4221091810089,-105.02134627798,39.42252,-105.0218,5
39.4223961276183,-105.022109368364,39.42252,-105.0218,4
39.4226679362301,-105.021468826498,39.42252,-105.0218,5
39.4223510862395,-105.021977831472,39.42252,-105.0218,1
39.4223735163206,-105.021930408774,39.42252,-105.0218,2
39.4225832022309,-105.022219864048,39.42252,-105.0218,3
39.4223096429069,-105.022158653404,39.42252,-105.0218,1
39.4220667350333,-105.02172827107,39.42252,-105.0218,3
39.4225738212685,-105.020559358258,39.42248,-105.0208,5
39.4221333293605,-105.021021627462,39.42248,-105.0208,1
39.4225795750175,-105.020894602465,39.42248,-105.0208,4
39.422510410973,-105.020507980532,39.42248,-105.0208,1
39.4221395552792,-105.020776132535,39.42248,-105.0208,3
39.4222644402385,-105.021032681741,39.42248,-105.0208,3
39.4224403217313,-105.021081072593,39.42248,-105.0208,3
39.4220944123112,-105.021061492188,39.42248,-105.0208,4
39.4223637707261,-105.021257289804,39.42248,-105.0208,3
39.4220042662573,-105.021104789157,39.42248,-105.0208,4
39.4225809610293,-105.020896336347,39.42248,-105.0208,3
39.4223150808162,-105.020568475641,39.42248,-105.0208,1
39.4225698757516,-105.020130642651,39.42218,-105.02,4
39.4221710848732,-105.01998726039,39.42218,-105.02,2
39.4225740960002,-105.019781325822,39.42218,-105.02,2
39.422535934136,-105.019826348342,39.42218,-105.02,3
39.4221340286037,-105.019620411831,39.42218,-105.02,4
39.4225757017033,-105.019548460077,39.42218,-105.02,3
39.4222745708457,-105.020226508722,39.42218,-105.02,5
39.4220150959367,-105.019760518319,39.42218,-105.02,1
39.4222699211772,-105.019931203876,39.42218,-105.02,3
39.4226769510561,-105.019896429701,39.42218,-105.02,2
39.4225841813771,-105.020325916393,39.42218,-105.02,4
39.4220350281509,-105.019904162604,39.42218,-105.02,2
39.4226427529218,-105.012915826377,39.42196,-105.0131,3
39.4226489957858,-105.01304551169,39.42196,-105.0131,2
39.4220739926331,-105.013519566349,39.42196,-105.0131,1
39.4222879513941,-105.012853008539,39.42196,-105.0131,1
39.4221662756297,-105.01316393094,39.42196,-105.0131,2
39.4224738617799,-105.013732389282,39.42196,-105.0131,1
39.422332639612,-105.013258182615,39.42196,-105.0131,1
39.4226110055847,-105.012711531887,39.42207,-105.0123,3
39.422326661051,-105.012076847533,39.42207,-105.0123,3
39.4222156005763,-105.012411378189,39.42207,-105.0123,1
39.4225093066982,-105.012505399702,39.42207,-105.0123,5
39.4224823340914,-105.012493456525,39.42207,-105.0123,5
39.4223590270431,-105.012358035119,39.42207,-105.0123,4
39.422617577617,-105.010930681652,39.4221,-105.0114,4
39.4219920473966,-105.011194330048,39.4221,-105.0114,2
39.4226844391802,-105.011710625729,39.4221,-105.0114,5
39.4220280807909,-105.011291126835,39.4221,-105.0114,5
39.4226562240967,-105.011022365025,39.4221,-105.0114,3
39.4222045307546,-105.011594353202,39.4221,-105.0114,3
39.4225648230943,-105.011448482557,39.4221,-105.0114,2
39.4220824417817,-105.011847362808,39.4221,-105.0114,5
39.4223481978846,-105.011610388408,39.4221,-105.0114,3
39.4222866010219,-105.010242708357,39.42201,-105.0105,5
39.4221127499267,-105.010902581832,39.42201,-105.0105,5
39.4227001976643,-105.010798828355,39.42201,-105.0105,2
39.4223080607677,-105.010845761993,39.42201,-105.0105,1
39.4222378352097,-105.010664119406,39.42201,-105.0105,5
39.422454764532,-105.010232137468,39.42201,-105.0105,4
39.4225328757476,-105.010489073224,39.42201,-105.0105,3
39.4221279447741,-105.01072692643,39.42201,-105.0105,1
39.4223503901685,-105.01069708275,39.42201,-105.0105,1
39.4225313550803,-105.009984978223,39.42201,-105.0105,3
39.4226915060429,-105.010770474203,39.42201,-105.0105,3
39.4220425459317,-105.010444654117,39.42201,-105.0105,1
39.4221400059711,-105.00724767981,39.42222,-105.0071,2
39.4222001811979,-105.007271293117,39.42222,-105.0071,5
39.4224798807245,-105.007846692644,39.42222,-105.0071,5
39.4220339732423,-105.008057633282,39.42222,-105.0071,5
39.4221588820807,-105.007315039426,39.42222,-105.0071,3
39.4220549579016,-105.007555476313,39.42222,-105.0071,1
39.4224588504456,-105.007547264128,39.42222,-105.0071,4
39.4224166944775,-105.007924168242,39.42222,-105.0071,1
39.4225648258687,-105.007811516811,39.42222,-105.0071,1
39.4219976201166,-105.006895396032,39.42222,-105.0071,4
39.422646688828,-105.006970942568,39.42222,-105.0071,3
39.4224022770255,-105.006997619163,39.42222,-105.0071,4
39.4220744511376,-105.006534913798,39.42222,-105.0071,5
39.4223667948401,-105.006587028222,39.42222,-105.0071,4
39.4226349220452,-105.006801361856,39.42222,-105.0071,5
39.4225776615809,-105.00619610716,39.42222,-105.0071,5
39.4224712295508,-105.006218350389,39.42222,-105.0071,1
39.4248789402192,-104.992837023541,39.42482,-104.9924,2
39.424479948783,-104.992488327066,39.42482,-104.9924,4
39.4246285237708,-104.992860857903,39.42482,-104.9924,5
39.4244477587203,-104.992700884956,39.42482,-104.9924,5
39.4248008504684,-104.992169720716,39.42482,-104.9924,4
39.4242584781375,-104.99240961463,39.42482,-104.9924,2
39.4249052288244,-104.992458422536,39.42482,-104.9924,5
39.4248542296148,-104.992008008234,39.42482,-104.9924,2
39.4241995696506,-104.9928098188,39.42482,-104.9924,2
39.4248100203217,-104.992727886823,39.42482,-104.9924,2
39.424775827835,-104.992326619117,39.42482,-104.9924,1
39.4242219726422,-104.992484944891,39.42482,-104.9924,3
39.4245838241407,-104.992555775855,39.42482,-104.9924,4
39.4244911625578,-104.992913952284,39.42482,-104.9924,1
39.4246392001751,-104.992468923381,39.42482,-104.9924,3
39.4248906097179,-104.992588599394,39.42482,-104.9924,5
39.4245117546868,-104.99222642951,39.42482,-104.9924,2
39.4248929615787,-104.992368486961,39.42482,-104.9924,2
39.4244129048653,-104.99247468754,39.42482,-104.9924,3
39.4243058984487,-104.9928339307,39.42482,-104.9924,5
39.4248245191187,-104.99291105791,39.42482,-104.9924,5
39.4243497014858,-104.992479476425,39.42482,-104.9924,3
39.4249408122128,-105.019652204269,39.4255,-105.0198,5
39.4251204629006,-105.020147795297,39.4255,-105.0198,4
39.4252116130326,-105.019914872924,39.4255,-105.0198,3
39.4252939795216,-105.020358453607,39.4255,-105.0198,3
39.4255108427086,-105.019808803263,39.4255,-105.0198,5
39.4250415211165,-105.019541339204,39.4255,-105.0198,3
39.4253372738933,-105.019911814595,39.4255,-105.0198,2
39.4249449521064,-105.020027852833,39.4255,-105.0198,2
39.4250766462887,-105.018743924772,39.42673,-105.016,2
39.4252771171588,-105.019117828399,39.42673,-105.016,1
39.4251410216753,-105.019341416764,39.42673,-105.016,3
39.4253409623287,-105.018861595784,39.42673,-105.016,5
39.4249189626622,-105.019218160174,39.42673,-105.016,5
39.4254646739056,-105.019126891106,39.42673,-105.016,1
39.4250910449717,-105.019036945649,39.42673,-105.016,5
39.4249907028114,-105.019000861088,39.42673,-105.016,4
39.4249333883941,-105.018559576599,39.42673,-105.016,2
39.4252664417728,-105.019051628508,39.42673,-105.016,2
39.425064821298,-105.018754311245,39.42673,-105.016,1
39.4256134454237,-105.01898257644,39.42673,-105.016,5
39.4251574290146,-105.019203426778,39.42673,-105.016,1
39.425246909206,-105.019228647129,39.42673,-105.016,3
39.4251334779361,-105.019364938525,39.42673,-105.016,3
39.4254593284705,-105.018630860756,39.42673,-105.016,1
39.4251715371277,-105.018936877288,39.42673,-105.016,3
39.4255069899774,-105.018811065013,39.42673,-105.016,5
39.4252745016875,-105.019351969671,39.42673,-105.016,2
39.4249212405955,-104.992238606926,39.42528,-104.9925,2
39.425398668135,-104.992488247052,39.42528,-104.9925,3
39.4253636582617,-104.992424839129,39.42528,-104.9925,2
39.4253516115174,-104.992554832336,39.42528,-104.9925,3
39.4249380245262,-104.992002306303,39.42528,-104.9925,1
39.4261314943715,-105.020607132475,39.42605,-105.0208,3
39.426255968738,-105.020695777813,39.42605,-105.0208,3
39.4261546141101,-105.020702078984,39.42605,-105.0208,3
39.4261607020882,-105.020520485138,39.42605,-105.0208,4
39.4262530370439,-105.021278192997,39.42605,-105.0208,2
39.425672854885,-105.021170090179,39.42605,-105.0208,2
39.425801866929,-105.020629803539,39.42605,-105.0208,4
39.4259126852172,-105.020730091588,39.42605,-105.0208,1
39.4263109150142,-105.021114115997,39.42605,-105.0208,1
39.4260504204474,-105.020628017274,39.42605,-105.0208,3
39.4258068614048,-105.020866480005,39.42605,-105.0208,5
39.4263273571652,-105.020711918663,39.42605,-105.0208,1
39.4259072292346,-105.021305903592,39.42605,-105.0208,3
39.4258647688796,-105.021116943851,39.42605,-105.0208,2
39.4258668018163,-105.02116553505,39.42605,-105.0208,1
39.4262961499729,-105.02104558371,39.42605,-105.0208,4
39.4259354713159,-105.021250954504,39.42605,-105.0208,4
39.425685038707,-105.020800055795,39.42605,-105.0208,1
39.4258432255584,-105.020861732722,39.42605,-105.0208,3
39.4257814322191,-105.02046135737,39.42605,-105.0208,4
39.4262536798692,-105.020975895386,39.42605,-105.0208,5
39.4257853823858,-105.02109920431,39.42605,-105.0208,1
39.4260581579794,-105.020869471243,39.42605,-105.0208,2
39.4257706264036,-105.020998128741,39.42605,-105.0208,3
39.4260171065098,-105.021235999701,39.42605,-105.0208,4
39.4258788399668,-105.020403105865,39.42605,-105.0208,1
39.4261666718142,-105.019833127701,39.42555,-105.0201,5
39.4258210481609,-105.019833877787,39.42555,-105.0201,1
39.4258675840871,-105.019431103465,39.42555,-105.0201,3
39.4260402969699,-105.019715752701,39.42555,-105.0201,3
39.4263176206377,-105.019511287265,39.42555,-105.0201,1
39.4260230509597,-105.020343418978,39.42555,-105.0201,4
39.4260989713958,-105.020165038144,39.42555,-105.0201,5
39.4259539784931,-105.02035553785,39.42555,-105.0201,2
39.4259537826925,-105.019914259143,39.42555,-105.0201,3
39.4256545329847,-105.020327004899,39.42555,-105.0201,1
39.4256502196829,-105.018863290504,39.42601,-105.019,2
39.4260262461358,-105.018949505538,39.42601,-105.019,4
39.4256616710754,-105.018836081699,39.42601,-105.019,2
39.4258969579712,-105.019127828642,39.42601,-105.019,5
39.4262614241271,-105.018529654503,39.42601,-105.019,1
39.4260861612116,-105.01894178097,39.42601,-105.019,5
39.4259384196345,-105.019197298273,39.42601,-105.019,5
39.4259897065623,-105.019194657731,39.42601,-105.019,1
39.4263176636312,-105.019141363156,39.42601,-105.019,1
39.4260854730031,-105.019071389605,39.42601,-105.019,4
39.4256930955451,-105.019201276657,39.42601,-105.019,3
39.4261217732944,-105.01905421759,39.42601,-105.019,4
39.4257390371967,-105.018921152231,39.42601,-105.019,4
39.425931443655,-105.018958442957,39.42601,-105.019,5
39.4259189052652,-105.018632516399,39.42601,-105.019,2
39.4260103631068,-105.019087326162,39.42601,-105.019,3
39.425828808212,-105.018671241202,39.42601,-105.019,4
39.4256549583935,-105.018620422446,39.42601,-105.019,1
39.4263515818418,-105.01500544638,39.42629,-105.0152,3
39.4260217932386,-105.01556245586,39.42629,-105.0152,4
39.4260281992732,-105.015246760946,39.42629,-105.0152,1
39.42592148061,-105.015606939725,39.42629,-105.0152,2
39.4260310530206,-105.01543322856,39.42629,-105.0152,1
39.4256416341527,-105.013900108408,39.42631,-105.0145,2
39.4260391053429,-105.014238756031,39.42631,-105.0145,1
39.4260217182385,-105.013833110156,39.42631,-105.0145,1
39.4260055322522,-105.014164024347,39.42631,-105.0145,5
39.4262409528063,-105.013748840345,39.42631,-105.0145,3
39.4260538738101,-105.013770176317,39.42631,-105.0145,2
39.4263482351338,-104.992904130538,39.426,-104.9925,2
39.4257150995116,-104.992415095875,39.426,-104.9925,5
39.4257402589251,-104.992656259618,39.426,-104.9925,3
39.4260843733237,-104.9928389583,39.426,-104.9925,1
39.4268772516714,-105.02188467071,39.42679,-105.0217,3
39.4267677857535,-105.021592980585,39.42679,-105.0217,1
39.4269109631777,-105.021520266093,39.42679,-105.0217,4
39.4266750184593,-105.022116812597,39.42679,-105.0217,5
39.4267565726417,-105.02170767118,39.42679,-105.0217,5
39.4267795147941,-105.021695470097,39.42679,-105.0217,2
39.4264969049306,-105.021814368445,39.42679,-105.0217,4
39.4270641291862,-105.022006590057,39.42679,-105.0217,2
39.4264371322805,-105.021833831254,39.42679,-105.0217,1
39.4268917511365,-105.020452865013,39.4264,-105.0212,1
39.4268286590979,-105.020834529158,39.4264,-105.0212,3
39.426885080092,-105.021250645196,39.4264,-105.0212,3
39.4269744261393,-105.021087877748,39.4264,-105.0212,2
39.4270237529728,-105.021061288089,39.4264,-105.0212,4
39.4265676227106,-105.020962714948,39.4264,-105.0212,5
39.4266764018184,-105.021091562225,39.4264,-105.0212,5
39.4269053399455,-105.020658446068,39.4264,-105.0212,1
39.4267541389493,-105.020731038487,39.4264,-105.0212,3
39.4268884298476,-105.019191453407,39.42669,-105.0187,1
39.4270329056599,-105.019346078355,39.42669,-105.0187,5
39.4269994197064,-105.018917760931,39.42669,-105.0187,5
39.4266274695027,-105.019199440355,39.42669,-105.0187,2
39.4264121467326,-105.019418028521,39.42669,-105.0187,5
39.4269745026093,-105.019344058089,39.42669,-105.0187,3
39.4263779434758,-105.018628980525,39.42669,-105.0187,2
39.4268088702612,-105.018736589424,39.42669,-105.0187,4
39.4266413773434,-105.019335156031,39.42669,-105.0187,5
39.4264457736881,-105.018640615609,39.42669,-105.0187,5
39.4267764456227,-105.019370718678,39.42669,-105.0187,1
39.4270677412063,-105.018655300765,39.42669,-105.0187,5
39.4266414414504,-105.019096020108,39.42669,-105.0187,5
39.426600465811,-105.018612581455,39.42669,-105.0187,4
39.4265706796865,-105.018703740852,39.42669,-105.0187,4
39.4268829817842,-105.019342671594,39.42669,-105.0187,1
39.4266961693533,-105.015728226254,39.42678,-105.016,3
39.4268012694416,-105.015781692118,39.42678,-105.016,2
39.4268764575869,-105.015832533017,39.42678,-105.016,1
39.4264654052891,-105.015733158012,39.42678,-105.016,5
39.4264905354166,-105.016051439969,39.42678,-105.016,4
39.4270462075353,-105.016578266425,39.42678,-105.016,4
39.4269064858707,-105.016021170596,39.42678,-105.016,5
39.4266516166101,-105.015659861103,39.42678,-105.016,1
39.4267002970865,-105.016354311192,39.42678,-105.016,4
39.4269129503086,-105.015795096127,39.42678,-105.016,3
39.4266495494511,-105.015689051068,39.42678,-105.016,2
39.4268333627265,-105.016227117731,39.42678,-105.016,5
39.4267800753163,-105.016257766655,39.42678,-105.016,3
39.4270758430164,-105.016394189517,39.42678,-105.016,3
39.4270174762266,-105.016132897972,39.42678,-105.016,5
39.4263809230147,-105.016100909843,39.42678,-105.016,5
39.426581089228,-105.016477114724,39.42678,-105.016,2
39.4268399508987,-105.016233734043,39.42678,-105.016,1
39.4270115756407,-105.015046031909,39.42635,-105.0154,5
39.4265333703605,-105.01554849053,39.42635,-105.0154,5
39.4263779295839,-105.015247344521,39.42635,-105.0154,3
39.4267580411821,-105.015198302811,39.42635,-105.0154,3
39.4264210300287,-105.015140406649,39.42635,-105.0154,1
39.4265498783313,-105.015430983341,39.42635,-105.0154,3
39.4267308237767,-105.01541314285,39.42635,-105.0154,1
39.426850437449,-105.014749844953,39.42635,-105.0154,5
39.4268508855209,-105.014992816552,39.42635,-105.0154,1
39.4269651722359,-105.01469874754,39.42635,-105.0154,5
39.426636489733,-105.015345215934,39.42635,-105.0154,4
39.4268502713055,-105.014365911225,39.42657,-105.0141,2
39.4265408615975,-105.014294145643,39.42657,-105.0141,3
39.4266947924553,-105.014176491285,39.42657,-105.0141,2
39.4268531798606,-105.014214329478,39.42657,-105.0141,2
39.4268566316506,-105.0133845508,39.42693,-105.0135,3
39.4263755233586,-105.013653728852,39.42693,-105.0135,1
39.4264816136144,-105.001455742444,39.42718,-105.0019,4
39.4267160500429,-105.001575585017,39.42718,-105.0019,4
39.4265179283909,-105.002231906898,39.42718,-105.0019,5
39.4268076690423,-105.002372086524,39.42718,-105.0019,3
39.4267652789732,-105.002150675031,39.42718,-105.0019,4
39.4270882918857,-105.001868284884,39.42718,-105.0019,4
39.4268599242179,-105.001872644899,39.42718,-105.0019,2
39.4267330060151,-105.000607356835,39.42722,-105.0011,5
39.4266259874317,-105.000986843234,39.42722,-105.0011,1
39.4267745350782,-105.000978538925,39.42722,-105.0011,2
39.4266415935769,-105.000734362253,39.42722,-105.0011,3
39.4267209773157,-105.001225886209,39.42722,-105.0011,4
39.4266004003341,-105.001395250699,39.42722,-105.0011,4
39.4269737834128,-105.000932050019,39.42722,-105.0011,3
39.4267683387311,-105.000807324533,39.42722,-105.0011,5
39.4269859274293,-105.001133176367,39.42722,-105.0011,5
39.4267756218327,-105.000838100076,39.42722,-105.0011,2
39.4270008287524,-105.001408433551,39.42722,-105.0011,1
39.4269433500523,-105.001440041167,39.42722,-105.0011,3
39.4265916063757,-105.001375436974,39.42722,-105.0011,5
39.426700994728,-105.000885558562,39.42722,-105.0011,1
39.4265269503731,-105.000866340294,39.42722,-105.0011,3
39.4264050026147,-105.00063367549,39.42722,-105.0011,3
39.4269371148958,-105.000748384792,39.42722,-105.0011,4
39.4264875218752,-104.992442615088,39.42674,-104.9925,4
39.4265663405371,-104.99244009568,39.42674,-104.9925,3
39.4268167218173,-104.992457054912,39.42674,-104.9925,1
39.4267037184811,-104.992665492831,39.42674,-104.9925,2
39.4263852476849,-104.992629001634,39.42674,-104.9925,2
39.4266117127503,-104.99233416183,39.42674,-104.9925,1
39.4276494254191,-105.021956841694,39.42747,-105.0218,5
39.4275483212603,-105.02222392009,39.42747,-105.0218,5
39.4275167019286,-105.022236033494,39.42747,-105.0218,4
39.4272164699589,-105.02151340902,39.42747,-105.0218,1
39.4274532226588,-105.022065223577,39.42747,-105.0218,3
39.4274914165946,-105.022234612579,39.42747,-105.0218,4
39.427116227023,-105.02216629267,39.42747,-105.0218,2
39.4273396336889,-105.02141042725,39.42747,-105.0218,2
39.4272953043725,-105.021543653887,39.42747,-105.0218,1
39.4275638527575,-105.018907086875,39.42616,-105.0209,3
39.4276938506041,-105.018664375459,39.42616,-105.0209,1
39.4277086498306,-105.018518728719,39.42616,-105.0209,1
39.4276348462692,-105.018737895737,39.42616,-105.0209,1
39.4276779745245,-105.018986157622,39.42616,-105.0209,4
39.427686843574,-105.01922462492,39.42616,-105.0209,3
39.4272056257807,-105.019225875221,39.42616,-105.0209,3
39.4271506565067,-105.018973732996,39.42616,-105.0209,1
39.427679038124,-105.018592979406,39.42616,-105.0209,4
39.4274914059769,-105.018726974937,39.42616,-105.0209,1
39.4272004244201,-105.019238019106,39.42616,-105.0209,4
39.4274175902201,-105.018508125457,39.42616,-105.0209,1
39.4276906291293,-105.018965216812,39.42616,-105.0209,2
39.4277047939505,-105.018964535985,39.42616,-105.0209,1
39.4276642005641,-105.01932969959,39.42616,-105.0209,1
39.4274629198676,-105.01900606696,39.42616,-105.0209,4
39.4278210436793,-105.018612125698,39.42616,-105.0209,2
39.4277914588547,-105.01935709567,39.42616,-105.0209,3
39.427356805297,-105.018713647537,39.42616,-105.0209,3
39.4272731225809,-105.018635832789,39.42616,-105.0209,4
39.4273154022576,-105.018562050935,39.42616,-105.0209,3
39.4273079932629,-105.018578739795,39.42616,-105.0209,1
39.4277064118771,-105.01857095924,39.42616,-105.0209,3
39.4273067687408,-105.019405427068,39.42616,-105.0209,2
39.4275416545799,-105.019387999714,39.42616,-105.0209,1
39.4277948746326,-105.017795417663,39.4276,-105.0183,4
39.4271581143152,-105.018258330389,39.4276,-105.0183,2
39.4273374494761,-105.017968258635,39.4276,-105.0183,4
39.4278054380845,-105.01797233477,39.4276,-105.0183,4
39.4275605941282,-105.017998397965,39.4276,-105.0183,5
39.4272826984734,-105.017618509368,39.4276,-105.0183,3
39.4274935983367,-105.017824502397,39.4276,-105.0183,4
39.4276807250601,-105.017849856303,39.4276,-105.0183,2
39.4276812570163,-105.018279479707,39.4276,-105.0183,2
39.4272067116279,-105.018001952238,39.4276,-105.0183,1
39.4276233651961,-105.018306310034,39.4276,-105.0183,2
39.4271287947667,-105.018395631504,39.4276,-105.0183,5
39.4273055201402,-105.017854250115,39.4276,-105.0183,4
39.4271195532121,-105.018119194039,39.4276,-105.0183,4
39.4277548818171,-105.017835054944,39.4276,-105.0183,1
39.4271124913301,-105.016422262716,39.42746,-105.0162,1
39.4272480055956,-105.015769951585,39.42746,-105.0162,4
39.4272963049021,-105.016186913579,39.42746,-105.0162,1
39.4274792308801,-105.015690780845,39.42746,-105.0162,5
39.4275568232116,-105.016317104837,39.42746,-105.0162,1
39.4272853735265,-105.015998546905,39.42746,-105.0162,5
39.4276584390264,-105.01653633004,39.42746,-105.0162,4
39.4276769799003,-105.016251095973,39.42746,-105.0162,2
39.4271066953063,-105.015638175375,39.42746,-105.0162,3
39.4272661470426,-105.016310254185,39.42746,-105.0162,2
39.4277444702041,-105.016540513682,39.42746,-105.0162,1
39.4277885716627,-105.01617787014,39.42746,-105.0162,2
39.4274617896564,-105.015644176946,39.42746,-105.0162,2
39.427495908875,-105.016302044375,39.42746,-105.0162,1
39.4273304646982,-105.016246197821,39.42746,-105.0162,1
39.4277566463041,-105.015875128652,39.42746,-105.0162,1
39.4275730707026,-105.016083289511,39.42746,-105.0162,5
39.427229900116,-105.015861182886,39.42746,-105.0162,5
39.4275394926057,-105.016562760259,39.42746,-105.0162,4
39.4272798051715,-105.015839918976,39.42746,-105.0162,2
39.4275340119353,-105.016264468582,39.42746,-105.0162,1
39.4275917432886,-105.016559233833,39.42746,-105.0162,1
39.4276881338956,-105.016078558247,39.42746,-105.0162,1
39.4272685479655,-105.016468765282,39.42746,-105.0162,3
39.427205810234,-105.013396478191,39.4272,-105.013,3
39.4277738397436,-105.012962762346,39.4272,-105.013,1
39.4276408896395,-105.003470798753,39.42762,-105.0037,3
39.4274074298687,-105.003612657835,39.42762,-105.0037,2
39.4272386256293,-105.003353538854,39.42762,-105.0037,3
39.4274041700584,-105.003573628447,39.42762,-105.0037,5
39.4271427466276,-105.004086402358,39.42762,-105.0037,2
39.4274432394291,-105.003456207291,39.42762,-105.0037,5
39.4276667151074,-105.00349010364,39.42762,-105.0037,5
39.4272509928297,-105.003913978412,39.42762,-105.0037,3
39.4271603299054,-105.003945125967,39.42762,-105.0037,1
39.4274513080249,-105.004252133885,39.42762,-105.0037,5
39.4277853299791,-105.003087176964,39.42729,-105.003,5
39.4271437891178,-105.002939266285,39.42729,-105.003,4
39.4276957206367,-105.002593788616,39.42729,-105.003,1
39.4276264640223,-105.003273158276,39.42729,-105.003,4
39.4273343474893,-105.003127769476,39.42729,-105.003,1
39.4278127159739,-105.003227111871,39.42729,-105.003,3
39.4276773608423,-105.002476315956,39.42729,-105.003,3
39.4271447253976,-105.003319577615,39.42729,-105.003,1
39.4277061551862,-105.002920745418,39.42729,-105.003,2
39.427110225604,-105.002846722897,39.42729,-105.003,2
39.4275946025693,-105.001840170991,39.42718,-105.0019,3
39.4273730823677,-105.00238501983,39.42718,-105.0019,5
39.4278084220715,-105.001666905995,39.42718,-105.0019,2
39.4276904504383,-105.00237279345,39.42718,-105.0019,4
39.4275430198512,-105.001484685539,39.42718,-105.0019,1
39.4275880862729,-105.00228678912,39.42718,-105.0019,2
39.4276421354371,-105.001603623219,39.42718,-105.0019,4
39.4278208323441,-105.00207454239,39.42718,-105.0019,1
39.4273126719998,-105.00174670295,39.42718,-105.0019,2
39.4271606550952,-105.001843988665,39.42718,-105.0019,2
39.4271232841082,-105.001388427139,39.42727,-105.0009,1
39.4277291789681,-105.00083747902,39.42727,-105.0009,4
39.4277553069352,-105.000573359507,39.42727,-105.0009,3
39.4271414743892,-105.000595823262,39.42727,-105.0009,2
39.4273552700799,-105.000851890661,39.42727,-105.0009,2
39.4275207983835,-105.001397097563,39.42727,-105.0009,2
39.4274824512984,-105.00108846574,39.42727,-105.0009,3
39.4274812183606,-105.001256137171,39.42727,-105.0009,4
39.4271800734328,-105.000677016536,39.42727,-105.0009,1
39.4271623920762,-105.000857718862,39.42727,-105.0009,3
39.427399741906,-105.001083621855,39.42727,-105.0009,1
39.4276792052866,-105.001187189512,39.42727,-105.0009,5
39.4274442513491,-105.001048757634,39.42727,-105.0009,3
39.4272765170157,-105.001318225079,39.42727,-105.0009,4
39.427115510295,-105.001323820305,39.42727,-105.0009,4
39.4271265196385,-105.000618446575,39.42727,-105.0009,3
39.42731065292,-105.001327031452,39.42727,-105.0009,5
39.4271438144684,-105.000965154306,39.42727,-105.0009,3
39.427781307155,-105.001112479391,39.42727,-105.0009,1
39.4275980153116,-104.999932958348,39.42759,-105.0001,4
39.4277458381902,-104.999810276814,39.42759,-105.0001,3
39.4274524020713,-105.000112895667,39.42759,-105.0001,2
39.4276027081343,-104.999809736467,39.42759,-105.0001,2
39.4275651262343,-104.999650189607,39.42759,-105.0001,5
39.4271312979941,-105.000079890008,39.42759,-105.0001,3
39.4271865129862,-105.000103304545,39.42759,-105.0001,5
39.4272233191308,-104.999569188623,39.42759,-105.0001,5
39.4277681763338,-105.000368904391,39.42759,-105.0001,4
39.4272033494351,-105.000067490213,39.42759,-105.0001,3
39.427148647996,-104.999849932292,39.42759,-105.0001,2
39.4277492528508,-105.000055224893,39.42759,-105.0001,1
39.4274407432742,-104.999727627899,39.42759,-105.0001,5
39.4276064828203,-104.999834793499,39.42759,-105.0001,2
39.4277999729126,-105.00049315143,39.42759,-105.0001,2
39.4274916731658,-105.000398923931,39.42759,-105.0001,3
39.4274657082179,-104.992651725849,39.42746,-104.9926,4
39.427224227381,-104.992472572171,39.42746,-104.9926,4
39.4276207252829,-104.992228084426,39.42746,-104.9926,4
39.4273216662651,-104.992543030364,39.42746,-104.9926,1
39.427971876253,-105.021411758416,39.42817,-105.0216,5
39.4282426719951,-105.021515637685,39.42817,-105.0216,5
39.4284703305002,-105.022075637152,39.42817,-105.0216,3
39.4285441226603,-105.022212651665,39.42817,-105.0216,4
39.4278803957341,-105.021538193323,39.42817,-105.0216,3
39.428543846267,-105.02163167785,39.42817,-105.0216,1
39.4285188720592,-105.021774356398,39.42817,-105.0216,1
39.4284052153631,-105.021950962098,39.42817,-105.0216,5
39.4283027464458,-105.018355785001,39.4282,-105.018,3
39.4284787677739,-105.017972941088,39.4282,-105.018,1
39.4283205939695,-105.018363331503,39.4282,-105.018,5
39.4281648115497,-105.018049341668,39.4282,-105.018,4
39.4281336803721,-105.017965336823,39.4282,-105.018,3
39.4278693343649,-105.017810272726,39.4282,-105.018,2
39.4284141014299,-105.018035381011,39.4282,-105.018,2
39.4282770310529,-105.018451484085,39.4282,-105.018,5
39.4279828923416,-105.017745247202,39.4282,-105.018,4
39.4279900737468,-105.018169578024,39.4282,-105.018,1
39.4282716974656,-105.018108678011,39.4282,-105.018,5
39.4284323498267,-105.017919990599,39.4282,-105.018,5
39.4285136688033,-105.017730084847,39.4282,-105.018,5
39.4285262633431,-105.018470370483,39.4282,-105.018,1
39.4278761853025,-105.018342637952,39.4282,-105.018,2
39.428457396061,-105.017828362239,39.4282,-105.018,5
39.4278833004662,-105.017813966371,39.4282,-105.018,4
39.4282170505862,-105.015868345195,39.42819,-105.0163,2
39.4278739933802,-105.016078220942,39.42819,-105.0163,2
39.4279026865597,-105.015902454539,39.42819,-105.0163,4
39.4283186112995,-105.016397799188,39.42819,-105.0163,5
39.4280638939208,-105.016100179462,39.42819,-105.0163,2
39.4283670198901,-105.016123439517,39.42819,-105.0163,3
39.4280916472237,-105.015772262713,39.42819,-105.0163,2
39.428132610409,-105.016202426076,39.42819,-105.0163,2
39.4284295776996,-105.015894597785,39.42819,-105.0163,5
39.4284785934508,-105.015760496209,39.42819,-105.0163,5
39.4284305193677,-105.015795715177,39.42819,-105.0163,4
39.4283712923102,-105.016419323043,39.42819,-105.0163,5
39.4279401398827,-105.015937977567,39.42819,-105.0163,1
39.4283906795025,-105.015795322583,39.42819,-105.0163,3
39.4278655794867,-105.016013341388,39.42819,-105.0163,5
39.4285056910155,-105.015798034084,39.42819,-105.0163,2
39.4285362738684,-105.015822856988,39.42819,-105.0163,1
39.4282383640353,-105.015691665911,39.42819,-105.0163,5
39.4280198728913,-105.015777519509,39.42819,-105.0163,2
39.4284506958899,-105.012678442059,39.42831,-105.0118,1
39.4285032264049,-105.011959228177,39.42831,-105.0118,1
39.4284010120531,-105.011279736743,39.42783,-105.0162,2
39.4279667283167,-105.011854701439,39.42783,-105.0162,1
39.4280390373375,-105.01138002103,39.42783,-105.0162,4
39.4281916752893,-105.00471697658,39.42829,-105.0047,1
39.4278807190812,-105.004544238666,39.42829,-105.0047,1
39.4285711494404,-105.004533755832,39.42829,-105.0047,5
39.4280350674495,-105.00436947094,39.42829,-105.0047,2
39.4282050251075,-105.004908315566,39.42829,-105.0047,5
39.4280037349895,-105.004930916729,39.42829,-105.0047,2
39.428280544078,-105.004304066349,39.42829,-105.0047,3
39.4280794913885,-105.0044211917,39.42829,-105.0047,2
39.4284242631978,-105.004634494051,39.42829,-105.0047,3
39.4285685320133,-105.004394736524,39.42829,-105.0047,1
39.4278723455305,-105.005046364503,39.42829,-105.0047,3
39.4282010373022,-105.004404543083,39.42829,-105.0047,3
39.4283432329693,-105.004709133992,39.42829,-105.0047,3
39.428145179588,-105.004498254761,39.42829,-105.0047,5
39.4284287477327,-105.004832139905,39.42829,-105.0047,5
39.4285065734075,-105.004985763286,39.42829,-105.0047,3
39.4285066059841,-105.005042644586,39.42829,-105.0047,4
39.4282794416894,-105.003813807465,39.42795,-105.0041,3
39.4282046811554,-105.004064882231,39.42795,-105.0041,4
39.4279983478249,-105.004237711139,39.42795,-105.0041,4
39.4284544208101,-105.003818096826,39.42795,-105.0041,2
39.4280103108811,-105.003777116108,39.42795,-105.0041,2
39.427853130458,-105.003900082712,39.42795,-105.0041,1
39.4279502774567,-105.004218716571,39.42795,-105.0041,1
39.4282482665142,-105.004131800839,39.42795,-105.0041,1
39.4282320200416,-105.003893773495,39.42795,-105.0041,3
39.4285462420891,-105.003508878332,39.42795,-105.0041,5
39.4282690893123,-105.004173856277,39.42795,-105.0041,2
39.4280126756555,-105.004280161294,39.42795,-105.0041,1
39.4280092038966,-105.003793051519,39.42795,-105.0041,3
39.4284309053861,-105.003979850181,39.42795,-105.0041,3
39.4284739229181,-105.004029008786,39.42795,-105.0041,4
39.428495983474,-105.004153737157,39.42795,-105.0041,1
39.4280263163455,-105.003538313246,39.42795,-105.0041,5
39.4279085644859,-105.003397695626,39.42795,-105.0041,1
39.4283665290741,-105.003790117541,39.42795,-105.0041,1
39.4284602820191,-105.004097201183,39.42795,-105.0041,3
39.428014561233,-105.003790504416,39.42795,-105.0041,1
39.4281660853113,-105.000333005063,39.42808,-104.9997,5
39.4285137941068,-105.000007785924,39.42808,-104.9997,4
39.4278422606835,-104.999953697069,39.42808,-104.9997,5
39.4284449302826,-104.999591741401,39.42808,-104.9997,1
39.4283486652668,-104.999671014607,39.42808,-104.9997,2
39.4283374094633,-104.999979250267,39.42808,-104.9997,2
39.4282199727422,-105.000427181219,39.42808,-104.9997,3
39.4284425547757,-105.000299796514,39.42808,-104.9997,3
39.4278945053911,-105.000315126232,39.42808,-104.9997,3
39.4283543486955,-105.00048394683,39.42808,-104.9997,1
39.4281072425476,-104.999536875945,39.42833,-104.9995,2
39.4280942911053,-104.99891708641,39.42833,-104.9995,5
39.4283590985771,-104.999033877947,39.42833,-104.9995,3
39.4283704209908,-104.999231952752,39.42833,-104.9995,5
39.4282107190359,-104.999539693327,39.42833,-104.9995,4
39.4283879878065,-104.999066183714,39.42833,-104.9995,2
39.428543230135,-104.999204916801,39.42833,-104.9995,2
39.4283365397722,-104.998774117995,39.42833,-104.9995,3
39.4282418111579,-104.999340877667,39.42833,-104.9995,4
39.4290437185144,-105.022244660104,39.42887,-105.0214,2
39.428726047654,-105.022020133222,39.42887,-105.0214,4
39.4289054718309,-105.021678066871,39.42887,-105.0214,3
39.4292001297505,-105.021335500713,39.42887,-105.0214,1
39.4292135324476,-105.021944050893,39.42887,-105.0214,2
39.428956728463,-105.021941789794,39.42887,-105.0214,3
39.4292092160014,-105.02148928969,39.42887,-105.0214,5
39.4287026342921,-105.022162183291,39.42887,-105.0214,2
39.4289378022555,-105.021717550294,39.42887,-105.0214,1
39.428960576545,-105.021197905548,39.42903,-105.0213,5
39.4289396771996,-105.021020643645,39.42903,-105.0213,5
39.4286288002268,-105.020988157895,39.42903,-105.0213,1
39.4287868840746,-105.020574911272,39.42903,-105.0213,3
39.428784818918,-105.020443521753,39.42903,-105.0213,2
39.4286453800122,-105.020924871103,39.42903,-105.0213,3
39.4291584190028,-105.020831139257,39.42903,-105.0213,5
39.4285873323876,-105.020454451728,39.42903,-105.0213,1
39.4292457199208,-105.020823850045,39.42903,-105.0213,4
39.429242055045,-105.020876768876,39.42903,-105.0213,2
39.428619165214,-105.020555243203,39.42903,-105.0213,5
39.4287948731409,-105.020494980229,39.42903,-105.0213,1
39.4292462199691,-105.017960330588,39.42857,-105.0177,1
39.4288698303989,-105.018386437285,39.42857,-105.0177,3
39.4291622181663,-105.017972339354,39.42857,-105.0177,3
39.4291607070779,-105.017949082512,39.42857,-105.0177,5
39.4285852171153,-105.017681046235,39.42857,-105.0177,2
39.4286101488887,-105.018284026223,39.42857,-105.0177,3
39.4285719855154,-105.017840244953,39.42857,-105.0177,4
39.4292512934631,-105.018172024057,39.42857,-105.0177,4
39.4292777841314,-105.017866637386,39.42857,-105.0177,5
39.4288461058751,-105.017612641701,39.42857,-105.0177,2
39.4291069283725,-105.017945046412,39.42857,-105.0177,4
39.4286999806696,-105.018305872917,39.42857,-105.0177,5
39.4286479726229,-105.018432762033,39.42857,-105.0177,2
39.4287230701488,-105.017715405243,39.42857,-105.0177,2
39.4288930511577,-105.018104934086,39.42857,-105.0177,3
39.4289554063786,-105.017988778436,39.42857,-105.0177,1
39.4287175164543,-105.018018260931,39.42857,-105.0177,3
39.428764933884,-105.017752504643,39.42857,-105.0177,2
39.4285934723506,-105.018169869189,39.42857,-105.0177,3
39.4289954853476,-105.018204949762,39.42857,-105.0177,4
39.4287254523812,-105.017183748341,39.42883,-105.017,5
39.429167355463,-105.017429924724,39.42883,-105.017,5
39.4292438069653,-105.016825485125,39.42883,-105.017,5
39.4288837171761,-105.017183748287,39.42883,-105.017,5
39.4288267160845,-105.017524173773,39.42883,-105.017,1
39.4288644865433,-105.017136650707,39.42883,-105.017,4
39.4290677672582,-105.017049532479,39.42883,-105.017,1
39.4289165917237,-105.016987683204,39.42883,-105.017,2
39.428612003307,-105.017302675903,39.42883,-105.017,5
39.4290202888784,-105.016954823591,39.42883,-105.017,4
39.4288151736475,-105.016885700234,39.42883,-105.017,2
39.4290334625051,-105.017161785738,39.42883,-105.017,1
39.4288647629854,-105.016167008963,39.42668,-105.0139,5
39.4286700165736,-105.016153001711,39.42668,-105.0139,2
39.429291572163,-105.015958415674,39.42668,-105.0139,1
39.4293029108452,-105.015700013642,39.42668,-105.0139,2
39.4291291292532,-105.015858485888,39.42668,-105.0139,5
39.4291747825353,-105.016552387207,39.42668,-105.0139,3
39.4292471767454,-105.016134532712,39.42668,-105.0139,2
39.429211301672,-105.01613669785,39.42668,-105.0139,4
39.4289030241971,-105.016557380992,39.42668,-105.0139,1
39.428666995064,-105.016183313793,39.42668,-105.0139,1
39.4288199998872,-105.015989265783,39.42668,-105.0139,1
39.4289508809569,-105.016173282488,39.42668,-105.0139,2
39.428846734595,-105.016298941759,39.42668,-105.0139,1
39.4289635814487,-105.016309942901,39.42668,-105.0139,5
39.4292652942231,-105.016391647829,39.42668,-105.0139,3
39.4291274385295,-105.015806354176,39.42668,-105.0139,3
39.4286559119142,-105.015875065769,39.42668,-105.0139,4
39.4292110634931,-105.016155233568,39.42668,-105.0139,5
39.428721001044,-105.016024357711,39.42668,-105.0139,3
39.4290118138182,-105.016285971723,39.42668,-105.0139,4
39.4291505299428,-105.016313424611,39.42668,-105.0139,3
39.4290811486363,-105.00591283076,39.42896,-105.0057,2
39.4291557664252,-105.00580510473,39.42896,-105.0057,2
39.4292613702526,-105.005407220143,39.42896,-105.0057,1
39.4286272403681,-105.005923193683,39.42896,-105.0057,3
39.4289167567715,-105.00584280957,39.42896,-105.0057,4
39.4287794839764,-105.005615403698,39.42896,-105.0057,1
39.428674110301,-105.005404211446,39.42896,-105.0057,1
39.429192518279,-105.005405276856,39.42896,-105.0057,3
39.4286046094311,-105.005390021556,39.42896,-105.0057,4
39.4288582221685,-105.006069238328,39.42896,-105.0057,3
39.4291252489595,-105.005377982856,39.42896,-105.0057,1
39.4289285503363,-105.005937037211,39.42896,-105.0057,3
39.428797480708,-105.005549043655,39.42896,-105.0057,5
39.4290167747703,-105.005790514226,39.42896,-105.0057,1
39.4287391428685,-105.005956513036,39.42896,-105.0057,5
39.4292363909032,-105.005850503586,39.42896,-105.0057,5
39.4288436027954,-105.005564871684,39.42896,-105.0057,3
39.4287694885034,-105.004465061381,39.42857,-105.0051,1
39.4290596700222,-105.004924705117,39.42857,-105.0051,5
39.4286149217208,-105.005189900654,39.42857,-105.0051,5
39.4289744529518,-105.004436007974,39.42857,-105.0051,5
39.428962609483,-105.004307257007,39.42857,-105.0051,3
39.4292428086927,-105.004826724034,39.42857,-105.0051,2
39.4289492326425,-105.005118477392,39.42857,-105.0051,5
39.4290629805694,-105.004740884992,39.42857,-105.0051,2
39.4286697494201,-105.004447026053,39.42857,-105.0051,2
39.4290820525687,-105.005125254142,39.42857,-105.0051,3
39.4289054278769,-105.004642399451,39.42857,-105.0051,3
39.4292438021739,-105.005133230005,39.42857,-105.0051,2
39.4289943872008,-104.999303814355,39.42896,-104.9993,5
39.4287881446076,-104.999396572432,39.42896,-104.9993,5
39.4286501328109,-104.999509317829,39.42896,-104.9993,3
39.4289372249179,-104.999199104865,39.42896,-104.9993,4
39.4292854160979,-104.999117024904,39.42896,-104.9993,3
39.4292780667562,-104.998742585443,39.42896,-104.9993,3
39.4287085576061,-104.998761131583,39.42896,-104.9993,3
39.4286683231105,-104.999054272461,39.42896,-104.9993,4
39.4291263882675,-104.999146748371,39.42896,-104.9993,1
39.4288388426205,-104.998976725813,39.42896,-104.9993,3
39.4288772280799,-104.999414245368,39.42896,-104.9993,3
39.4287238469848,-104.998898202114,39.42896,-104.9993,1
39.4296283753556,-105.021676099651,39.42957,-105.0212,3
39.43001897005,-105.021321575714,39.42957,-105.0212,1
39.429961311376,-105.021682166185,39.42957,-105.0212,1
39.4299909392604,-105.021923973838,39.42957,-105.0212,3
39.4294935475838,-105.021914165868,39.42957,-105.0212,1
39.4298894759815,-105.021989958939,39.42957,-105.0212,4
39.4300282123823,-105.022135172073,39.42957,-105.0212,5
39.4299424099981,-105.021442217198,39.42957,-105.0212,4
39.4298939228947,-105.021337183243,39.42957,-105.0212,1
39.4293726069821,-105.021351022925,39.42957,-105.0212,2
39.4296387836608,-105.021424522995,39.42957,-105.0212,2
39.4293728891867,-105.021556770123,39.42957,-105.0212,2
39.4299921051203,-105.022101106444,39.42957,-105.0212,5
39.4298846718996,-105.021810331044,39.42957,-105.0212,5
39.42943248442,-105.021991926009,39.42957,-105.0212,4
39.4293908422301,-105.021672134376,39.42957,-105.0212,3
39.4295204248007,-105.022162955572,39.42957,-105.0212,1
39.4299612309317,-105.020452484263,39.42979,-105.021,3
39.4296949768766,-105.020940615706,39.42979,-105.021,5
39.4300254496578,-105.020941315192,39.42979,-105.021,4
39.4298027843584,-105.021290964134,39.42979,-105.021,2
39.4294425724636,-105.020903299397,39.42979,-105.021,5
39.4298198920262,-105.021162195176,39.42979,-105.021,2
39.4298993100334,-105.020464741474,39.42979,-105.021,4
39.4296162078651,-105.020678385647,39.42979,-105.021,3
39.4297868012923,-105.020781630546,39.42979,-105.021,4
39.4297745761708,-105.021134409199,39.42979,-105.021,3
39.4298178969886,-105.021156317282,39.42979,-105.021,3
39.4298487470263,-105.006982303785,39.42975,-105.0062,5
39.429856919551,-105.006256586257,39.42975,-105.0062,3
39.4295321183778,-105.006719356273,39.42975,-105.0062,2
39.4293647506508,-105.006142225724,39.42953,-105.0061,4
39.4299575130212,-105.005937664469,39.42953,-105.0061,2
39.429743485372,-105.006001348466,39.42953,-105.0061,3
39.4297955610417,-105.005768087274,39.42953,-105.0061,2
39.4300017763779,-104.999503911636,39.42967,-104.9993,1
39.429479188439,-104.998953892075,39.42967,-104.9993,2
39.4293784075381,-104.999334127623,39.42967,-104.9993,2
39.4300378622974,-104.998686168585,39.42967,-104.9993,5
39.4295844023797,-104.99873196215,39.42967,-104.9993,3
39.4295974702905,-104.999148194319,39.42967,-104.9993,2
39.4297647688335,-104.999039248914,39.42967,-104.9993,4
39.4295260629235,-104.999237731969,39.42967,-104.9993,1
39.4300350998437,-104.998836588948,39.42967,-104.9993,5
39.4298372253024,-104.999521770664,39.42967,-104.9993,3
39.429838237709,-104.999533039464,39.42967,-104.9993,5
39.4297592481124,-104.999514388142,39.42967,-104.9993,3
39.4295413468851,-104.999250538603,39.42967,-104.9993,1
39.4305285342459,-105.020828397429,39.43011,-105.0205,4
39.4300446034903,-105.021096156388,39.43011,-105.0205,5
39.4303491402825,-105.020525921814,39.43011,-105.0205,2
39.430469511821,-105.020493025855,39.43011,-105.0205,2
39.43062576799,-105.020899550247,39.43011,-105.0205,2
39.4304036821413,-105.021175251273,39.43011,-105.0205,3
39.4305581700561,-105.020564123808,39.43011,-105.0205,1
39.4302852243105,-105.021146092368,39.43011,-105.0205,1
39.4300576614477,-105.020462853893,39.43011,-105.0205,5
39.430713910404,-105.020455282237,39.43011,-105.0205,1
39.430739036814,-105.020940034803,39.43011,-105.0205,4
39.4303923540403,-105.020678470778,39.43011,-105.0205,4
39.4300451333719,-105.021218954435,39.43011,-105.0205,5
39.4304079587877,-105.020993465968,39.43011,-105.0205,2
39.4306121312626,-105.020125218606,39.43047,-105.0201,4
39.4302959276653,-105.01975944396,39.43047,-105.0201,2
39.4305075887897,-105.019536315109,39.43047,-105.0201,4
39.4304672996339,-105.020142344709,39.43047,-105.0201,1
39.4300566100382,-105.019657264829,39.43047,-105.0201,1
39.4304429258982,-105.020264136534,39.43047,-105.0201,3
39.4305818776681,-105.020363383575,39.43047,-105.0201,2
39.430638213985,-105.019501284757,39.43047,-105.0201,2
39.43030083466,-105.020279706842,39.43047,-105.0201,3
39.4301994883698,-105.019473656496,39.43047,-105.0201,1
39.4300565234244,-105.020255118616,39.43047,-105.0201,4
39.4302154410972,-105.019935858388,39.43047,-105.0201,5
39.4306318586254,-105.019896433766,39.43047,-105.0201,3
39.4306633687745,-105.019571993434,39.43047,-105.0201,1
39.4307691077922,-105.020138923421,39.43047,-105.0201,3
39.4302384557999,-105.019924121646,39.43047,-105.0201,2
39.4302081639303,-105.006994885276,39.43041,-105.0062,3
39.4307501756916,-104.999441700164,39.4304,-104.9993,2
39.4301107544302,-104.998791901049,39.4304,-104.9993,2
39.4302715215497,-104.999398346826,39.4304,-104.9993,5
39.4302062081624,-104.999175004172,39.4304,-104.9993,4
39.4303309351381,-104.999252139366,39.4304,-104.9993,1
39.4300876031035,-104.998754025289,39.4304,-104.9993,5
39.4303193874135,-104.998805583544,39.4304,-104.9993,1
39.4305896459478,-104.999235985058,39.4304,-104.9993,2
39.4306497875121,-104.999034835671,39.4304,-104.9993,1
39.4306704608837,-104.999438109495,39.4304,-104.9993,3
39.4304796113479,-104.999080206899,39.4304,-104.9993,4
39.4301178759209,-104.999139945075,39.4304,-104.9993,2
39.430726052644,-104.998873945143,39.4304,-104.9993,4
39.4314841142246,-105.019435760272,39.43111,-105.0198,2
39.4311837808204,-105.020245868369,39.43111,-105.0198,1
39.431208255357,-105.020172527696,39.43111,-105.0198,4
39.4312241964565,-105.019652696249,39.43111,-105.0198,3
39.4312164311851,-105.019929779023,39.43111,-105.0198,5
39.4311381391663,-105.019865241365,39.43111,-105.0198,5
39.4311587174751,-105.020133142821,39.43111,-105.0198,3
39.431291200398,-105.019872597895,39.43111,-105.0198,1
39.4309459179741,-105.020017527754,39.43111,-105.0198,4
39.4310612579266,-105.020294458099,39.43111,-105.0198,2
39.4314282333394,-105.019825666099,39.43111,-105.0198,1
39.4307879319923,-105.01980190128,39.43111,-105.0198,2
39.4312993666036,-105.019781602754,39.43111,-105.0198,1
39.4308277555907,-105.019742648149,39.43111,-105.0198,1
39.4309110790847,-105.019826332418,39.43111,-105.0198,4
39.4307931948068,-105.019670877679,39.43111,-105.0198,1
39.431121393792,-105.006544164228,39.43114,-105.0062,1
39.4308946602393,-105.006200411752,39.43114,-105.0062,2
39.4313857685395,-104.999613411771,39.43123,-104.9995,4
39.4313215262028,-105.000325438575,39.43123,-104.9995,4
39.4307734238239,-105.000064061569,39.43123,-104.9995,2
39.4307933278499,-104.999696721176,39.43123,-104.9995,1
39.4310896520045,-105.000194721017,39.43123,-104.9995,5
39.4310491482834,-105.000427968117,39.43123,-104.9995,1
39.4314663238697,-105.00041248749,39.43123,-104.9995,1
39.4308081819951,-104.998925153764,39.43108,-104.9995,3
39.4314131622849,-104.99930969469,39.43108,-104.9995,2
39.4315762002019,-105.020054171942,39.43174,-105.0195,3
39.4321450590145,-105.020185587295,39.43174,-105.0195,2
39.4320894807797,-105.020363286281,39.43174,-105.0195,4
39.4318935154178,-105.020292943901,39.43174,-105.0195,5
39.4321480744578,-105.02027187768,39.43174,-105.0195,1
39.4316874944373,-105.02015659546,39.43174,-105.0195,4
39.4319339615211,-105.019696725976,39.43174,-105.0195,2
39.4320203849756,-105.019428913707,39.43174,-105.0195,3
39.4320956776168,-105.020061858061,39.43174,-105.0195,3
39.4315774090519,-105.01981811514,39.43174,-105.0195,1
39.4320201534671,-105.020097331376,39.43174,-105.0195,3
39.4320910655264,-105.019663016591,39.43174,-105.0195,5
39.4319434483833,-105.020030514445,39.43174,-105.0195,3
39.4321645542797,-105.020177162956,39.43174,-105.0195,4
39.432219912142,-105.020211208091,39.43174,-105.0195,4
39.4317071676856,-105.020001604569,39.43174,-105.0195,5
39.4318525060845,-105.019799449546,39.43174,-105.0195,3
39.4321276627571,-105.01852527963,39.432,-105.0194,2
39.4316917122598,-105.018492942813,39.432,-105.0194,5
39.4319059863563,-105.018736999102,39.432,-105.0194,1
39.4316650872625,-105.018907808155,39.432,-105.0194,5
39.4321724167691,-105.019344150624,39.432,-105.0194,3
39.4320793777625,-105.019334031635,39.432,-105.0194,3
39.431962448745,-105.019249558327,39.432,-105.0194,4
39.4317898544193,-105.019083382076,39.432,-105.0194,1
39.431633786527,-105.013179768099,39.43179,-105.0128,3
39.431594791524,-105.013398446872,39.43179,-105.0128,1
39.4316751510271,-105.012184809322,39.43194,-105.0127,3
39.4315345078523,-105.012574872882,39.43194,-105.0127,1
39.4317335364126,-105.005878690171,39.43187,-105.0063,4
39.432061456466,-104.99965573915,39.43187,-104.9997,1
39.4321073070285,-104.999665700372,39.43187,-104.9997,1
39.4325844419444,-105.018572370345,39.43247,-105.0189,1
39.4328341740801,-105.019243777123,39.43247,-105.0189,5
39.4327668073103,-105.019140826806,39.43247,-105.0189,4
39.4327430439432,-105.01885780185,39.43247,-105.0189,2
39.4323058195634,-105.0189667553,39.43247,-105.0189,1
39.4326802169471,-105.018439852398,39.43274,-105.0181,5
39.4324638822233,-105.018010856821,39.43274,-105.0181,3
39.4326734269471,-105.018000476908,39.43274,-105.0181,1
39.4326779981892,-105.017757211309,39.43274,-105.0181,5
39.4324900828557,-105.018395882769,39.43274,-105.0181,2
39.4326556928498,-105.012363443866,39.43266,-105.0124,2
39.4326237643501,-105.012402454058,39.43266,-105.0124,1
39.4325502326464,-105.005411094671,39.42726,-105.0009,3
39.4329257911909,-104.999717315289,39.43253,-104.9995,2
39.432565715884,-105.000020517349,39.43253,-104.9995,1
39.432856604949,-104.99962512185,39.43253,-104.9995,4
39.4329397908905,-104.999529756324,39.43267,-104.9995,2
39.4332546001128,-105.01800680962,39.43319,-105.0175,5
39.4336001281006,-105.01815079315,39.43319,-105.0175,5
39.4330718905444,-105.018144286674,39.43319,-105.0175,3
39.4330466720797,-105.017649460357,39.43319,-105.0175,3
39.4335511833424,-105.017005716602,39.43338,-105.0175,3
39.4334540374042,-105.017476450338,39.43338,-105.0175,1
39.4332518409125,-105.01666272302,39.43338,-105.0175,5
39.433255893253,-105.017484924285,39.43338,-105.0175,1
39.4336549946523,-105.017164385185,39.43338,-105.0175,1
39.433546880741,-105.016652796369,39.43338,-105.0175,1
39.4330727014842,-105.016652354977,39.43338,-105.0175,3
39.43367328794,-105.016956217902,39.43338,-105.0175,1
39.4330356249595,-105.017457706126,39.43338,-105.0175,4
39.4334503904056,-105.017388977359,39.43338,-105.0175,3
39.4336443028771,-105.017180700268,39.43338,-105.0175,3
39.4332013495382,-105.016902640413,39.43338,-105.0175,2
39.4335465868623,-105.016758350612,39.43338,-105.0175,2
39.4329808716818,-105.016914367612,39.43338,-105.0175,1
39.4331187978,-105.012483021382,39.43303,-105.012,2
39.4335060655795,-105.012324422011,39.43303,-105.012,1
39.4335601774592,-105.011334754563,39.43334,-105.0114,4
39.4330309895009,-105.010856739977,39.43362,-105.0106,4
39.4336477652901,-105.010312324145,39.43362,-105.0106,2
39.4332173554668,-105.010716893951,39.43362,-105.0106,2
39.4333476482887,-104.999837903249,39.43343,-104.9995,1
39.4331095940035,-105.000028098371,39.43343,-104.9995,3
39.4332635074405,-104.999918303342,39.43343,-104.9995,3
39.4335159348623,-104.999442316567,39.42814,-105.0044,2
39.4341419756632,-105.017852098011,39.43409,-105.0175,5
39.4339135527124,-105.018202714228,39.43409,-105.0175,1
39.4337844061148,-105.017774497447,39.43409,-105.0175,4
39.4341841661822,-105.018020768017,39.43409,-105.0175,1
39.4341413879118,-105.018265758764,39.43409,-105.0175,1
39.4342845902283,-105.017929188317,39.43409,-105.0175,1
39.4337139898101,-105.017692311052,39.43409,-105.0175,3
39.4339473346063,-105.017643496761,39.43409,-105.0175,4
39.434013745753,-105.018287322395,39.43409,-105.0175,2
39.4343247735461,-105.018417073108,39.43409,-105.0175,1
39.4342588126754,-105.018389379586,39.43409,-105.0175,2
39.4344223169327,-105.018452646594,39.43409,-105.0175,1
39.433942929592,-105.017954186849,39.43409,-105.0175,1
39.433743776364,-105.018022125674,39.43409,-105.0175,2
39.4337948684503,-105.017593473665,39.43409,-105.0175,2
39.4343395334247,-105.017149491591,39.43438,-105.0171,2
39.4341677659536,-105.017428128259,39.43438,-105.0171,3
39.4340989142028,-105.017440263956,39.43438,-105.0171,1
39.4343655406204,-105.016795330616,39.43438,-105.0171,4
39.43393006347,-105.016986743464,39.43438,-105.0171,3
39.4340083677603,-105.016834057822,39.43438,-105.0171,1
39.4340166019876,-105.016932696544,39.43438,-105.0171,1
39.4337755990149,-105.016845743877,39.43438,-105.0171,2
39.4337201777775,-105.017307681891,39.43438,-105.0171,2
39.4338397126524,-105.016900645202,39.43438,-105.0171,4
39.434328126301,-105.017071005876,39.43438,-105.0171,2
39.4343264965864,-105.017319260123,39.43438,-105.0171,3
39.4340187671712,-105.017496953168,39.43438,-105.0171,3
39.4341543242116,-105.017072481829,39.43438,-105.0171,3
39.4341344226357,-105.01729780197,39.43438,-105.0171,3
39.4338950055071,-105.01709841692,39.43438,-105.0171,2
39.4342659404768,-105.017002605933,39.43438,-105.0171,4
39.4337522535236,-105.016912229106,39.43438,-105.0171,1
39.4338527993576,-105.016191672152,39.43439,-105.0161,1
39.434163031142,-105.016108828189,39.43439,-105.0161,4
39.4338714131689,-105.016031496454,39.43439,-105.0161,3
39.434176810541,-105.016062959963,39.43439,-105.0161,3
39.4341428991781,-105.016339576555,39.43439,-105.0161,5
39.4337449157341,-105.015954838425,39.43439,-105.0161,4
39.4341861116784,-105.016430202638,39.43439,-105.0161,3
39.434329424049,-105.015650597024,39.43439,-105.0161,5
39.4343332722016,-105.016134648212,39.43439,-105.0161,4
39.4342715840625,-105.015766059878,39.43439,-105.0161,5
39.4337634110191,-105.015962137978,39.43439,-105.0161,1
39.4341154587306,-105.016106927442,39.43439,-105.0161,5
39.4339377215348,-105.016511669027,39.43439,-105.0161,2
39.4337790480525,-105.015129165428,39.43441,-105.0152,5
39.4342606755334,-105.015240014075,39.43441,-105.0152,2
39.4342881635635,-105.015513584665,39.43441,-105.0152,3
39.434220692846,-105.015133960407,39.43441,-105.0152,2
39.4340473676454,-105.014721221732,39.43441,-105.0152,1
39.4338066532007,-105.01474068329,39.43441,-105.0152,3
39.4338043751992,-105.015528671103,39.43441,-105.0152,3
39.43377510601,-105.015483077109,39.43441,-105.0152,5
39.434216411433,-105.015322362747,39.43441,-105.0152,5
39.4341073756376,-105.014747900659,39.43441,-105.0152,2
39.433975752196,-105.015387011428,39.43441,-105.0152,5
39.4338685008556,-105.015492193821,39.43441,-105.0152,4
39.4340985464412,-105.015615741599,39.43441,-105.0152,4
39.4341026619456,-105.013969720083,39.43443,-105.0142,2
39.4343557469805,-105.014111828227,39.43443,-105.0142,3
39.4340503287927,-105.013814373133,39.43443,-105.0142,2
39.4343973541509,-105.0146026942,39.43443,-105.0142,5
39.4339843759258,-105.014416837379,39.43443,-105.0142,4
39.4340684396462,-105.013970430096,39.43443,-105.0142,5
39.4337132484768,-105.014043858649,39.43443,-105.0142,5
39.4342232582047,-105.014612084678,39.43443,-105.0142,5
39.4343991830535,-105.01453363072,39.43443,-105.0142,2
39.4342433713316,-105.014506053934,39.43443,-105.0142,4
39.434114545587,-105.014130735607,39.43443,-105.0142,2
39.4339991915087,-105.014670346156,39.43443,-105.0142,2
39.4343387616599,-105.014557601245,39.43443,-105.0142,2
39.4343978734793,-105.013186793381,39.43444,-105.0133,1
39.4340994044594,-105.01362597211,39.43444,-105.0133,2
39.4343767128726,-105.013434474238,39.43444,-105.0133,2
39.4342584113718,-105.012908162974,39.43444,-105.0133,5
39.4338207332214,-105.013579444663,39.43444,-105.0133,3
39.4337331702461,-105.013062010662,39.43444,-105.0133,5
39.4342752775919,-105.013192033735,39.43444,-105.0133,1
39.4340854362927,-105.013552826718,39.43444,-105.0133,2
39.4342510550694,-105.013546246486,39.43444,-105.0133,1
39.4340136486722,-105.013686683099,39.43444,-105.0133,1
39.4342281446561,-105.012994250666,39.43444,-105.0133,4
39.4343569118958,-105.013291520835,39.43444,-105.0133,3
39.4340596986068,-105.012892737064,39.43444,-105.0133,2
39.4343167714512,-105.013406491694,39.43444,-105.0133,4
39.4337458401409,-105.013672658816,39.43444,-105.0133,5
39.4341547644356,-105.012800049791,39.43446,-105.0123,4
39.4343379854746,-105.011954946755,39.43446,-105.0123,4
39.4344002472085,-105.012033693124,39.43446,-105.0123,3
39.4341035251087,-105.012647701714,39.43446,-105.0123,3
39.4343073141526,-105.010184739463,39.43375,-105.0102,1
39.4341065256473,-105.010508656448,39.43375,-105.0102,2
39.4340268204728,-105.009504248534,39.43402,-105.0095,4
39.4339477390694,-105.008866631535,39.43424,-105.0091,4
39.4338801639353,-105.007635658466,39.43417,-105.0073,1
39.4343259730349,-105.007473727986,39.43417,-105.0073,3
39.4340513483131,-105.007013867146,39.43407,-104.9998,3
39.4341405762221,-105.007125908693,39.43407,-104.9998,1
39.4342746575437,-105.006390157308,39.43407,-104.9998,1
39.4337656904603,-105.000394383503,39.43407,-104.9998,3
39.4343013153792,-105.000453771532,39.43407,-104.9998,4
39.4341390967336,-104.999693402106,39.43407,-104.9998,2
39.4344016430207,-104.999925914958,39.43407,-104.9998,5
39.4337891796058,-104.999979879164,39.43407,-104.9998,1
39.433795515046,-104.999872310265,39.43407,-104.9998,2
39.4341870689144,-105.000367564171,39.43407,-104.9998,2
39.4344134383952,-105.000293385858,39.43407,-104.9998,4
39.4337862752264,-105.00013883176,39.43407,-104.9998,3
39.4342663479089,-104.99750334488,39.43449,-104.9971,5
39.4341778078621,-104.997457730101,39.43449,-104.9971,4
39.4341695972655,-104.996520690943,39.43437,-104.9962,4
39.4341106202365,-104.996617157931,39.43437,-104.9962,2
39.4342506196718,-104.99598288282,39.43437,-104.9962,5
39.4337677598749,-104.996548573098,39.43437,-104.9962,1
39.4340885420631,-104.996251201648,39.43437,-104.9962,5
39.43405701804,-104.99630927203,39.43437,-104.9962,1
39.4341847307427,-104.996626605174,39.43437,-104.9962,1
39.4344144469556,-104.996310069315,39.43437,-104.9962,2
39.4338121922773,-104.99528321863,39.43446,-104.9954,1
39.433736136094,-104.995295853396,39.43446,-104.9954,5
39.4343682549063,-104.995031024256,39.43446,-104.9954,4
39.4341014002029,-104.995292959421,39.43446,-104.9954,1
39.4338359140987,-104.99514274082,39.43446,-104.9954,2
39.4343806269993,-104.995168714061,39.43446,-104.9954,4
39.4340198494549,-104.995042241417,39.43446,-104.9954,4
39.4339419443766,-104.995160843145,39.43446,-104.9954,2
39.4340994860429,-104.995074559978,39.43446,-104.9954,5
39.434393376354,-104.995670963087,39.43446,-104.9954,3
39.4344162811434,-104.994934398706,39.43446,-104.9954,1
39.4339420644491,-104.994991194032,39.43446,-104.9954,3
39.4340681672322,-104.994908539124,39.43446,-104.9954,4
39.4351530722052,-105.018137470592,39.43487,-105.018,3
39.4351178389656,-105.01811871825,39.43487,-105.018,5
39.4346664327685,-105.018061175893,39.43487,-105.018,4
39.4351150353199,-105.017766240578,39.43487,-105.018,4
39.4347629588619,-105.018071305005,39.43487,-105.018,2
39.4344921242708,-105.017728488682,39.43487,-105.018,4
39.4348791506538,-105.018259868023,39.43487,-105.018,2
39.4350280333789,-105.016604856301,39.43466,-105.0176,2
39.4345952616549,-105.016634401557,39.43466,-105.0176,5
39.4347693416117,-105.017127246449,39.43466,-105.0176,1
39.4347266474208,-105.017264576617,39.43466,-105.0176,1
39.4346023881709,-105.017235698426,39.43466,-105.0176,5
39.4344477055857,-105.017181594895,39.43466,-105.0176,5
39.434822683758,-105.017085508757,39.43466,-105.0176,3
39.4346192926295,-105.017484967576,39.43466,-105.0176,5
39.4350916049876,-105.016871155682,39.43466,-105.0176,3
39.4351619279942,-105.017347185735,39.43466,-105.0176,2
39.4348714968355,-105.016843384164,39.43466,-105.0176,1
39.4350078086323,-105.017061105142,39.43466,-105.0176,1
39.4348226210099,-105.01737754546,39.43466,-105.0176,2
39.4344869186357,-105.01713380239,39.43466,-105.0176,3
39.4346716387583,-105.016832653258,39.43466,-105.0176,3
39.4346843562468,-105.017516951537,39.43466,-105.0176,4
39.4346298921474,-105.016553113294,39.43439,-105.0161,2
39.4347470183066,-105.015692022944,39.43439,-105.0161,4
39.4345988274601,-105.016198785263,39.43439,-105.0161,3
39.4344777239124,-105.016066698982,39.43439,-105.0161,5
39.4346648925925,-105.016218940348,39.43439,-105.0161,1
39.434477515753,-105.016424368409,39.43439,-105.0161,1
39.4344628153874,-105.015732877408,39.43439,-105.0161,1
39.4349197132032,-105.016382906894,39.43439,-105.0161,5
39.4345929667279,-105.015646594764,39.43439,-105.0161,4
39.4348956157009,-105.01655467118,39.43439,-105.0161,4
39.4344809613035,-105.015805710178,39.43439,-105.0161,4
39.4345254263109,-105.016524268149,39.43439,-105.0161,4
39.4349616992465,-105.015937245362,39.43439,-105.0161,3
39.434638620125,-105.016255724517,39.43439,-105.0161,3
39.4350213617406,-105.016502797137,39.43439,-105.0161,1
39.4346411628779,-105.014732661258,39.43441,-105.0152,5
39.4348053361106,-105.014871072566,39.43441,-105.0152,2
39.4350276051458,-105.014709724315,39.43441,-105.0152,4
39.4348229836851,-105.015221858768,39.43441,-105.0152,1
39.4348331290975,-105.014781355934,39.43441,-105.0152,2
39.4345839653023,-105.014717924548,39.43441,-105.0152,5
39.4349788905885,-105.014859901542,39.43441,-105.0152,4
39.4350777765785,-105.014983675652,39.43441,-105.0152,5
39.4351481265153,-105.01538060069,39.43441,-105.0152,4
39.4347801447388,-105.015080792275,39.43441,-105.0152,1
39.4347494010708,-105.014742793116,39.43441,-105.0152,5
39.4349132450332,-105.014941794663,39.43441,-105.0152,3
39.4350711627523,-105.015253129442,39.43441,-105.0152,1
39.4348819180496,-105.015549657804,39.43441,-105.0152,4
39.4350114404991,-105.014774149241,39.43441,-105.0152,1
39.4349481502211,-105.014312187406,39.43443,-105.0142,2
39.4348953825228,-105.014009034426,39.43443,-105.0142,5
39.434881930261,-105.014302812249,39.43443,-105.0142,2
39.434554719947,-105.013775234633,39.43443,-105.0142,1
39.4346167515941,-105.013828993448,39.43443,-105.0142,4
39.434894527652,-105.01415413259,39.43443,-105.0142,3
39.4345895273107,-105.014228740676,39.43443,-105.0142,3
39.4348283904945,-105.014680989553,39.43443,-105.0142,4
39.4345572784857,-105.014181451705,39.43443,-105.0142,1
39.4345244222768,-105.014603950921,39.43443,-105.0142,1
39.4349525385925,-105.013509872642,39.43444,-105.0133,4
39.4346109814482,-105.013640677828,39.43444,-105.0133,5
39.435093176914,-105.012989224677,39.43444,-105.0133,4
39.4349456634817,-105.012863723948,39.43444,-105.0133,1
39.4345939201829,-105.01311366861,39.43444,-105.0133,2
39.4347957605051,-105.013172151654,39.43444,-105.0133,5
39.4345462774321,-105.013574993846,39.43444,-105.0133,5
39.4350953322687,-105.013564479922,39.43444,-105.0133,4
39.4349357607627,-105.013394927905,39.43444,-105.0133,1
39.4346441298697,-105.012815405482,39.43444,-105.0133,2
39.4344999321171,-105.013210119151,39.43444,-105.0133,2
39.4346695359241,-105.013180616516,39.43444,-105.0133,3
39.4350210816596,-105.013352216933,39.43444,-105.0133,5
39.4345460073358,-105.013456585732,39.43444,-105.0133,3
39.4351026867425,-105.013124703175,39.43444,-105.0133,1
39.434809517918,-105.012139891148,39.43446,-105.0123,1
39.4348157885338,-105.012207670825,39.43446,-105.0123,4
39.434700858284,-105.012027688286,39.43446,-105.0123,5
39.4350399060597,-105.011889549263,39.43446,-105.0123,1
39.4346702668413,-105.011969788389,39.43446,-105.0123,4
39.4345601322535,-105.012332232164,39.43446,-105.0123,5
39.4350222309753,-105.012704693266,39.43446,-105.0123,3
39.4344427557375,-105.012027956835,39.43446,-105.0123,5
39.4350150935844,-105.012247410726,39.43446,-105.0123,2
39.4349977488474,-105.012769644116,39.43446,-105.0123,2
39.435061702984,-105.012666729492,39.43446,-105.0123,4
39.4344671399145,-105.01223894247,39.43446,-105.0123,1
39.4347038000362,-105.012436322681,39.43446,-105.0123,5
39.434764895768,-105.012358645296,39.43446,-105.0123,1
39.4345606801025,-105.010994539293,39.43442,-105.0114,2
39.4346792784283,-105.011107113138,39.43442,-105.0114,4
39.4351287093852,-105.011572506604,39.43442,-105.0114,3
39.435081710682,-105.011620650537,39.43442,-105.0114,3
39.4349117770219,-105.011311343046,39.43442,-105.0114,1
39.434972095319,-105.011293702262,39.43442,-105.0114,4
39.4345177682438,-105.011259234671,39.43442,-105.0114,2
39.4350609643583,-105.010184109235,39.43451,-105.0104,2
39.4348698019572,-105.010048761926,39.43451,-105.0104,4
39.4347726072581,-105.010788855864,39.43451,-105.0104,5
39.4348187494681,-105.010069242944,39.43451,-105.0104,1
39.4345253898755,-105.010500240082,39.43451,-105.0104,1
39.4347422523341,-105.009942926374,39.43452,-105.0095,5
39.4351033361689,-105.009794090109,39.43452,-105.0095,1
39.4350407764604,-105.008325633463,39.43454,-105.0085,5
39.4351517239402,-105.008174568452,39.43454,-105.0085,4
39.4347270181979,-105.009001658163,39.43454,-105.0085,2
39.4345125317152,-105.007755128028,39.43481,-105.0074,4
39.4348165553047,-105.007958072151,39.43481,-105.0074,4
39.4351460525457,-105.007773668444,39.43481,-105.0074,3
39.4348603791147,-105.006405611337,39.43462,-105.0067,5
39.4346684654786,-105.006588090917,39.43462,-105.0067,4
39.4345862812549,-105.006702575405,39.43462,-105.0067,5
39.4350574973553,-105.006706337114,39.43462,-105.0067,3
39.4347129450037,-105.006626303078,39.43462,-105.0067,4
39.435079852597,-105.006791431623,39.43462,-105.0067,5
39.4350929983873,-105.006299768836,39.43462,-105.0067,3
39.4346857569332,-105.00694419761,39.43462,-105.0067,3
39.434477025797,-105.00635132471,39.43462,-105.0067,5
39.4346825717552,-105.00695658887,39.43462,-105.0067,2
39.4346736112234,-105.005974820823,39.43462,-105.0057,5
39.4345379908126,-105.00581702335,39.43462,-105.0057,2
39.4346426633961,-105.005563924644,39.43462,-105.0057,4
39.4351302596005,-105.005251886015,39.43462,-105.0057,1
39.4344714972541,-105.005607391228,39.43462,-105.0057,3
39.434517084987,-105.005341164925,39.43462,-105.0057,3
39.4346776805037,-105.005820116918,39.43462,-105.0057,5
39.4347007882565,-105.006134764999,39.43462,-105.0057,2
39.4347921298624,-105.005954858989,39.43462,-105.0057,1
39.4347820408984,-105.005461853984,39.43462,-105.0057,3
39.4348148047229,-105.005405278355,39.43462,-105.0057,2
39.4344650525619,-105.005408769477,39.43462,-105.0057,2
39.4345746687121,-105.005904687217,39.43462,-105.0057,1
39.4351319349184,-105.005508257107,39.43462,-105.0057,2
39.4351408211911,-105.006135072708,39.43462,-105.0057,2
39.4349242838582,-105.005430075435,39.43462,-105.0057,3
39.435028511845,-105.004408030227,39.43461,-105.0048,4
39.4351468813287,-105.00473199966,39.43461,-105.0048,2
39.434875774664,-105.005088488794,39.43461,-105.0048,1
39.4350148749617,-105.004810555322,39.43461,-105.0048,3
39.4349569378692,-105.004295672817,39.43461,-105.0048,4
39.4346958037149,-105.004762773899,39.43461,-105.0048,1
39.4347824494847,-105.004441771175,39.43461,-105.0048,4
39.4344671926454,-105.004703258655,39.43461,-105.0048,4
39.4349157938643,-105.004393249049,39.43461,-105.0048,2
39.4346055673515,-105.005002160133,39.43461,-105.0048,5
39.4344438465891,-105.004793971421,39.43461,-105.0048,3
39.4348416033595,-105.005039786464,39.43461,-105.0048,3
39.4345816249584,-105.004582945931,39.43461,-105.0048,3
39.4344713409716,-105.004477162296,39.43461,-105.0048,2
39.4347368714663,-105.003542654908,39.43461,-105.0038,1
39.4351594670504,-105.0036972256,39.43461,-105.0038,1
39.4345363142658,-105.003683369337,39.43461,-105.0038,1
39.4346933813835,-105.003498769995,39.43461,-105.0038,2
39.4349194985453,-105.004140159179,39.43461,-105.0038,3
39.4350311556456,-105.003698179328,39.43461,-105.0038,3
39.4344744196531,-105.003487671357,39.43461,-105.0038,2
39.434890771404,-105.004276034921,39.43461,-105.0038,5
39.4350242459023,-105.003699346001,39.43461,-105.0038,3
39.4347152695826,-105.003771447323,39.43461,-105.0038,1
39.4348746331802,-105.003355386825,39.43461,-105.0038,5
39.4350873641501,-105.003448815862,39.43461,-105.0038,1
39.4346325901393,-105.004201063316,39.43461,-105.0038,2
39.4345968251771,-105.004133513072,39.43461,-105.0038,5
39.4347602124487,-105.00413804202,39.43461,-105.0038,2
39.4347512154925,-105.003995478034,39.43461,-105.0038,3
39.4350530600119,-105.003525263475,39.43461,-105.0038,5
39.4350283482498,-105.003906412458,39.43461,-105.0038,2
39.4347300362751,-105.00408061713,39.43461,-105.0038,2
39.4350736734921,-105.003566802451,39.43461,-105.0038,2
39.4350671883528,-105.003841687356,39.43461,-105.0038,1
39.4348031895989,-105.004245555886,39.43461,-105.0038,2
39.4345183566585,-105.003682405182,39.43461,-105.0038,5
39.4345504287767,-105.003395020098,39.43461,-105.0038,4
39.4349626247314,-105.00402745303,39.43461,-105.0038,2
39.4350229154725,-105.004061755105,39.43461,-105.0038,2
39.4350960329645,-105.003881006545,39.43461,-105.0038,2
39.434583581303,-105.00337272823,39.43461,-105.0038,5
39.4349842131317,-105.003804706149,39.43461,-105.0038,3
39.4347164688205,-105.003452990801,39.43461,-105.0038,5
39.4348953931268,-105.003378604019,39.43461,-105.0038,2
39.4349678483305,-105.004117091309,39.43461,-105.0038,2
39.4347270322633,-105.003145435503,39.4346,-105.0029,2
39.4344620343302,-105.003129585109,39.4346,-105.0029,2
39.4350994548129,-105.002699308814,39.4346,-105.0029,5
39.4348387607242,-105.003220421424,39.4346,-105.0029,1
39.4346148157853,-105.002973403776,39.4346,-105.0029,3
39.4347671373647,-105.00151554208,39.4346,-105.0019,5
39.4348173855156,-105.002216088291,39.4346,-105.0019,2
39.4351089274112,-105.001462912047,39.4346,-105.0019,1
39.4346785476422,-105.000819350754,39.4346,-105.001,5
39.4347634878878,-105.001308835233,39.4346,-105.001,2
39.4351249554812,-105.001349918834,39.4346,-105.001,2
39.4344879523497,-105.000971751506,39.4346,-105.001,3
39.4344490717874,-105.001151338648,39.4346,-105.001,3
39.4349887841337,-105.000731862164,39.4346,-105.001,2
39.4350537923445,-105.000514020888,39.4346,-105.001,5
39.4345272846618,-105.000838712009,39.4346,-105.001,4
39.4344997481945,-105.000311398341,39.4346,-105,3
39.4347548882004,-105.00037112787,39.4346,-105,5
39.4351088886245,-104.999636636489,39.4346,-105,1
39.4349109062763,-104.99982995475,39.4346,-105,5
39.4344739498441,-104.999768379707,39.4346,-105,4
39.4345989405141,-105.000074088277,39.4346,-105,4
39.4350232678876,-105.000283140448,39.4346,-105,3
39.434717418694,-104.999681455702,39.4346,-105,2
39.435112323137,-104.999335666958,39.4346,-104.9991,3
39.4348477912485,-104.99953852242,39.4346,-104.9991,5
39.4351538961432,-104.999404991408,39.4346,-104.9991,1
39.4346770279969,-104.998986934345,39.4346,-104.9991,1
39.4345606586746,-104.998666405711,39.4346,-104.9991,3
39.4346097495979,-104.998307621909,39.43459,-104.9982,5
39.435017538042,-104.99859202456,39.43459,-104.9982,5
39.4347159918333,-104.996777327482,39.43454,-104.9973,1
39.43508483169,-104.997263192516,39.43454,-104.9973,1
39.4344562504507,-104.99700495778,39.43454,-104.9973,3
39.4347665497357,-104.997027544353,39.43454,-104.9973,2
39.4348860670894,-104.99689975925,39.43454,-104.9973,1
39.4344932125893,-104.997346440804,39.43454,-104.9973,2
39.4350851225428,-104.995938353546,39.43437,-104.9963,5
39.4347450648563,-104.996231052026,39.43437,-104.9963,1
39.4348521186454,-104.995866368982,39.43437,-104.9963,1
39.4348717109147,-104.995925814805,39.43437,-104.9963,5
39.4349702666202,-104.99632690232,39.43437,-104.9963,4
39.4350880914293,-104.996047310291,39.43437,-104.9963,5
39.4346404832642,-104.996131260593,39.43437,-104.9963,1
39.43491432256,-104.995808921705,39.43437,-104.9963,1
39.4350266419863,-104.995605192254,39.43448,-104.9952,1
39.4344866681681,-104.99565739825,39.43448,-104.9952,2
39.4344499311322,-104.994975184071,39.43448,-104.9952,2
39.4345431290563,-104.994864226412,39.43448,-104.9952,3
39.4345060444856,-104.995615369636,39.43448,-104.9952,4
39.4345065947531,-104.995759668004,39.43448,-104.9952,3
39.4347755834088,-104.994939563718,39.43448,-104.9952,2
39.4349465468335,-104.995362254203,39.43448,-104.9952,2
39.4347836918137,-104.995599359991,39.43448,-104.9952,3
39.4347817467952,-104.995073952758,39.43448,-104.9952,2
39.4348213401933,-104.995148669794,39.43448,-104.9952,2
39.4346822741485,-104.99514223332,39.43448,-104.9952,5
39.4345849464973,-104.995277820918,39.43448,-104.9952,4
39.4349197527428,-104.994871642972,39.43448,-104.9952,2
39.4351603186709,-104.995499468765,39.43448,-104.9952,2
39.4345976127912,-104.994911443011,39.43448,-104.9952,2
39.4350328812518,-104.993894989367,39.43465,-104.9943,2
39.4349301193747,-104.994295078846,39.43465,-104.9943,2
39.4347743608162,-104.994647867547,39.43465,-104.9943,4
39.4350243352789,-104.993965652762,39.43465,-104.9943,5
39.4345305155715,-104.994207732955,39.43465,-104.9943,1
39.4348288942406,-104.994080545582,39.43465,-104.9943,5
39.4344772377526,-104.994218379708,39.43465,-104.9943,4
39.4350573165752,-104.994539159464,39.43465,-104.9943,1
39.4345641909493,-104.994654991287,39.43465,-104.9943,2
39.4349932503428,-104.994073639121,39.43465,-104.9943,1
39.4349963464994,-104.994230995967,39.43465,-104.9943,3
39.4348412233503,-104.994254627054,39.43465,-104.9943,3
39.4349335529798,-104.994564831467,39.43465,-104.9943,3
39.4345497090615,-104.9942315412,39.43465,-104.9943,2
39.4345205129654,-104.994322555217,39.43465,-104.9943,3
39.4349540798391,-104.993858707249,39.435,-104.9938,1
39.4347123772187,-104.993565401548,39.435,-104.9938,5
39.434479780926,-104.993756687903,39.435,-104.9938,2
39.4346455823861,-104.993888897693,39.435,-104.9938,4
39.4347164776429,-104.993684387508,39.435,-104.9938,5
39.4348045916896,-104.993255475629,39.435,-104.9938,5
39.4346106778156,-104.993139844499,39.435,-104.9938,4
39.4344555911269,-104.993706180338,39.435,-104.9938,2
39.434822929308,-104.99352848056,39.435,-104.9938,4
39.4350025185301,-104.993117124258,39.435,-104.9938,4
39.4348440599096,-104.99364926864,39.435,-104.9938,3
39.4351318491949,-104.992945918108,39.435,-104.9938,3
39.4352781032392,-105.028324465838,39.43572,-105.0283,2
39.4358234684197,-105.028629506455,39.43572,-105.0283,5
39.4353017647526,-105.028169793912,39.43572,-105.0283,1
39.4358803226314,-105.02814072325,39.43572,-105.0283,3
39.4356453169645,-105.028183886727,39.43572,-105.0283,1
39.4358508601992,-105.028211694142,39.43572,-105.0283,5
39.4358580871435,-105.028690127745,39.43572,-105.0283,3
39.4353123386101,-105.028265267055,39.43572,-105.0283,1
39.4356844934029,-105.028421602174,39.43572,-105.0283,2
39.4352552640048,-105.028499277378,39.43572,-105.0283,1
39.4358800595219,-105.028636806279,39.43572,-105.0283,4
39.4352892381663,-105.028371784102,39.43572,-105.0283,5
39.4358495835924,-105.0285545214,39.43572,-105.0283,2
39.4352843722627,-105.028285893615,39.43572,-105.0283,5
39.4355409952745,-105.028303491016,39.43572,-105.0283,1
39.435472817298,-105.027156842413,39.43572,-105.0275,2
39.4353543565687,-105.027034854835,39.43572,-105.0275,5
39.4356783008137,-105.027829494641,39.43572,-105.0275,3
39.4353490760935,-105.026992298961,39.43572,-105.0275,5
39.4357599080595,-105.027733801067,39.43572,-105.0275,2
39.4353738957283,-105.027178686679,39.43572,-105.0275,4
39.4356204622863,-105.027351261394,39.43572,-105.0275,5
39.435574088245,-105.027839618039,39.43572,-105.0275,4
39.4355775296694,-105.027157235146,39.43572,-105.0275,2
39.4354363781561,-105.027344457924,39.43572,-105.0275,4
39.4354377752568,-105.027718657992,39.43572,-105.0275,3
39.4355068326603,-105.027094194944,39.43572,-105.0275,5
39.4356861333367,-105.027736104391,39.43572,-105.0275,1
39.4353611435078,-105.026405077989,39.43587,-105.0266,1
39.4351774874915,-105.026914179242,39.43587,-105.0266,2
39.4356904761112,-105.026347577067,39.43587,-105.0266,5
39.435171540556,-105.026396850132,39.43587,-105.0266,3
39.4352471527744,-105.026135820772,39.43587,-105.0266,4
39.4353201951595,-105.026574402654,39.43587,-105.0266,4
39.4355741969142,-105.026174697394,39.43587,-105.0266,2
39.4354996922157,-105.026862945693,39.43587,-105.0266,4
39.435525428053,-105.026483919534,39.43587,-105.0266,4
39.4354629942191,-105.026940411063,39.43587,-105.0266,4
39.4357485860275,-105.026352785961,39.43587,-105.0266,2
39.4357237703934,-105.026583631279,39.43587,-105.0266,4
39.4352816214493,-105.026822586158,39.43587,-105.0266,3
39.4358989902328,-105.026092487105,39.43587,-105.0266,2
39.4351856958777,-105.025960194414,39.43603,-105.0257,5
39.4356930051654,-105.025752494927,39.43603,-105.0257,2
39.4354830129736,-105.026023268603,39.43603,-105.0257,1
39.4357432340713,-105.025298085336,39.43603,-105.0257,1
39.4353624821051,-105.025578082992,39.43603,-105.0257,1
39.4358339159963,-105.025831710608,39.43603,-105.0257,1
39.4352541112265,-105.025445064157,39.43603,-105.0257,4
39.4357724713265,-105.02528884596,39.43603,-105.0257,5
39.4354024077355,-105.025247651957,39.43603,-105.0257,2
39.4355507992502,-105.025245270854,39.43603,-105.0257,5
39.4356284450591,-105.025314257068,39.43603,-105.0257,4
39.4355736088577,-105.025942710588,39.43603,-105.0257,3
39.4355273878484,-105.018809795868,39.43613,-105.0182,5
39.4357126646471,-105.018749304568,39.43613,-105.0182,2
39.4354413865592,-105.0187176311,39.43613,-105.0182,1
39.4355425055639,-105.019268249238,39.43613,-105.0182,4
39.4352630296176,-105.018817964676,39.43613,-105.0182,5
39.4355468076815,-105.019181269005,39.43613,-105.0182,1
39.4354365873974,-105.018546551889,39.43613,-105.0182,1
39.4352617512148,-105.018542339239,39.43613,-105.0182,4
39.4351944435273,-105.018499546109,39.43613,-105.0182,4
39.4357036867845,-105.019168977686,39.43613,-105.0182,3
39.4358451400023,-105.01898827872,39.43613,-105.0182,1
39.4353225121726,-105.017943062306,39.43562,-105.0182,4
39.435755915385,-105.018403437975,39.43562,-105.0182,4
39.4354167762782,-105.018335218821,39.43562,-105.0182,4
39.4355946574635,-105.018354746155,39.43562,-105.0182,2
39.4352811031983,-105.018383829893,39.43562,-105.0182,1
39.4352576302155,-105.017902192718,39.43562,-105.0182,5
39.435482461562,-105.018035379776,39.43562,-105.0182,2
39.4357415337553,-105.017819583157,39.43562,-105.0182,1
39.4358620848027,-105.012106903943,39.43587,-105.0125,2
39.4355240911627,-105.012788098582,39.43587,-105.0125,2
39.435302683201,-105.012531960037,39.43587,-105.0125,5
39.43556180718,-105.012625223444,39.43587,-105.0125,1
39.4352049515941,-105.012268799921,39.43587,-105.0125,1
39.4352636290837,-105.012388067688,39.43587,-105.0125,4
39.4356059871109,-105.012598529466,39.43587,-105.0125,3
39.4354613506246,-105.011858937334,39.43587,-105.0125,5
39.4352558929293,-105.011916543751,39.43587,-105.0125,5
39.4354195110649,-105.012686904986,39.43587,-105.0125,3
39.4356122633819,-105.007674905004,39.4355,-105.0073,3
39.4355851830114,-105.007898953741,39.4355,-105.0073,2
39.4358062935537,-105.007492366528,39.4355,-105.0073,1
39.4358550183955,-105.007670732584,39.4355,-105.0073,5
39.4358035627876,-105.007192476767,39.4355,-105.0073,1
39.4354218388315,-105.007461883083,39.4355,-105.0073,4
39.4352611219235,-105.007964786887,39.4355,-105.0073,1
39.4352049764122,-105.007810074131,39.4355,-105.0073,2
39.4356763681577,-105.007327694268,39.4355,-105.0073,5
39.4356876822421,-105.007773550319,39.4355,-105.0073,5
39.4353700664458,-105.00758106919,39.4355,-105.0073,4
39.4358077696959,-105.007687767727,39.4355,-105.0073,2
39.4355093268794,-105.008009553625,39.4355,-105.0073,5
39.4354698851503,-105.006471429928,39.43568,-105.0072,3
39.4355124130877,-105.006634175146,39.43568,-105.0072,1
39.4356153933413,-105.006724631674,39.43568,-105.0072,5
39.43563006623,-105.006272647604,39.43568,-105.0072,4
39.4353423746969,-105.006343042402,39.43568,-105.0072,4
39.4353548737635,-105.007005249361,39.43568,-105.0072,2
39.4355726492439,-105.006697152867,39.43568,-105.0072,1
39.4352828530849,-105.006734119704,39.43568,-105.0072,1
39.4354046146039,-105.006946650888,39.43568,-105.0072,4
39.4352851326842,-105.006659724274,39.43568,-105.0072,5
39.4354336103132,-105.00681905687,39.43568,-105.0072,5
39.4354059078549,-105.00710640182,39.43568,-105.0072,5
39.4354470667582,-105.006905137038,39.43568,-105.0072,2
39.4358521510103,-105.006982718301,39.43568,-105.0072,1
39.4354473927057,-105.000053323613,39.43558,-104.9998,2
39.4356412806553,-104.999738396856,39.43558,-104.9998,2
39.4356421191634,-104.99978116799,39.43558,-104.9998,2
39.4355343540258,-104.999753502572,39.43558,-104.9998,5
39.4352938510011,-105.000192135607,39.43558,-104.9998,2
39.4354195440221,-104.999637318146,39.43558,-104.9998,1
39.4353210328386,-105.00014726718,39.43558,-104.9998,1
39.4352097494044,-105.000293680377,39.43558,-104.9998,1
39.4358883739715,-105.000083332997,39.43558,-104.9998,4
39.4355704554124,-105.000229860774,39.43558,-104.9998,5
39.4352984255392,-104.999564822992,39.43558,-104.9998,3
39.4354565540633,-104.999675211759,39.43558,-104.9998,3
39.4353935988397,-105.000000997718,39.43558,-104.9998,3
39.4353540401636,-105.000127843858,39.43558,-104.9998,5
39.4351958414017,-104.99968016555,39.43558,-104.9998,2
39.4354755440276,-104.999942996686,39.43558,-104.9998,3
39.4351807176858,-104.993523194702,39.43554,-104.9934,1
39.4356243108409,-104.993344013462,39.43554,-104.9934,2
39.4356678501896,-104.993233452418,39.43554,-104.9934,5
39.4355333756886,-104.993597608379,39.43554,-104.9934,5
39.4352466631644,-104.993486627974,39.43554,-104.9934,3
39.4353458618574,-104.993448203366,39.43554,-104.9934,3
39.4356241649389,-104.99336949735,39.43554,-104.9934,1
39.4355874871407,-104.993604124812,39.43554,-104.9934,4
39.4353324950901,-104.993410029054,39.43554,-104.9934,3
39.4354405150201,-104.993856977933,39.43554,-104.9934,4
39.4355322761007,-104.993542932925,39.43554,-104.9934,4
39.4357726137085,-104.993004983928,39.43554,-104.9934,2
39.4352128559729,-104.99331590278,39.43554,-104.9934,1
39.4355754088477,-104.993644870414,39.43554,-104.9934,4
39.4353497215125,-104.99324643524,39.43554,-104.9934,4
39.4355902729747,-104.993071155788,39.43554,-104.9934,3
39.435562417563,-104.993078177063,39.43554,-104.9934,1
39.436203348152,-105.029696860289,39.43638,-105.029,3
39.4362317142411,-105.02917011589,39.43638,-105.029,1
39.4359910651558,-105.02893679845,39.43638,-105.029,1
39.4363662507735,-105.029520659093,39.43638,-105.029,4
39.4362327773048,-105.029219786577,39.43638,-105.029,3
39.4360318758634,-105.029164153424,39.43638,-105.029,4
39.4365591444561,-105.029493506729,39.43638,-105.029,3
39.4364576233266,-105.029750815767,39.43638,-105.029,2
39.4359151473458,-105.028518881095,39.43612,-105.0288,1
39.4361089213857,-105.028754875377,39.43612,-105.0288,4
39.436423448322,-105.028360343108,39.43612,-105.0288,3
39.4361693046086,-105.028123859226,39.43612,-105.0288,4
39.4359021683275,-105.028082317482,39.43612,-105.0288,5
39.4362864993303,-105.028536802617,39.43612,-105.0288,1
39.4360171551324,-105.028753470082,39.43612,-105.0288,2
39.4360027372271,-105.028763004473,39.43612,-105.0288,4
39.4360379650111,-105.026340874233,39.43591,-105.0264,2
39.436594958944,-105.026426334977,39.43591,-105.0264,1
39.4364795492941,-105.026737432749,39.43591,-105.0264,4
39.4360886017947,-105.026243806072,39.43591,-105.0264,3
39.43630951519,-105.026259945858,39.43591,-105.0264,4
39.4359288652207,-105.025100306712,39.43607,-105.0255,5
39.4365807348819,-105.025956740636,39.43607,-105.0255,1
39.4361449059424,-105.025419623242,39.43607,-105.0255,4
39.4361567651531,-105.025720161369,39.43607,-105.0255,1
39.436306029426,-105.025531377371,39.43607,-105.0255,3
39.4364629185891,-105.02459527957,39.43622,-105.0246,4
39.4365040940259,-105.024546998787,39.43622,-105.0246,5
39.4364131520896,-105.025073457727,39.43622,-105.0246,3
39.4362964835726,-105.024306458832,39.43622,-105.0246,2
39.4364828578492,-105.023922393549,39.43637,-105.0237,2
39.4361637910974,-105.023799917174,39.43637,-105.0237,2
39.4361782872893,-105.023420427071,39.43637,-105.0237,5
39.4362372166331,-105.024068788716,39.43637,-105.0237,1
39.4364925530527,-105.023488624808,39.43637,-105.0237,1
39.4363749327556,-105.024147485882,39.43637,-105.0237,1
39.4360973493366,-105.023940516912,39.43637,-105.0237,3
39.435995331557,-105.023295701016,39.43637,-105.0237,3
39.4361159521771,-105.02395749037,39.43637,-105.0237,2
39.4361351175437,-105.023424109735,39.43637,-105.0237,2
39.4361462051509,-105.024021832093,39.43637,-105.0237,1
39.4365615468158,-105.023387815789,39.43637,-105.0237,2
39.4362529334612,-105.02409071472,39.43637,-105.0237,1
39.4366322765606,-105.023815030364,39.43637,-105.0237,1
39.4365945537101,-105.023691592816,39.43637,-105.0237,5
39.4366271973996,-105.023534282755,39.43637,-105.0237,4
39.4360017712919,-105.023442665262,39.43637,-105.0237,4
39.4363821297989,-105.023361016404,39.43637,-105.0237,3
39.4366302136609,-105.024108463831,39.43637,-105.0237,2
39.4364230159657,-105.023612108086,39.43637,-105.0237,5
39.4364072212307,-105.024037478969,39.43637,-105.0237,1
39.4360164278697,-105.023678261082,39.43637,-105.0237,2
39.4359870231888,-105.023506513616,39.43637,-105.0237,4
39.4359598755456,-105.023842064792,39.43637,-105.0237,5
39.4365828262289,-105.023263664869,39.43637,-105.0237,2
39.4361540166677,-105.023967010438,39.43637,-105.0237,3
39.4359126178007,-105.023057018128,39.43652,-105.0228,1
39.4359653931845,-105.022354392086,39.43652,-105.0228,5
39.4360849544027,-105.022794231051,39.43652,-105.0228,5
39.4360567310681,-105.023124153384,39.43652,-105.0228,5
39.4359445342255,-105.022519114446,39.43652,-105.0228,5
39.4362298749168,-105.023014817793,39.43652,-105.0228,3
39.4363793834576,-105.022413932562,39.43652,-105.0228,2
39.4365967995193,-105.022995849334,39.43652,-105.0228,2
39.4361045187535,-105.023057927208,39.43652,-105.0228,1
39.4363105987195,-105.023147478614,39.43652,-105.0228,1
39.4361281621171,-105.022492609962,39.43652,-105.0228,5
39.4364883549371,-105.02242945338,39.43652,-105.0228,2
39.4360783504679,-105.022051985477,39.43667,-105.0219,2
39.4364074549732,-105.021647207961,39.43667,-105.0219,5
39.4366233603573,-105.021459700069,39.43667,-105.0219,4
39.4359859610329,-105.021671752744,39.43667,-105.0219,3
39.4361931194031,-105.0215492855,39.43667,-105.0219,4
39.4361499020952,-105.022188945119,39.43667,-105.0219,2
39.4361584462371,-105.022020192742,39.43667,-105.0219,4
39.4364512378254,-105.022126310772,39.43667,-105.0219,1
39.4362084746862,-105.022228656299,39.43667,-105.0219,4
39.4365242607081,-105.022254636641,39.43667,-105.0219,4
39.4359757486536,-105.022073128027,39.43667,-105.0219,1
39.4362745865632,-105.021509111091,39.43667,-105.0219,4
39.4363793063997,-105.020279629486,39.4362,-105.0193,3
39.4364379848313,-105.019843058311,39.4362,-105.0193,3
39.4363650387155,-105.019501833185,39.4362,-105.0193,3
39.4364255976478,-105.020015648536,39.4362,-105.0193,3
39.4364076824276,-105.019639219059,39.4362,-105.0193,2
39.4359396136663,-105.019699440684,39.4362,-105.0193,1
39.4365291239751,-105.019517393839,39.4362,-105.0193,2
39.4366351321227,-105.018532944558,39.43638,-105.0193,2
39.4364458548183,-105.019138415395,39.43638,-105.0193,2
39.4362487132944,-105.019275910009,39.43638,-105.0193,2
39.4362316540617,-105.019309113149,39.43638,-105.0193,1
39.4364485812151,-105.018313441806,39.43611,-105.0182,1
39.436391277298,-105.017928752333,39.43611,-105.0182,1
39.4364079778978,-105.017548082884,39.43611,-105.0182,2
39.4363578461215,-105.017815902426,39.43611,-105.0182,2
39.4360434792681,-105.014456257932,39.43671,-105.0145,2
39.4361329887653,-105.014538856131,39.43671,-105.0145,1
39.4360313642203,-105.014285840668,39.43671,-105.0145,4
39.4361625531174,-105.014284813146,39.43671,-105.0145,4
39.4359650011613,-105.014224264432,39.43671,-105.0145,2
39.4362466501486,-105.014115539488,39.43671,-105.0145,1
39.4360980130131,-105.014229291151,39.43671,-105.0145,3
39.4361236691857,-105.014334321672,39.43671,-105.0145,1
39.4366097721247,-105.014204901722,39.43671,-105.0145,5
39.4360752009751,-105.014247510784,39.43671,-105.0145,3
39.4366329875765,-105.013269576445,39.43626,-105.013,5
39.4359545517463,-105.01281977897,39.43626,-105.013,4
39.4362604807438,-105.013223726449,39.43626,-105.013,4
39.4360091695396,-105.012937708894,39.43626,-105.013,4
39.4365344014414,-105.013457469929,39.43626,-105.013,5
39.4362011242788,-105.01345204777,39.43626,-105.013,5
39.4363651145287,-105.013527109931,39.43626,-105.013,2
39.4363549828058,-105.013566154486,39.43626,-105.013,3
39.4363499091315,-105.0120637283,39.4363,-105.013,1
39.4362220788075,-105.012266707405,39.4363,-105.013,4
39.4363514901754,-105.012423527066,39.4363,-105.013,4
39.4365185029667,-105.012012228245,39.4363,-105.013,2
39.4362726315001,-105.012001344086,39.4363,-105.013,2
39.4363021729294,-105.012705792065,39.4363,-105.013,5
39.4359080493046,-105.011938636583,39.4363,-105.013,4
39.4360779020694,-105.012416299419,39.4363,-105.013,3
39.4363863263421,-105.011863588594,39.4363,-105.013,3
39.4359532219774,-105.012187578285,39.4363,-105.013,4
39.4361618478017,-105.00753447081,39.43605,-105.007,5
39.4362639412316,-105.007645205768,39.43605,-105.007,2
39.4364217575475,-105.007229261531,39.43605,-105.007,3
39.4363277893097,-105.007838775296,39.43605,-105.007,1
39.4362414806879,-105.007248042984,39.43605,-105.007,4
39.4363224585062,-105.007409603324,39.43605,-105.007,1
39.4364780313544,-105.007699974565,39.43605,-105.007,1
39.4362809489717,-105.007421922901,39.43605,-105.007,5
39.4365241210956,-105.00763352199,39.43605,-105.007,2
39.4362984058113,-105.006504142801,39.43635,-105.0068,4
39.4363132153575,-105.006980786349,39.43635,-105.0068,5
39.4360853439728,-105.006455646237,39.43635,-105.0068,1
39.4365592945551,-105.006734892918,39.43635,-105.0068,5
39.4361072986307,-105.00659148222,39.43635,-105.0068,5
39.4363801083411,-105.006985259839,39.43635,-105.0068,5
39.4359191557892,-105.007078688951,39.43635,-105.0068,1
39.436621716989,-105.005638513736,39.43666,-105.0054,2
39.4360283752788,-105.005962558572,39.43666,-105.0054,1
39.435919602442,-105.00609542973,39.43666,-105.0054,4
39.4360611606564,-105.006029838123,39.43666,-105.0054,1
39.4364014120344,-105.005912217297,39.43666,-105.0054,1
39.4362758090193,-105.005400365364,39.43666,-105.0054,5
39.43653908659,-105.005674168216,39.43666,-105.0054,3
39.4365099897045,-105.005792263148,39.43666,-105.0054,4
39.4365124851114,-105.005877637281,39.43666,-105.0054,3
39.4365088843388,-105.005777640987,39.43666,-105.0054,4
39.4365875373291,-105.005437862671,39.43666,-105.0054,3
39.435946152028,-105.00616859912,39.43666,-105.0054,2
39.4361945873228,-105.006112923083,39.43666,-105.0054,2
39.4362395033659,-105.006125837794,39.43666,-105.0054,3
39.436525360653,-105.005297691285,39.43666,-105.0054,5
39.4361888839029,-105.005296993314,39.43666,-105.0054,1
39.4364822793486,-105.005570709653,39.43666,-105.0054,4
39.4359601508868,-105.006114763618,39.43666,-105.0054,2
39.4359980404674,-105.005003575012,39.43627,-105.0048,4
39.4364951171626,-105.004526317948,39.43627,-105.0048,1
39.4363779962917,-105.004692660698,39.43627,-105.0048,1
39.4360348214093,-105.004327587791,39.43627,-105.0048,4
39.4364165385348,-105.005148461595,39.43627,-105.0048,5
39.4364225269822,-105.004330250924,39.43627,-105.0048,5
39.4362279145794,-105.0049758585,39.43627,-105.0048,4
39.4362280859004,-105.00453775211,39.43627,-105.0048,5
39.4364556055898,-105.004426082602,39.43627,-105.0048,4
39.4361529039767,-105.004487989404,39.43627,-105.0048,5
39.4360453415181,-105.00520071701,39.43627,-105.0048,2
39.4364835366434,-105.004516730148,39.43627,-105.0048,4
39.4364938620602,-105.00441781815,39.43627,-105.0048,5
39.4360482387252,-105.004981778709,39.43627,-105.0048,2
39.436175428469,-105.0014197859,39.43618,-105.0004,2
39.4360891731648,-105.000811932042,39.43618,-105.0004,1
39.436066511541,-105.000785401971,39.43618,-105.0004,1
39.4361514424483,-105.001379653437,39.43618,-105.0004,3
39.436251413333,-105.001361955296,39.43618,-105.0004,4
39.4362747510282,-105.000661960815,39.43618,-105.0004,3
39.4359461630406,-105.001033773212,39.43618,-105.0004,3
39.4366113284495,-105.001110471458,39.43618,-105.0004,5
39.4364720168392,-105.000568376978,39.43618,-105.0004,4
39.4364674637629,-105.001100980771,39.43618,-105.0004,5
39.4366213141872,-105.000606743375,39.43618,-105.0004,2
39.4362941269696,-105.000958051828,39.43618,-105.0004,3
39.436509962069,-105.001368572416,39.43618,-105.0004,1
39.4365868921846,-105.000659387799,39.43618,-105.0004,2
39.4364180626865,-105.000491928927,39.43631,-105.0003,5
39.4359857927101,-104.999951777267,39.43631,-105.0003,1
39.4363030877931,-105.000503925518,39.43631,-105.0003,3
39.4363977845728,-105.00008833158,39.43631,-105.0003,2
39.4362262780128,-104.999653993307,39.43631,-105.0003,2
39.4361588755425,-105.000460020532,39.43631,-105.0003,3
39.4359496525493,-104.999836462978,39.43631,-105.0003,1
39.4360149653113,-104.99971268731,39.43631,-105.0003,2
39.4365529219078,-105.000358976185,39.43631,-105.0003,1
39.4360151941366,-105.00015181902,39.43631,-105.0003,4
39.4359662505927,-105.0000081313,39.43631,-105.0003,1
39.4362522721955,-104.999627884336,39.43631,-105.0003,1
39.4359169665017,-105.000245785668,39.43631,-105.0003,1
39.4366170959923,-104.999656704948,39.43631,-105.0003,3
39.4360029342423,-104.993432879375,39.43607,-104.993,5
39.4359795729672,-104.993786400772,39.43607,-104.993,2
39.4365494405006,-104.993594742142,39.43607,-104.993,4
39.435973263016,-104.993212200716,39.43607,-104.993,2
39.4366079975518,-104.993369925969,39.43607,-104.993,4
39.436059795188,-104.993459097464,39.43607,-104.993,5
39.436612715517,-104.99325540316,39.43607,-104.993,5
39.4365908088765,-104.993499878342,39.43607,-104.993,5
39.4359903963967,-104.993165489091,39.43607,-104.993,5
39.4366307667481,-104.993104978633,39.43607,-104.993,5
39.4362529141696,-104.993284912146,39.43607,-104.993,5
39.4363323106559,-104.993117813887,39.43607,-104.993,2
39.4364979858504,-104.992662861617,39.43642,-104.9926,4
39.4365616045057,-104.992547746294,39.43642,-104.9926,4
39.4362474955647,-104.992126723794,39.43642,-104.9926,4
39.4364080478074,-104.992328184165,39.43642,-104.9926,4
39.4359214625514,-104.992434306672,39.43642,-104.9926,1
39.43650907084,-104.992889133006,39.43642,-104.9926,1
39.4365126866428,-104.992802641042,39.43642,-104.9926,2
39.4359119526095,-104.992322810047,39.43642,-104.9926,1
39.4362916582152,-104.992646132748,39.43642,-104.9926,1
39.4363337134654,-104.992621547936,39.43642,-104.9926,1
39.4366082721495,-104.992770721836,39.43642,-104.9926,4
39.4362964937357,-104.992008598789,39.43642,-104.9926,2
39.4361092760552,-104.992236394666,39.43642,-104.9926,5
39.436339218307,-104.992806589437,39.43642,-104.9926,5
39.4359170353115,-104.992662077912,39.43642,-104.9926,1
39.4365913216302,-104.992035113428,39.43642,-104.9926,3
39.4372446079271,-105.029168744906,39.43703,-105.0293,5
39.4373103973512,-105.029771180355,39.43703,-105.0293,3
39.4366415369841,-105.025968429965,39.4371,-105.0253,4
39.4366942243632,-105.025833841058,39.4371,-105.0253,1
39.4366948263339,-105.024473929268,39.43681,-105.0251,5
39.4369939618107,-105.024673272858,39.43681,-105.0251,2
39.4367938862484,-105.024550191738,39.43681,-105.0251,1
39.4372357860896,-105.024773850296,39.43681,-105.0251,2
39.4367429224636,-105.024256560053,39.43681,-105.0251,3
39.4371795693165,-105.023036900447,39.43702,-105.0226,3
39.4370590874727,-105.022342604765,39.43702,-105.0226,2
39.4368206962292,-105.022858881821,39.43702,-105.0226,1
39.4367616012243,-105.022342099572,39.43702,-105.0226,2
39.4373224758893,-105.022595332388,39.43702,-105.0226,3
39.4369643788578,-105.022714652839,39.43702,-105.0226,1
39.4367939031372,-105.022843556336,39.43702,-105.0226,1
39.4366459498677,-105.022870304034,39.43702,-105.0226,5
39.4372048301926,-105.023044437709,39.43702,-105.0226,4
39.4373483751818,-105.023080088176,39.43702,-105.0226,1
39.4370917207246,-105.023188755013,39.43702,-105.0226,5
39.4366507631182,-105.022546799307,39.43702,-105.0226,5
39.4370155912084,-105.022414435888,39.43702,-105.0226,2
39.4367081247899,-105.022912850379,39.43702,-105.0226,5
39.4371500769265,-105.02264092303,39.43702,-105.0226,1
39.4371020412398,-105.02255473992,39.43702,-105.0226,1
39.4370063352402,-105.021796992029,39.4367,-105.0217,3
39.437232464695,-105.021515296713,39.4367,-105.0217,1
39.4370900835146,-105.021513570071,39.4367,-105.0217,1
39.4366939331397,-105.021615114787,39.4367,-105.0217,3
39.4370430242295,-105.021791087017,39.4367,-105.0217,5
39.4372891497256,-105.022213525746,39.4367,-105.0217,2
39.437257298712,-105.021555970924,39.4367,-105.0217,4
39.4372321935773,-105.021364749812,39.4367,-105.0217,2
39.4373272297808,-105.021713191001,39.4367,-105.0217,3
39.4372826100499,-105.022021545735,39.4367,-105.0217,5
39.4368664829539,-105.022249168669,39.4367,-105.0217,4
39.4371892143683,-105.022091755134,39.4367,-105.0217,3
39.4372659344609,-105.022158259045,39.4367,-105.0217,3
39.4372196813631,-105.02131807187,39.4367,-105.0217,1
39.4370405349214,-105.020853847813,39.43684,-105.0208,3
39.4370521828727,-105.021295676392,39.43684,-105.0208,1
39.4369228692291,-105.020428218403,39.43684,-105.0208,5
39.4368660365822,-105.020747361113,39.43684,-105.0208,1
39.436884187613,-105.020554481952,39.43684,-105.0208,3
39.4371250044334,-105.020686488402,39.43684,-105.0208,1
39.4368776265755,-105.021148317743,39.43684,-105.0208,1
39.4371552290756,-105.02128279608,39.43684,-105.0208,5
39.4370947319022,-105.020434476465,39.43684,-105.0208,2
39.4370156385801,-105.02047626943,39.43684,-105.0208,4
39.4371327537181,-105.02096504712,39.43684,-105.0208,5
39.436940047467,-105.020423021518,39.43684,-105.0208,1
39.4372354011076,-105.020760784602,39.43684,-105.0208,5
39.4370028195631,-105.021177958312,39.43684,-105.0208,2
39.4366574369659,-105.02056121515,39.43684,-105.0208,1
39.4366927753165,-105.019597527474,39.43705,-105.0199,1
39.4372340827652,-105.019639798939,39.43705,-105.0199,5
39.4372648231156,-105.019900753067,39.43705,-105.0199,4
39.4368431752911,-105.019918836246,39.43705,-105.0199,4
39.4373591317734,-105.020296495332,39.43705,-105.0199,4
39.4366891767507,-105.019948304469,39.43705,-105.0199,2
39.4367874573896,-105.019569509547,39.43705,-105.0199,1
39.4370844481262,-105.019602729371,39.43705,-105.0199,2
39.4373579866609,-105.019795991539,39.43705,-105.0199,1
39.4368187565783,-105.020254958793,39.43705,-105.0199,3
39.4370170393823,-105.020274333646,39.43705,-105.0199,5
39.4369535996814,-105.019404924233,39.43699,-105.0189,4
39.4372440355708,-105.018817851406,39.43699,-105.0189,1
39.4371036002392,-105.018835128429,39.43699,-105.0189,3
39.4370301201573,-105.014876601528,39.43698,-105.0151,3
39.4370718043321,-105.014803966322,39.43698,-105.0151,3
39.4368631891952,-105.015180964082,39.43698,-105.0151,3
39.4367522312521,-105.014749070154,39.43698,-105.0151,3
39.4368533269412,-105.014819479127,39.43698,-105.0151,4
39.4370873891049,-105.015351762062,39.43698,-105.0151,1
39.4369861283884,-105.015564457664,39.43698,-105.0151,3
39.4372499863267,-105.015237415622,39.43698,-105.0151,1
39.4369706842062,-105.015209964152,39.43698,-105.0151,5
39.437280037787,-105.015309034337,39.43698,-105.0151,4
39.4368501211804,-105.015078496638,39.43698,-105.0151,2
39.4367895844331,-105.015022555744,39.43698,-105.0151,4
39.4366406511398,-105.015223601252,39.43698,-105.0151,1
39.4367532860661,-105.014794095844,39.43698,-105.0151,4
39.4372823539661,-105.015090464003,39.43698,-105.0151,1
39.4367368542517,-105.014470339823,39.43685,-105.0141,4
39.437095684436,-105.014382547674,39.43685,-105.0141,4
39.4371407383792,-105.01438832273,39.43685,-105.0141,3
39.4368550644558,-105.01444791668,39.43685,-105.0141,5
39.4370191530391,-105.014165800468,39.43685,-105.0141,2
39.4370301460173,-105.01411198348,39.43685,-105.0141,5
39.4371980697946,-105.013905701765,39.43685,-105.0141,1
39.4370604000569,-105.013007415086,39.43697,-105.0132,2
39.4370009096558,-105.012814559585,39.43697,-105.0132,4
39.4367836267463,-105.013205060922,39.43697,-105.0132,5
39.4368316651654,-105.013561696633,39.43697,-105.0132,2
39.4366965523587,-105.013248337589,39.43697,-105.0132,3
39.4368714933752,-105.013541659832,39.43697,-105.0132,5
39.4368220187773,-105.01372851856,39.43697,-105.0132,4
39.4370802686907,-105.013492359117,39.43697,-105.0132,1
39.4373054045914,-105.013376821182,39.43697,-105.0132,3
39.4369924958084,-105.012914417425,39.43697,-105.0132,2
39.437255152872,-105.011937971433,39.43731,-105.0129,2
39.4371506541043,-105.012096810644,39.43731,-105.0129,4
39.437167826912,-105.012079719401,39.43731,-105.0129,4
39.4368751557456,-105.012462936791,39.43731,-105.0129,1
39.4366431731057,-105.012471079974,39.43731,-105.0129,3
39.437038537293,-105.012090545856,39.43731,-105.0129,1
39.4371319375347,-105.011907436198,39.43731,-105.0129,3
39.4373647185309,-105.012223241855,39.43731,-105.0129,4
39.4369982235376,-105.011939560258,39.43731,-105.0129,4
39.4368372914251,-105.012079130638,39.43731,-105.0129,1
39.4367375623325,-105.01186052705,39.43731,-105.0129,1
39.4372458971737,-105.012650516286,39.43731,-105.0129,1
39.4373428155623,-105.01197792974,39.43731,-105.0129,3
39.436737535568,-105.007128052747,39.4368,-105.0063,3
39.4367161212204,-105.006501569684,39.4368,-105.0063,4
39.4370224533793,-105.006741422121,39.4368,-105.0063,3
39.437098848898,-105.006273681325,39.4368,-105.0063,3
39.4370212986417,-105.006951070763,39.4368,-105.0063,1
39.4370690793232,-105.005645535997,39.43691,-105.0058,1
39.4373263743535,-105.005841230264,39.43691,-105.0058,5
39.4372122261278,-105.005588425553,39.43691,-105.0058,4
39.436869335267,-105.005690438787,39.43691,-105.0058,4
39.4371896678286,-105.000044350294,39.437,-105.0003,5
39.4368458754789,-105.000120961677,39.437,-105.0003,4
39.4367869891295,-104.999972873025,39.437,-105.0003,4
39.4366442095431,-105.000067700253,39.437,-105.0003,4
39.4370612329356,-104.999693288073,39.437,-105.0003,5
39.4372510621519,-104.999800848754,39.437,-105.0003,5
39.4370381997612,-105.00031338708,39.437,-105.0003,5
39.4368606467932,-104.999720124508,39.437,-105.0003,1
39.4367678882,-105.000156033299,39.437,-105.0003,4
39.4373329348598,-104.999838495397,39.437,-105.0003,4
39.4373674544091,-104.99976566334,39.437,-105.0003,4
39.4367565281139,-104.992249326415,39.43665,-104.9923,4
39.4371202941328,-104.992212378807,39.43665,-104.9923,2
39.4366824640423,-104.992246841949,39.43665,-104.9923,1
39.4370561938849,-104.992165454619,39.43665,-104.9923,2
39.436697826642,-104.992816178439,39.43665,-104.9923,4
39.436952228329,-104.992448948094,39.43665,-104.9923,4
39.4366385253312,-104.992937490049,39.43665,-104.9923,1
39.4373665638331,-104.992188248573,39.43665,-104.9923,5
39.4366868574536,-104.992474482185,39.43665,-104.9923,1
39.4368434273077,-104.992864123357,39.43665,-104.9923,5
39.4369862989412,-104.992718921022,39.43665,-104.9923,3
39.4373211878737,-104.992132150351,39.43665,-104.9923,1
39.4370587463372,-104.992909628409,39.43665,-104.9923,1
39.4369483729676,-104.992058725342,39.43665,-104.9923,2
39.4369478372833,-104.992888952456,39.43665,-104.9923,1
39.436744962368,-104.992385003511,39.43665,-104.9923,2
39.4369187973154,-104.99287948426,39.43665,-104.9923,2
39.4376155684766,-105.026029045002,39.4377,-105.0256,5
39.4375631172616,-105.025144916845,39.4377,-105.0256,2
39.4379876009121,-105.022918328777,39.43761,-105.0224,1
39.437490241772,-105.022617168889,39.43761,-105.0224,4
39.4376635456744,-105.023087204736,39.43761,-105.0224,3
39.4378928701867,-105.022720647887,39.43761,-105.0224,3
39.4376472262785,-105.022741175264,39.43761,-105.0224,3
39.4378278172375,-105.022864198808,39.43761,-105.0224,2
39.4373799637063,-105.023178422616,39.43761,-105.0224,5
39.4374874931674,-105.022275428858,39.43761,-105.0224,5
39.4379710509737,-105.023090703619,39.43761,-105.0224,4
39.4377218922687,-105.023107725543,39.43761,-105.0224,1
39.4376138748344,-105.022368336272,39.43761,-105.0224,4
39.4378386145825,-105.022844373738,39.43761,-105.0224,1
39.4374615232258,-105.022656436264,39.43761,-105.0224,1
39.4380327478203,-105.022436794732,39.43761,-105.0224,1
39.4376745746051,-105.022449850028,39.43761,-105.0224,3
39.4374021038305,-105.023133627934,39.43761,-105.0224,1
39.4374965052412,-105.021692997839,39.43789,-105.0222,5
39.4374110576777,-105.021819005678,39.43789,-105.0222,4
39.4380463935386,-105.022020739905,39.43789,-105.0222,3
39.4376463616232,-105.022188251596,39.43789,-105.0222,1
39.4377092844057,-105.021342314735,39.43789,-105.0222,4
39.4377994563813,-105.021331293323,39.43789,-105.0222,4
39.4378023984177,-105.021314921133,39.43789,-105.0222,1
39.4380417947641,-105.021684973848,39.43789,-105.0222,4
39.4375931216524,-105.022189117967,39.43789,-105.0222,2
39.4379540549101,-105.021960984456,39.43789,-105.0222,5
39.4377585829127,-105.021961563142,39.43789,-105.0222,1
39.4376954491622,-105.021489458008,39.43789,-105.0222,1
39.4378672956227,-105.021939057655,39.43789,-105.0222,1
39.437540693472,-105.021951432152,39.43789,-105.0222,2
39.4375865872811,-105.022252514114,39.43789,-105.0222,4
39.4375135525003,-105.01967046383,39.43756,-105.0194,2
39.437506929418,-105.020230328538,39.43756,-105.0194,4
39.4380743102328,-105.019760638038,39.43756,-105.0194,2
39.4380061323609,-105.019455081099,39.43756,-105.0194,2
39.4377896856616,-105.019682126302,39.43756,-105.0194,2
39.4374189090829,-105.019920896754,39.43756,-105.0194,4
39.4373843829483,-105.020026103433,39.43756,-105.0194,2
39.4377894596818,-105.01968683796,39.43756,-105.0194,2
39.4379860504105,-105.019800605994,39.43756,-105.0194,5
39.4378628111792,-105.020015352889,39.43756,-105.0194,1
39.437647413162,-105.020124870754,39.43756,-105.0194,4
39.4378515316065,-105.020010132333,39.43756,-105.0194,2
39.4380111617951,-105.02001082592,39.43756,-105.0194,3
39.4378929099654,-105.019814836946,39.43756,-105.0194,4
39.4374776599643,-105.018599593556,39.43787,-105.0191,3
39.4375996094117,-105.019070249211,39.43787,-105.0191,1
39.4375538445704,-105.018815776729,39.43787,-105.0191,1
39.4380401548704,-105.018927218446,39.43787,-105.0191,5
39.4379883564733,-105.018510303696,39.43787,-105.0191,1
39.4376324410984,-105.01899620715,39.43787,-105.0191,1
39.4377274893066,-105.018647304795,39.43787,-105.0191,4
39.437932190647,-105.018655128943,39.43787,-105.0191,1
39.4375541051345,-105.019064960586,39.43787,-105.0191,3
39.4377597534654,-105.019056843499,39.43787,-105.0191,1
39.4377317690994,-105.018920600071,39.43787,-105.0191,3
39.4375554431903,-105.019372347665,39.43787,-105.0191,1
39.4377935920329,-105.019126454778,39.43787,-105.0191,2
39.4377085221652,-105.019385703484,39.43787,-105.0191,2
39.4376095402069,-105.019186662716,39.43787,-105.0191,5
39.4380418437517,-105.019099388777,39.43787,-105.0191,3
39.4375687141876,-105.017999690823,39.43604,-105.0193,3
39.4375398897798,-105.018406686546,39.43604,-105.0193,4
39.4374648244385,-105.017842088601,39.43604,-105.0193,4
39.4374961893209,-105.018461751607,39.43604,-105.0193,2
39.437858957667,-105.013690275896,39.43818,-105.0133,4
39.4377393893747,-105.013145661199,39.43818,-105.0133,2
39.4379989689816,-105.013243616616,39.43818,-105.0133,2
39.4378836387124,-105.013674473037,39.43818,-105.0133,1
39.4375638345665,-105.013198985358,39.43818,-105.0133,2
39.43750136302,-105.013647493143,39.43818,-105.0133,5
39.4380024519486,-105.013602327115,39.43818,-105.0133,4
39.4377217433336,-105.01336911726,39.43818,-105.0133,1
39.4378072495587,-105.012915920706,39.43818,-105.0133,5
39.4375576537974,-105.012838351008,39.43818,-105.0133,2
39.4374697530231,-105.012811114872,39.43818,-105.0133,1
39.4378535614043,-105.013348304812,39.43818,-105.0133,2
39.4380762062845,-105.013502181253,39.43818,-105.0133,1
39.4378357254315,-105.013600927676,39.43818,-105.0133,1
39.437469788042,-105.013357841959,39.43818,-105.0133,1
39.4375684022403,-105.01338363008,39.43818,-105.0133,1
39.4373843617463,-105.013737988136,39.43818,-105.0133,1
39.4377260848354,-105.012045512539,39.43772,-105.0122,4
39.4380286443229,-105.01213438225,39.43772,-105.0122,3
39.4377544601173,-105.012598785263,39.43772,-105.0122,2
39.4379632520768,-105.012764938707,39.43772,-105.0122,4
39.4380498893567,-105.012591974655,39.43772,-105.0122,1
39.4380883096637,-105.012572278305,39.43772,-105.0122,3
39.437789728503,-105.012572670534,39.43772,-105.0122,2
39.4376961330018,-105.012139086902,39.43772,-105.0122,2
39.437697488523,-105.012530770768,39.43772,-105.0122,4
39.4379843615736,-105.011971966174,39.43772,-105.0122,3
39.4374701644698,-105.012643561083,39.43772,-105.0122,3
39.4380581289126,-105.012563695709,39.43772,-105.0122,5
39.438003103913,-105.01098694208,39.43752,-105.0119,1
39.4375194253829,-105.011639152263,39.43752,-105.0119,2
39.4378719315671,-105.011103896194,39.43752,-105.0119,3
39.4376639021951,-105.011648652206,39.43752,-105.0119,3
39.437776714618,-105.011453372244,39.43752,-105.0119,1
39.437958989528,-105.011107725084,39.43752,-105.0119,4
39.4375917461124,-105.011799387806,39.43752,-105.0119,2
39.43790312229,-105.011209662652,39.43752,-105.0119,5
39.4378585575605,-105.011161829024,39.43752,-105.0119,1
39.4379349080849,-105.011637318228,39.43752,-105.0119,2
39.4373744787643,-105.011103650474,39.43752,-105.0119,1
39.437789727455,-105.011807049294,39.43752,-105.0119,4
39.4377959500138,-105.011101607169,39.43752,-105.0119,5
39.4376519207964,-105.011348232352,39.43752,-105.0119,3
39.4373832465414,-105.005686146629,39.43773,-105.0057,5
39.4380792505767,-105.005609614753,39.43773,-105.0057,5
39.4377887956126,-105.005862351985,39.43773,-105.0057,3
39.437885611437,-105.005504910507,39.43773,-105.0057,1
39.4380440644878,-105.005441861638,39.43773,-105.0057,3
39.437523614091,-105.005543633414,39.43773,-105.0057,3
39.4377682199354,-105.000966213384,39.43796,-105.0007,3
39.4379301400541,-105.001319205869,39.43796,-105.0007,1
39.4375833558862,-105.001184712182,39.43796,-105.0007,1
39.4378614902068,-105.000721960589,39.43796,-105.0007,2
39.437935793493,-105.001342650827,39.43796,-105.0007,4
39.4378575447519,-105.001147366325,39.43796,-105.0007,3
39.4374412664381,-105.001406283691,39.43796,-105.0007,3
39.4374706637801,-105.001246573625,39.43796,-105.0007,1
39.4378049051602,-105.000609162519,39.43796,-105.0007,4
39.4377018233542,-105.000512410415,39.43796,-105.0007,5
39.4377468566706,-105.001259345863,39.43796,-105.0007,5
39.4380406613848,-105.001206439692,39.43796,-105.0007,4
39.4376333935919,-105.00089618253,39.43796,-105.0007,3
39.4378191704383,-105.001405505952,39.43796,-105.0007,2
39.4380664517122,-105.001259928984,39.43796,-105.0007,1
39.4374615195936,-105.000924381829,39.43796,-105.0007,1
39.4379969485858,-105.000271972641,39.43759,-105.0004,3
39.4379407451211,-105.00034770229,39.43759,-105.0004,5
39.4378291442559,-105.000408597795,39.43759,-105.0004,1
39.4378660565435,-104.999853005445,39.43759,-105.0004,2
39.4379676379102,-104.999787148509,39.43759,-105.0004,4
39.4378812063349,-105.000302105058,39.43759,-105.0004,5
39.4373755101363,-104.999914246703,39.43759,-105.0004,5
39.437541214386,-105.00024696884,39.43759,-105.0004,2
39.4380527689763,-105.000348401192,39.43759,-105.0004,2
39.4374925935258,-105.000286301132,39.43759,-105.0004,2
39.4382275804396,-105.025814569263,39.43816,-105.0255,3
39.4388189158014,-105.025179359778,39.43816,-105.0255,1
39.4388207151688,-105.025698789573,39.43816,-105.0255,2
39.4386178861928,-105.025407588427,39.43816,-105.0255,1
39.4384169558949,-105.02202171177,39.4385,-105.0219,1
39.4384930483219,-105.021392149261,39.4385,-105.0219,4
39.4386515199332,-105.022084748165,39.4385,-105.0219,2
39.4386371496663,-105.021404335988,39.4385,-105.0219,3
39.4382337398875,-105.022021131947,39.4385,-105.0219,4
39.4385003263435,-105.021345612147,39.4385,-105.0219,1
39.4386261464928,-105.018536929303,39.4383,-105.0186,4
39.438332570998,-105.018743682374,39.4383,-105.0186,5
39.4382084201378,-105.018680259166,39.4383,-105.0186,1
39.4385112499674,-105.018933642488,39.4383,-105.0186,1
39.4386495135991,-105.018541925661,39.4383,-105.0186,1
39.4384626822022,-105.01860114214,39.4383,-105.0186,1
39.4386009856581,-105.01908534664,39.4383,-105.0186,4
39.4382859143623,-105.018657762241,39.4383,-105.0186,5
39.4388275934202,-105.018542781613,39.4383,-105.0186,2
39.438577255838,-105.017835625721,39.43863,-105.0182,3
39.4385824754753,-105.017538043649,39.43863,-105.0182,2
39.4386645892675,-105.018305348033,39.43863,-105.0182,3
39.4383071115968,-105.017745054776,39.43863,-105.0182,5
39.438628024513,-105.018178443995,39.43863,-105.0182,4
39.4382643012373,-105.018287523986,39.43863,-105.0182,1
39.4385470930096,-105.018097944119,39.43863,-105.0182,5
39.4382297229167,-105.018109746056,39.43863,-105.0182,1
39.4381149352249,-105.013722429717,39.43818,-105.0133,2
39.4386205569116,-105.012820627178,39.43818,-105.0133,3
39.4385055255484,-105.013281697946,39.43818,-105.0133,1
39.4387417661897,-105.013307201897,39.43818,-105.0133,1
39.4383071490185,-105.013214108847,39.43818,-105.0133,2
39.4381789614215,-105.013214166788,39.43818,-105.0133,2
39.4381611135985,-105.01306970522,39.43818,-105.0133,2
39.4381715839488,-105.013403528871,39.43818,-105.0133,5
39.4386245244306,-105.013700858667,39.43818,-105.0133,1
39.4387305698409,-105.013191985293,39.43818,-105.0133,1
39.438351924508,-105.012885004545,39.43818,-105.0133,1
39.438322949968,-105.013180455845,39.43818,-105.0133,1
39.4383708118152,-105.012000615445,39.43845,-105.0122,5
39.4381732036715,-105.012427363494,39.43845,-105.0122,2
39.438206245144,-105.010105317053,39.43876,-105.0101,3
39.4385499509568,-105.010421919695,39.43876,-105.0101,1
39.4387417019437,-105.010870112569,39.43876,-105.0101,3
39.4383498265014,-105.009969868205,39.43876,-105.0101,1
39.4388004000506,-105.010617527989,39.43876,-105.0101,2
39.438725961114,-105.010762256233,39.43876,-105.0101,2
39.438474006702,-105.010526487357,39.43876,-105.0101,4
39.4386586156506,-105.010598462273,39.43876,-105.0101,3
39.4384084800526,-105.010259736178,39.43876,-105.0101,3
39.4384513593511,-105.009868629166,39.43858,-105.0095,4
39.4386473491642,-105.009520860302,39.43858,-105.0095,4
39.4384871281213,-105.00951529681,39.43858,-105.0095,4
39.4387107822354,-105.009386072094,39.43858,-105.0095,3
39.4383942447068,-105.008343411473,39.43875,-105.0087,1
39.4385126551791,-105.008329484622,39.43875,-105.0087,2
39.4387785662076,-105.008614183663,39.43875,-105.0087,3
39.4384984184411,-105.008610709528,39.43875,-105.0087,5
39.438279716308,-105.008628231636,39.43875,-105.0087,4
39.4381432499853,-105.005346407736,39.43845,-105.0055,2
39.4381053186433,-105.005516310127,39.43845,-105.0055,1
39.4381313368162,-105.006038973842,39.43845,-105.0055,3
39.4382053803728,-105.006141392382,39.43845,-105.0055,2
39.438392887971,-105.005896697663,39.43845,-105.0055,2
39.4386339377976,-105.005735497395,39.43845,-105.0055,2
39.4385558992203,-105.001674308147,39.43857,-105.0014,3
39.4388077060684,-105.002059691485,39.43857,-105.0014,5
39.4382902850936,-105.001589413706,39.43857,-105.0014,5
39.4383193712136,-105.001577982153,39.43857,-105.0014,2
39.4386094271493,-105.002247285642,39.43857,-105.0014,3
39.4383282342615,-105.00128550791,39.43831,-105.0012,2
39.4388253083827,-105.000651739192,39.43831,-105.0012,2
39.4386027458379,-105.000903709184,39.43831,-105.0012,4
39.4385395050106,-105.001123426007,39.43831,-105.0012,5
39.4381312756842,-105.001215425168,39.43831,-105.0012,2
39.4386261262938,-105.001033698009,39.43831,-105.0012,2
39.4384929810827,-105.001404566304,39.43831,-105.0012,1
39.4388556664767,-105.021688017705,39.43917,-105.0216,3
39.4394483123883,-105.021502487469,39.43917,-105.0216,5
39.4395619960777,-105.021588941573,39.43917,-105.0216,4
39.439429866479,-105.021929399136,39.43917,-105.0216,5
39.4393436043339,-105.02139487537,39.43917,-105.0216,4
39.4389833644867,-105.02178476782,39.43917,-105.0216,4
39.4389963988886,-105.01223086392,39.4392,-105.0122,3
39.4392638414346,-105.012401215736,39.4392,-105.0122,2
39.438953794058,-105.012699588286,39.4392,-105.0122,4
39.4390357086645,-105.012050299235,39.4392,-105.0122,3
39.4388934716993,-105.011947220089,39.4392,-105.0122,3
39.4390404985622,-105.012198904657,39.4392,-105.0122,3
39.4389493627217,-105.012176614901,39.4392,-105.0122,1
39.4388481718865,-105.012324814222,39.4392,-105.0122,5
39.4392722905516,-105.012543027518,39.4392,-105.0122,1
39.439233990756,-105.012489549199,39.4392,-105.0122,1
39.4392119102082,-105.010019329754,39.43922,-105.0103,4
39.4392999387557,-105.01066006246,39.43922,-105.0103,3
39.4395544272741,-105.010251243012,39.43922,-105.0103,3
39.4391471911638,-105.010686791334,39.43922,-105.0103,2
39.4391386638036,-105.010360247137,39.43922,-105.0103,2
39.4394837268704,-105.010791649508,39.43922,-105.0103,5
39.4388481926766,-105.01073223756,39.43922,-105.0103,4
39.4391489840976,-105.008275177872,39.43883,-105.0084,3
39.4395639456239,-105.00755196768,39.43902,-105.0075,3
39.4389596568697,-105.007669456671,39.43902,-105.0075,1
39.4392814940926,-105.007514829855,39.43902,-105.0075,1
39.4393376561102,-105.007088187556,39.43913,-105.0066,3
39.4390782658158,-105.006959091681,39.43913,-105.0066,4
39.4393062274236,-105.005464691217,39.43911,-105.0057,2
39.4395272698422,-105.005761759206,39.43911,-105.0057,2
39.4391490830991,-105.0059002349,39.43911,-105.0057,5
39.4392239794505,-105.002266933845,39.43903,-105.0014,4
39.4394052674742,-105.002366332908,39.43903,-105.0014,5
39.4393381620825,-105.002296244641,39.43903,-105.0014,4
39.4390420994471,-105.002331444729,39.43903,-105.0014,1
39.4395367122959,-105.002144218567,39.43903,-105.0014,4
39.439283514226,-105.000700072773,39.4393,-105.0011,1
39.4389570834867,-105.000647209133,39.4393,-105.0011,1
39.4389473108264,-105.000620333008,39.4393,-105.0011,1
39.4392944485064,-105.000529840731,39.4393,-105.0011,1
39.4389350112685,-105.000622259327,39.4393,-105.0011,3
39.4388878920278,-105.000677768553,39.4393,-105.0011,3
39.4388515096431,-105.000675877565,39.4393,-105.0011,2
39.4391778675533,-105.000623152406,39.4393,-105.0011,5
39.4393144547186,-105.000564033797,39.4393,-105.0011,1
39.4392334099715,-104.999868786429,39.43956,-105.0002,2
39.4394592653223,-105.000124773906,39.43956,-105.0002,3
39.4394783748588,-104.999762090098,39.43956,-105.0002,3
39.4388536589092,-105.000177640905,39.43956,-105.0002,2
39.4390940555022,-105.000156981612,39.43956,-105.0002,5
39.4390485361243,-105.000411055208,39.43956,-105.0002,1
39.4389506272751,-105.000165452075,39.43956,-105.0002,2
39.4396511768427,-105.011950288363,39.43985,-105.012,4
39.4401085173209,-105.012490623506,39.43985,-105.012,1
39.440019474203,-105.012288098618,39.43985,-105.012,1
39.4397635621242,-105.012054403042,39.43985,-105.012,1
39.4400176938482,-105.012608605059,39.43985,-105.012,1
39.4401390127482,-105.012262140102,39.43985,-105.012,3
39.4397604174441,-105.012717181397,39.43985,-105.012,5
39.4396048300002,-105.012357110211,39.43985,-105.012,2
39.4400612723897,-105.01237596037,39.43985,-105.012,1
39.4396999576509,-105.012069091666,39.43985,-105.012,1
39.4399344344441,-105.012255617787,39.43985,-105.012,4
39.4398925396638,-105.012192908575,39.43985,-105.012,2
39.4397476626333,-105.010937867961,39.44009,-105.0119,3
39.4400394831985,-105.011203332468,39.44009,-105.0119,1
39.4399315481405,-105.011095793011,39.44009,-105.0119,5
39.4396446748745,-105.011388101395,39.44009,-105.0119,4
39.4395815882834,-105.010960206101,39.44009,-105.0119,1
39.439779250607,-105.011327131619,39.44009,-105.0119,3
39.440221128864,-105.011760495983,39.44009,-105.0119,3
39.4401853407288,-105.010932165202,39.44009,-105.0119,2
39.4398727285116,-105.011094199799,39.44009,-105.0119,2
39.4399028804402,-105.011494801887,39.44009,-105.0119,2
39.4397531833348,-105.010743887824,39.43995,-105.0104,5
39.439682012973,-105.010168699129,39.43995,-105.0104,3
39.4399794676372,-105.010605671103,39.43995,-105.0104,3
39.4397812041462,-105.010092527704,39.43995,-105.0104,5
39.4398313283766,-105.010694102791,39.43995,-105.0104,2
39.4402044498704,-105.01014369825,39.43995,-105.0104,3
39.4400697490596,-105.010643272751,39.43995,-105.0104,2
39.4396835678425,-105.005352427112,39.43988,-105.0053,3
39.4402766129538,-105.00527571972,39.43988,-105.0053,3
39.4397002450026,-105.005581929025,39.43988,-105.0053,3
39.4397446789774,-105.004514576459,39.44001,-105.0053,4
39.440140324198,-105.004701717393,39.44001,-105.0053,1
39.4398229901507,-105.004480897955,39.44001,-105.0053,4
39.4403006455963,-105.000053101311,39.43964,-104.9999,2
39.4396441830337,-104.99999177208,39.43964,-104.9999,4
39.4399452957496,-104.999779174638,39.43964,-104.9999,2
39.4401835269742,-104.99969903883,39.43964,-104.9999,5
39.4396757571025,-105.000498111661,39.43964,-104.9999,1
39.4401583589029,-105.000015818587,39.43964,-104.9999,5
39.4396245520043,-104.999997981511,39.43964,-104.9999,2
39.4396485433195,-105.000346770877,39.43964,-104.9999,4
39.4401524401558,-105.000076488293,39.43964,-104.9999,2
39.4400992189731,-104.999914591603,39.43964,-104.9999,4
39.4399781908581,-105.000080807612,39.43964,-104.9999,4
39.4398366457923,-104.99887973641,39.43986,-104.9991,3
39.4400795607607,-104.998724652128,39.43986,-104.9991,3
39.4399367951851,-104.998979365472,39.43986,-104.9991,3
39.4402987674997,-104.998839955516,39.43986,-104.9991,2
39.4400915437704,-104.998877075544,39.43986,-104.9991,4
39.4401491223664,-104.99867405338,39.43986,-104.9991,2
39.4401582717577,-104.999374081432,39.43986,-104.9991,4
39.440141381518,-104.99868606731,39.43986,-104.9991,4
39.440297623715,-104.998827056654,39.43986,-104.9991,3
39.4403085137104,-105.012305029802,39.44046,-105.0117,4
39.4406049649771,-105.012287312188,39.44046,-105.0117,4
39.4406502099741,-105.011966241608,39.44046,-105.0117,5
39.4405754691098,-105.01273828589,39.44046,-105.0117,4
39.4408893752487,-105.012125554779,39.44046,-105.0117,5
39.4407829300117,-105.012387900835,39.44046,-105.0117,2
39.440709974801,-105.012443989129,39.44046,-105.0117,3
39.4408469959971,-105.01160418372,39.44073,-105.0116,4
39.4407323114194,-105.011265334864,39.44073,-105.0116,4
39.4405930153317,-105.011057059429,39.44073,-105.0116,5
39.4409364953942,-105.011848558491,39.44073,-105.0116,5
39.4403895950546,-105.011391921608,39.44073,-105.0116,1
39.4407386756585,-105.011401544181,39.44073,-105.0116,3
39.4403714226084,-105.011133315748,39.44073,-105.0116,4
39.4403054944276,-105.010453129665,39.44064,-105.0106,3
39.4403950279429,-105.010448381661,39.44064,-105.0106,2
39.4406242101915,-105.010533307704,39.44064,-105.0106,3
39.4403674308908,-105.01076883722,39.44064,-105.0106,5
39.4408201903843,-105.01078488864,39.44064,-105.0106,2
39.4408777237418,-105.010089180218,39.44064,-105.0106,5
39.4404937012467,-105.010759282817,39.44064,-105.0106,2
39.4409103335899,-105.005314197883,39.44047,-105.0051,2
39.4408042205396,-105.005025739949,39.44074,-105.005,1
39.4403487492515,-105.004332886616,39.44074,-105.005,1
39.4406430665303,-105.004657175629,39.44074,-105.005,1
39.4406502159318,-105.005129327875,39.44074,-105.005,2
39.4417391158677,-105.012381104402,39.4415,-105.0122,2
39.4416062492662,-105.011991326025,39.4415,-105.0122,1
39.4413397158172,-105.012464379298,39.4415,-105.0122,4
39.4416313519065,-105.012224086751,39.4415,-105.0122,4
39.441648034536,-105.012231382519,39.4415,-105.0122,2
39.4412580335281,-105.012588741003,39.4415,-105.0122,4
39.4416260861668,-105.012088946688,39.4415,-105.0122,4
39.4416338383185,-105.012652497805,39.4415,-105.0122,1
39.4412280464684,-105.011942506831,39.4415,-105.0122,2
39.4411078751476,-105.011249105387,39.44148,-105.0113,2
39.4416322668646,-105.011722000436,39.44148,-105.0113,3
39.4414235639935,-105.011407249879,39.44148,-105.0113,1
39.4413057871872,-105.011116733727,39.44148,-105.0113,4
39.4411255801906,-105.011297025932,39.44148,-105.0113,5
39.4415734573658,-105.011667469092,39.44148,-105.0113,1
39.4412343428036,-105.011038072652,39.44148,-105.0113,4
39.4412204084121,-105.01153121397,39.44148,-105.0113,5
39.4414874924681,-105.010668051395,39.44113,-105.0109,1
39.4413594587496,-105.010131178441,39.44113,-105.0109,4
39.4413439838748,-105.010417641351,39.44113,-105.0109,5
39.4413279306917,-105.010341129912,39.44113,-105.0109,1
39.4417577925024,-105.010287426611,39.44113,-105.0109,2
39.4414157310842,-105.004509984813,39.44133,-105.0046,5
39.4416188572863,-105.004606733262,39.44133,-105.0046,1
39.4415504378083,-105.004899928399,39.44133,-105.0046,3
39.4413266323196,-105.004123562968,39.44167,-105.0043,3
39.4411754874353,-105.004243604048,39.44167,-105.0043,2
39.4416069036241,-105.003522795047,39.44167,-105.0043,2
39.4411460681827,-105.00396485891,39.44167,-105.0043,1
39.4413684624722,-105.003871802233,39.44167,-105.0043,1
39.4420478390789,-105.012672637686,39.44201,-105.0122,2
39.4420806785781,-105.012263943711,39.44201,-105.0122,3
39.4423781731183,-105.012331041467,39.44201,-105.0122,2
39.4419292707998,-105.012252136064,39.44201,-105.0122,2
39.4419086881569,-105.012546489314,39.44201,-105.0122,5
39.4418253829394,-105.012186496647,39.44201,-105.0122,1
39.4421922735341,-105.012758884858,39.44201,-105.0122,1
39.441961666199,-105.012602432863,39.44201,-105.0122,5
39.4420392925375,-105.012681760322,39.44201,-105.0122,1
39.4420521471812,-105.01091956178,39.4421,-105.0112,3
39.4420267004232,-105.011825841978,39.4421,-105.0112,3
39.4420664768956,-105.011459788066,39.4421,-105.0112,5
39.4420185854458,-105.011298725795,39.4421,-105.0112,4
39.4419746706061,-105.011461341421,39.4421,-105.0112,4
39.4419424211981,-105.011005719004,39.4421,-105.0112,4
39.4424740614836,-105.004221454018,39.44218,-105.0039,4
39.4420465957504,-105.003542696112,39.44218,-105.0039,5
39.4424356845084,-105.003971940398,39.44218,-105.0039,3
39.4418523751706,-105.004192348198,39.44218,-105.0039,2
39.4423147012092,-105.003511873387,39.44218,-105.0039,2
39.4420547102013,-105.003569306584,39.44218,-105.0039,2
39.4423543216675,-105.003237949036,39.4424,-105.0025,1
39.4423548041243,-105.003126417684,39.4424,-105.0025,3
39.4422093903705,-105.002526379072,39.4424,-105.0025,4
39.4422521275021,-105.003050257949,39.4424,-105.0025,5
39.442265816827,-105.002620322874,39.4424,-105.0025,1
39.4420287296555,-105.002347705883,39.44213,-105.0022,5
39.4421827044622,-105.002094360159,39.44213,-105.0022,4
39.4424485194681,-105.001724695879,39.44213,-105.0022,1
39.4418042575248,-105.00181875523,39.44213,-105.0022,3
39.442526826728,-105.011314666093,39.44279,-105.0109,1
39.4427963115028,-105.011639840532,39.44279,-105.0109,2
39.443057172393,-105.011356133363,39.44279,-105.0109,2
39.4428242145328,-105.01134761182,39.44279,-105.0109,3
39.4432355377198,-105.011324985842,39.44279,-105.0109,4
39.4431833590055,-105.01028037846,39.44292,-105.0109,4
39.442529704761,-105.010242139637,39.44292,-105.0109,2
39.4431927152897,-105.010227076188,39.44292,-105.0109,2
39.4431849667468,-105.009976495743,39.44292,-105.0109,3
39.4425546263395,-105.01014026634,39.44292,-105.0109,4
39.4432287489855,-105.010279203515,39.44292,-105.0109,3
39.4427154349711,-105.010451217698,39.44292,-105.0109,2
39.4430458465354,-105.010203642823,39.44292,-105.0109,1
39.442898066579,-105.010321174585,39.44292,-105.0109,3
39.4427637385631,-105.00395742939,39.44278,-105.0035,2
39.4431610359625,-105.003871602721,39.44278,-105.0035,3
39.443160249297,-105.003843351157,39.44278,-105.0035,5
39.443127954802,-105.004182757801,39.44278,-105.0035,4
39.4431802069978,-105.003431076558,39.44278,-105.0035,2
39.4432345364948,-105.003473562298,39.44278,-105.0035,3
39.4428410335032,-105.003813834282,39.44278,-105.0035,2
39.4431096377271,-105.003780677179,39.44278,-105.0035,1
39.4430465775287,-105.002767866236,39.4427,-105.003,4
39.442528168949,-105.003256765203,39.4427,-105.003,2
39.4430033580072,-105.002442635201,39.4427,-105.003,5
39.4425405048058,-105.002816536452,39.4427,-105.003,1
39.442661790882,-105.002827019257,39.4427,-105.003,2
39.4426237083429,-105.002701634341,39.4427,-105.003,2
39.4435140213134,-105.011255982304,39.44373,-105.0108,3
39.4438773677666,-105.01107577353,39.44373,-105.0108,4
39.443260206681,-105.011263301535,39.44373,-105.0108,3
39.4439012869239,-105.011085866677,39.44373,-105.0108,5
39.4438929299374,-105.011789687057,39.44373,-105.0108,3
39.4436759669296,-105.011848558304,39.44373,-105.0108,4
39.4434458067011,-105.01153232744,39.44373,-105.0108,5
39.4434882824043,-105.010614924969,39.44361,-105.0108,3
39.4439012338056,-105.010085565711,39.44361,-105.0108,4
39.4438259423554,-105.010588920628,39.44361,-105.0108,4
39.4433248639502,-105.010180805877,39.44361,-105.0108,5
39.4437059914188,-105.010783024832,39.44361,-105.0108,3
39.443812639079,-105.010400759127,39.44361,-105.0108,5
39.4435790517517,-105.010092801902,39.44361,-105.0108,3
39.4433393623635,-105.010911068448,39.44361,-105.0108,2
39.4435952147091,-105.010179405824,39.44361,-105.0108,5
39.4436327120782,-105.010765668657,39.44361,-105.0108,2
39.4434848083029,-105.010329402974,39.44361,-105.0108,1
39.4438497557551,-105.003202296082,39.44365,-105.003,5
39.4434909734738,-105.002932487033,39.44365,-105.003,1
39.4435703939697,-105.002857847199,39.44365,-105.003,5
39.4434677967943,-105.003135996326,39.44365,-105.003,4
39.4439281972252,-105.002695127941,39.44365,-105.003,1
39.4434106752012,-104.995694871227,39.44357,-104.9958,1
39.4433894887294,-104.995328385863,39.44357,-104.9958,1
39.4444879924389,-105.011099710147,39.44395,-105.0113,4
39.4439955260396,-105.011070223777,39.44395,-105.0113,5
39.4443108913509,-105.010934777852,39.44395,-105.0113,5
39.4439796014559,-105.011173246146,39.44395,-105.0113,5
39.4444718494977,-105.011325828332,39.44395,-105.0113,2
39.4441787762514,-105.011271015265,39.44395,-105.0113,3
39.4441855316578,-105.011197309545,39.44395,-105.0113,4
39.4442126626929,-105.011835343468,39.44395,-105.0113,4
39.4441992459345,-105.003202726916,39.44427,-105.0026,3
39.4440169317771,-105.001683855153,39.44449,-105.0025,1
39.44407101026,-105.002114143243,39.44449,-105.0025,2
39.4446569282635,-104.996485513619,39.44436,-104.9959,1
39.4445458425154,-104.995837779831,39.44436,-104.9959,1
39.44454074103,-104.995747167032,39.4443,-104.9959,2
39.4451402788582,-105.066886652762,39.44506,-105.0671,2
39.4448639254982,-105.003134733053,39.44511,-105.0025,1
39.4448267621694,-105.002413208256,39.44511,-105.0025,1
39.4448463267318,-105.001818516637,39.44503,-105.0025,2
39.4453425037918,-105.001123130419,39.44549,-105.0009,3
39.4448372524379,-104.996542264603,39.44487,-104.9958,2
39.4447354098176,-104.994943635644,39.44521,-104.9955,1
39.4450918435389,-104.995173091703,39.44521,-104.9955,1
39.4448737258052,-104.993090374327,39.44543,-104.9934,2
39.4458736194984,-105.067581180098,39.44578,-105.0673,2
39.4456192391838,-105.002487395177,39.44583,-105.0026,2
39.4455933025462,-105.001692219207,39.44583,-105.0019,2
39.4460338518523,-105.001024775565,39.44553,-105.0011,3
39.4458701380346,-104.999765176379,39.44588,-105.0005,1
39.4459410284202,-104.999889268032,39.44588,-105.0005,1
39.4460832263731,-104.995193704805,39.4455,-104.9951,2
39.4459831359996,-104.99454216883,39.4456,-104.9944,2
39.4457555067498,-104.993338951134,39.44547,-104.9936,2
39.4462736010737,-105.067180451325,39.4465,-105.0674,2
39.4467183921142,-105.020376904632,39.44641,-105.0211,1
39.4465684386514,-105.020454322598,39.44641,-105.0211,2
39.4466869785996,-105.020835372004,39.44641,-105.0211,1
39.4473248059096,-105.068044439571,39.44741,-105.0679,2
39.447154101195,-105.066955333575,39.44709,-105.0676,4
39.4473401750372,-105.067616159084,39.44709,-105.0676,1
39.4475183302295,-105.024164844038,39.44726,-105.0252,1
39.4470653788772,-105.024194873731,39.44726,-105.0252,3
39.4481786405253,-105.068522289087,39.44772,-105.0684,2
39.4507947950347,-105.056974286248,39.45127,-105.0568,3
39.4514695508216,-105.060065924781,39.45208,-105.0593,4
39.4515233573774,-105.058991347723,39.45176,-105.0586,1
39.4514558359294,-105.059057052902,39.45176,-105.0586,3
39.4513977723545,-105.05721307884,39.45128,-105.0567,3
39.4513136589117,-105.055367281601,39.4517,-105.056,3
39.4520243639246,-105.059721166912,39.45239,-105.0596,2
39.4524174266704,-105.059872193547,39.45239,-105.0596,2
39.4520569215993,-105.0583975448,39.45196,-105.059,3
39.4529438266606,-105.072072664583,39.45311,-105.0719,1
39.4532353387694,-105.071783147753,39.45311,-105.0719,1
39.4530268635699,-105.071245124267,39.4531,-105.0711,1
39.4531577878295,-105.071319337858,39.4531,-105.0711,1
39.4529686644489,-105.068027536091,39.45354,-105.068,2
39.4534431484678,-105.067616865153,39.45334,-105.0671,2
39.4530489449302,-105.066505577068,39.45316,-105.0662,2
39.4534568699077,-105.059279708486,39.45312,-105.0596,3
39.4537535149659,-105.072052135984,39.45383,-105.0724,1
39.4535263881202,-105.071565317072,39.45383,-105.0724,1
39.4536531607156,-105.071442997724,39.45357,-105.0708,2
39.4537508077037,-105.069680425508,39.45381,-105.07,2
39.4538197879812,-105.060045392371,39.45385,-105.0596,2
39.4544968854403,-105.05940211928,39.4546,-105.0595,2
39.4563200287554,-105.061422450607,39.45605,-105.0615,2
39.456498782815,-105.068679572622,39.45724,-105.069,2
39.4575843675673,-105.069379488361,39.45732,-105.0692,1
39.4575673433363,-105.069160626438,39.45732,-105.0692,1
39.4713769493466,-105.041812052749,39.47162,-105.0413,2
39.4722438362752,-105.042063183798,39.47217,-105.0415,2
39.4799796330178,-105.079233767081,39.4805,-105.0797,2
39.4799667463195,-105.079422914154,39.4805,-105.0797,2
39.4812845829001,-105.084012674868,39.48136,-105.0841,2
39.4813302661481,-105.084014376755,39.48136,-105.0841,1
39.4809598754158,-105.082987433744,39.48097,-105.0831,3
39.4806709073046,-105.082577478242,39.48097,-105.0821,1
39.4807085076588,-105.082146508914,39.48097,-105.0821,2
39.4812446706186,-105.081462343444,39.48097,-105.0813,2
39.481030183381,-105.081700969328,39.48097,-105.0813,1
39.4809875976735,-105.080405362949,39.48097,-105.0803,4
39.4813197079884,-105.079559775541,39.48057,-105.0796,5
39.4811856148158,-105.077546357563,39.48094,-105.0774,5
39.4811440195843,-105.078093177179,39.48094,-105.0774,2
39.4811725015407,-105.077955200994,39.48094,-105.0774,5
39.4806818812496,-105.076966299309,39.48078,-105.0767,2
39.4806678353042,-105.076591927171,39.48078,-105.0767,1
39.4809305312605,-105.076571770223,39.48078,-105.0767,3
39.4818188134451,-105.084201918447,39.48137,-105.0841,1
39.4814981681359,-105.084157368711,39.48137,-105.0841,2
39.4815487155847,-105.08381782606,39.48137,-105.0841,2
39.4817803641959,-105.084702216161,39.48137,-105.0841,3
39.4817196814029,-105.08417595195,39.48137,-105.0841,1
39.4814142533679,-105.084294042505,39.48137,-105.0841,3
39.4815973526251,-105.084473671762,39.48137,-105.0841,2
39.4816064708521,-105.084180672354,39.48137,-105.0841,2
39.4814190970468,-105.083890332167,39.48137,-105.0841,2
39.4820304041515,-105.08322546542,39.4817,-105.0831,4
39.4819604908259,-105.08369694121,39.4817,-105.0831,4
39.4817871154401,-105.083612985106,39.4817,-105.0831,1
39.4814747864409,-105.083341005729,39.4817,-105.0831,4
39.4814670353326,-105.082365403042,39.4814,-105.0821,3
39.481489199864,-105.082690972204,39.4814,-105.0821,2
39.481463676274,-105.082455295625,39.4814,-105.0821,3
39.4813460886536,-105.082359130863,39.4814,-105.0821,3
39.4814537720855,-105.082298901629,39.4814,-105.0821,1
39.4813769618639,-105.081134359139,39.48146,-105.0814,2
39.4816128930866,-105.08170308472,39.48146,-105.0814,5
39.4817696546964,-105.081316783473,39.48146,-105.0814,5
39.481426270854,-105.080840516301,39.48148,-105.0804,2
39.4814482837826,-105.080554667145,39.48148,-105.0804,3
39.4813777495681,-105.080571277252,39.48148,-105.0804,1
39.4817700047182,-105.080724574376,39.48148,-105.0804,4
39.4814630969578,-105.080307047347,39.48148,-105.0804,1
39.4817092994868,-105.079644341401,39.48141,-105.0797,1
39.482055897265,-105.079429246223,39.48141,-105.0797,1
39.4819146257261,-105.079968847981,39.48141,-105.0797,4
39.4820622666298,-105.079281221324,39.48141,-105.0797,5
39.4820183329225,-105.078446639317,39.48141,-105.0781,2
39.4818025481049,-105.078781175784,39.48141,-105.0781,5
39.4817293136825,-105.078657642416,39.48141,-105.0781,3
39.4814187063066,-105.079040575603,39.48141,-105.0781,1
39.4819048729634,-105.078786642022,39.48141,-105.0781,1
39.4814871471219,-105.077394075247,39.48147,-105.0777,2
39.4818577195626,-105.077384820386,39.48147,-105.0777,4
39.4816734078613,-105.077279770417,39.48147,-105.0777,3
39.4815093766495,-105.077649828477,39.48147,-105.0777,4
39.481421273455,-105.076777591929,39.48151,-105.0767,1
39.4817605039448,-105.076321126407,39.48151,-105.0767,4
39.4816195063812,-105.076440561478,39.48151,-105.0767,3
39.4817740464997,-105.076238970704,39.48151,-105.0767,1
39.4816233499026,-105.076522548325,39.48151,-105.0767,4
39.4819235496169,-105.075513353477,39.48143,-105.0759,3
39.4818781486163,-105.076116127013,39.48143,-105.0759,4
39.4815961991504,-105.0759682064,39.48143,-105.0759,4
39.481703213121,-105.073568038189,39.4817,-105.0733,3
39.4817360527549,-105.074197763369,39.4817,-105.0733,5
39.4817963468113,-105.073794735796,39.4817,-105.0733,1
39.4823570599322,-105.083775753657,39.48222,-105.0842,2
39.4825017841533,-105.084532334901,39.48222,-105.0842,5
39.4824627637,-105.084485575514,39.48222,-105.0842,3
39.4821251565319,-105.084392672322,39.48222,-105.0842,1
39.4822246057619,-105.083949257682,39.48222,-105.0842,2
39.4822172591144,-105.084689453063,39.48222,-105.0842,4
39.4825636744443,-105.084034388756,39.48222,-105.0842,1
39.4823490931396,-105.083466464876,39.48227,-105.0833,1
39.4822232672774,-105.083345430177,39.48227,-105.0833,2
39.482319836907,-105.082984304324,39.48227,-105.0833,3
39.4826692221237,-105.083590906568,39.48227,-105.0833,2
39.4824198959414,-105.082981164552,39.48227,-105.0833,3
39.4827893109474,-105.083465368906,39.48227,-105.0833,1
39.4826522432438,-105.083659207946,39.48227,-105.0833,1
39.4824377340716,-105.0819014435,39.48232,-105.0824,4
39.4827811886481,-105.081951165987,39.48232,-105.0824,3
39.4821331735486,-105.082563668522,39.48232,-105.0824,4
39.4826708475496,-105.082512621648,39.48232,-105.0824,1
39.4825576071347,-105.081118899292,39.48233,-105.0814,5
39.4825629187944,-105.081673340629,39.48233,-105.0814,2
39.4826161678362,-105.081871760889,39.48233,-105.0814,3
39.4823726792008,-105.08152152341,39.48233,-105.0814,1
39.4821807589431,-105.081695982668,39.48233,-105.0814,1
39.4822323969116,-105.08026809323,39.48235,-105.0805,2
39.482715198256,-105.080365350398,39.48235,-105.0805,5
39.482667676431,-105.080519543156,39.48235,-105.0805,4
39.4823306528884,-105.07955436218,39.48244,-105.0801,5
39.4823384616837,-105.079891291874,39.48244,-105.0801,1
39.4820812575022,-105.079158981528,39.48244,-105.0801,3
39.4827568452492,-105.079612705581,39.48244,-105.0801,2
39.482732243163,-105.078742742444,39.48282,-105.0782,2
39.4825754975857,-105.078926621837,39.48282,-105.0782,4
39.4822738567216,-105.078296852148,39.48282,-105.0782,4
39.4826458603055,-105.078393421036,39.48282,-105.0782,2
39.4821548593173,-105.077735320177,39.4827,-105.0776,2
39.4821192019213,-105.077890965921,39.4827,-105.0776,4
39.4825700020281,-105.07732324895,39.4827,-105.0776,5
39.4825927966887,-105.0778631595,39.4827,-105.0776,2
39.4824418250664,-105.076791041233,39.48284,-105.077,2
39.4826574749635,-105.076773250238,39.48284,-105.077,1
39.4827562699553,-105.076946897372,39.48284,-105.077,4
39.4821382456451,-105.076954138024,39.48284,-105.077,2
39.4827344760086,-105.076976280343,39.48284,-105.077,4
39.4824736450659,-105.07618050132,39.48266,-105.0757,4
39.4826437550904,-105.075792107254,39.48266,-105.0757,4
39.4826533919546,-105.076057357461,39.48266,-105.0757,3
39.4826578597609,-105.074535524288,39.48266,-105.075,2
39.4821599551241,-105.074942067343,39.48266,-105.075,3
39.4824560854411,-105.07464608247,39.48266,-105.075,3
39.482647037636,-105.073551187601,39.48277,-105.0738,5
39.4826408041114,-105.073926460029,39.48277,-105.0738,2
39.4827971618409,-105.074040805721,39.48277,-105.0738,1
39.4826142177964,-105.074185642146,39.48277,-105.0738,1
39.4830008860039,-105.085003876101,39.48322,-105.085,4
39.4828015898625,-105.085224775933,39.48322,-105.085,3
39.4835034752432,-105.084750867493,39.48322,-105.085,1
39.4830914956178,-105.085338383313,39.48322,-105.085,2
39.4832427974835,-105.084968831474,39.48322,-105.085,3
39.4828725549552,-105.085229221648,39.48322,-105.085,2
39.4833035699788,-105.085398413432,39.48322,-105.085,1
39.4834673935632,-105.085521647561,39.48322,-105.085,4
39.4829101339068,-105.08398889684,39.483,-105.0842,4
39.4828169944577,-105.083971459368,39.483,-105.0842,3
39.4832207838658,-105.084669518,39.483,-105.0842,5
39.4833767082321,-105.084623352917,39.483,-105.0842,5
39.4830063598167,-105.084196716069,39.483,-105.0842,3
39.4831846862745,-105.08312812324,39.48317,-105.0831,1
39.4831320947508,-105.083741747216,39.48317,-105.0831,1
39.4830213758322,-105.08368089285,39.48317,-105.0831,5
39.48314392603,-105.083504123983,39.48317,-105.0831,5
39.4830640464892,-105.082872427016,39.48317,-105.0831,4
39.4828269835887,-105.083686527257,39.48317,-105.0831,5
39.4828932085345,-105.08289752219,39.48317,-105.0831,1
39.4835202730374,-105.083136736979,39.48317,-105.0831,1
39.4830844606365,-105.08291008023,39.48317,-105.0831,5
39.4832497834215,-105.083544647797,39.48317,-105.0831,3
39.4830382146973,-105.083600847211,39.48317,-105.0831,1
39.4828359911112,-105.083361237038,39.48317,-105.0831,1
39.4828788680242,-105.082459343622,39.48317,-105.0822,2
39.4832470827157,-105.082318568014,39.48317,-105.0822,5
39.4831431068103,-105.082128493481,39.48317,-105.0822,3
39.4835251911295,-105.082574330651,39.48317,-105.0822,1
39.4831494394199,-105.082257961953,39.48317,-105.0822,3
39.4835066382199,-105.080976673619,39.48306,-105.0811,5
39.4831962169363,-105.081038867808,39.48306,-105.0811,3
39.4829326867695,-105.081758156118,39.48306,-105.0811,1
39.4831402022373,-105.081640089673,39.48306,-105.0811,2
39.48309512036,-105.081704527288,39.48306,-105.0811,3
39.4829735370397,-105.080783881545,39.48336,-105.0808,5
39.4829379422407,-105.080173350202,39.48336,-105.0808,2
39.4832169623993,-105.080102099601,39.48336,-105.0808,1
39.4832092676553,-105.080697479644,39.48336,-105.0808,3
39.4831277649182,-105.078181397468,39.4832,-105.0785,3
39.4828756732723,-105.078937635629,39.4832,-105.0785,1
39.4833690146838,-105.078101235927,39.4832,-105.0785,4
39.4830467847307,-105.078960089644,39.4832,-105.0785,3
39.4835071072496,-105.078122014919,39.4832,-105.0785,5
39.4831038764503,-105.078124769228,39.4832,-105.0785,1
39.4829822575738,-105.077679463009,39.48358,-105.0776,1
39.4830374213343,-105.077154530016,39.48358,-105.0776,4
39.4833642925505,-105.077904456137,39.48358,-105.0776,2
39.4831019103435,-105.077705320547,39.48358,-105.0776,2
39.4833224512421,-105.07759575714,39.48358,-105.0776,5
39.4833379222787,-105.07726919417,39.48358,-105.0776,1
39.4834987402993,-105.077924756984,39.48358,-105.0776,1
39.4833540422043,-105.077579482514,39.48358,-105.0776,1
39.48342835325,-105.076909020858,39.48319,-105.0767,2
39.4831537971079,-105.076951992367,39.48319,-105.0767,4
39.4832521702867,-105.076745384525,39.48319,-105.0767,2
39.4829674996333,-105.076960170335,39.48319,-105.0767,2
39.4832134554767,-105.076872278662,39.48319,-105.0767,5
39.4835359048629,-105.076943187599,39.48319,-105.0767,2
39.4830660385159,-105.075983839016,39.48317,-105.0759,5
39.4833927917104,-105.07555844258,39.48317,-105.0759,4
39.4828660057747,-105.075949984461,39.48317,-105.0759,3
39.4829706236628,-105.075972987977,39.48317,-105.0759,4
39.4828767656534,-105.076027692936,39.48317,-105.0759,1
39.4832553050439,-105.07516625452,39.48314,-105.0748,4
39.4829161302255,-105.074328054414,39.48314,-105.0748,5
39.4833424967209,-105.075160697368,39.48314,-105.0748,1
39.4833984847512,-105.074945009379,39.48314,-105.0748,4
39.483034807998,-105.075068288474,39.48314,-105.0748,1
39.4829028940362,-105.073499389458,39.48313,-105.0738,3
39.4829656947919,-105.07340290303,39.48313,-105.0738,2
39.4835312857788,-105.074283939592,39.48313,-105.0738,3
39.4835159328683,-105.073587257073,39.48313,-105.0738,1
39.4829850618746,-105.074075992681,39.48313,-105.0738,1
39.4832474259724,-105.073828424036,39.48313,-105.0738,5
39.4829224764264,-105.074030011882,39.48313,-105.0738,2
39.4830666104851,-105.073541469288,39.48313,-105.0738,2
39.4840283261125,-105.095833992621,39.48355,-105.0951,3
39.4836447092393,-105.094475919215,39.48384,-105.0946,2
39.4840766993652,-105.084949024021,39.48389,-105.0852,5
39.48361386534,-105.085634279574,39.48389,-105.0852,3
39.4837513800805,-105.085461991461,39.48389,-105.0852,3
39.483737894348,-105.085260488078,39.48389,-105.0852,3
39.4841979196289,-105.085091059052,39.48389,-105.0852,3
39.4837491763524,-105.084636354254,39.48376,-105.0843,5
39.4835424099413,-105.08415194391,39.48376,-105.0843,3
39.4839038639175,-105.084483062375,39.48376,-105.0843,5
39.4837470564135,-105.084578236508,39.48376,-105.0843,2
39.4836744138102,-105.083945733711,39.48376,-105.0843,1
39.484119074564,-105.084712976095,39.48376,-105.0843,3
39.4838616945284,-105.083582339869,39.48377,-105.0833,4
39.4840307265358,-105.083763934164,39.48377,-105.0833,2
39.4842053764459,-105.083124368914,39.48377,-105.0833,3
39.4840348006897,-105.083253634746,39.48377,-105.0833,4
39.4837208104851,-105.083008738755,39.48377,-105.0833,3
39.4838848304501,-105.082943669909,39.48377,-105.0833,1
39.4837224672597,-105.083201258195,39.48377,-105.0833,1
39.4840809658768,-105.083219450194,39.48377,-105.0833,2
39.4835542842458,-105.083501663039,39.48377,-105.0833,2
39.4839984156216,-105.08350439864,39.48377,-105.0833,1
39.4838156547746,-105.083226503731,39.48377,-105.0833,2
39.4836455469415,-105.083310561498,39.48377,-105.0833,2
39.4841726184593,-105.083741524487,39.48377,-105.0833,5
39.4842051227821,-105.08342341217,39.48377,-105.0833,2
39.4838104835964,-105.082694280094,39.48369,-105.082,2
39.4840527679422,-105.082546516695,39.48369,-105.082,5
39.4836404341175,-105.082566906174,39.48369,-105.082,5
39.4836054898118,-105.082354766314,39.48369,-105.082,2
39.4840024453152,-105.081173370754,39.48397,-105.0815,2
39.4841532046325,-105.081439681269,39.48397,-105.0815,1
39.4835463801944,-105.081630373279,39.48397,-105.0815,3
39.4837532165032,-105.081660977366,39.48397,-105.0815,1
39.4842360387266,-105.081106720766,39.48397,-105.0815,5
39.4840054758839,-105.081068400364,39.48397,-105.0815,1
39.4839331035441,-105.081109122361,39.48397,-105.0815,1
39.483961175791,-105.080697244384,39.48369,-105.0809,4
39.4837065317996,-105.080621483422,39.48369,-105.0809,3
39.4841842104789,-105.080033165411,39.48369,-105.0809,4
39.4837808759473,-105.078130617204,39.48388,-105.0788,3
39.4842500726286,-105.078763071659,39.48388,-105.0788,1
39.4839941264887,-105.078712853398,39.48388,-105.0788,3
39.4841208686059,-105.078781854442,39.48388,-105.0788,1
39.4840744504416,-105.078934322983,39.48388,-105.0788,2
39.4842035806614,-105.078774663958,39.48388,-105.0788,3
39.4839844202878,-105.077574543323,39.48387,-105.0774,1
39.48395292981,-105.077532281421,39.48387,-105.0774,3
39.4837393257403,-105.077240812508,39.48387,-105.0774,4
39.4837493851791,-105.077406457852,39.48387,-105.0774,3
39.4840910037336,-105.07734721484,39.48387,-105.0774,3
39.4840483036408,-105.07809683477,39.48387,-105.0774,1
39.4839966246903,-105.076343655257,39.48385,-105.0765,4
39.4840294476594,-105.076619920054,39.48385,-105.0765,5
39.4842130239167,-105.076710857411,39.48385,-105.0765,5
39.483995123528,-105.076812880194,39.48385,-105.0765,4
39.4841572189859,-105.075598816434,39.48391,-105.0757,4
39.4841108802306,-105.075603751032,39.48391,-105.0757,3
39.4838344356905,-105.075292737788,39.48391,-105.0757,2
39.4835582201763,-105.075804906417,39.48391,-105.0757,3
39.4835866271177,-105.075979466625,39.48391,-105.0757,1
39.4839252693448,-105.075423588151,39.48391,-105.0757,3
39.4838492586726,-105.0754564283,39.48391,-105.0757,1
39.4838800716723,-105.075270136019,39.48391,-105.0757,1
39.4840061177681,-105.075056398422,39.48386,-105.0748,1
39.4842566924438,-105.075025477527,39.48386,-105.0748,2
39.4838227246898,-105.07447424922,39.48386,-105.0748,4
39.4837650074322,-105.07433246541,39.48386,-105.0748,1
39.4837723915236,-105.075132919485,39.48386,-105.0748,5
39.4842378522818,-105.074672366751,39.48386,-105.0748,3
39.4837703786684,-105.073529468713,39.48386,-105.0738,1
39.4841491067764,-105.073810682297,39.48386,-105.0738,5
39.4841315072062,-105.073967694503,39.48386,-105.0738,1
39.4835438011603,-105.073504582895,39.48386,-105.0738,1
39.4841330153688,-105.074126250379,39.48386,-105.0738,4
39.4835425795344,-105.073721271439,39.48386,-105.0738,3
39.4842659571986,-105.073813021146,39.48386,-105.0738,1
39.4835699734298,-105.073773849298,39.48386,-105.0738,3
39.4842254380201,-105.074272289536,39.48386,-105.0738,3
39.4839158904354,-105.073434706641,39.48386,-105.0738,3
39.4841584167543,-105.073459467078,39.48386,-105.0738,1
39.4836063667726,-105.073964927059,39.48386,-105.0738,4
39.4846857632955,-105.094195486719,39.48445,-105.0945,2
39.484569913124,-105.086101068593,39.48476,-105.0856,1
39.4846455205136,-105.086475847354,39.48476,-105.0856,5
39.4843769293236,-105.085808975922,39.48476,-105.0856,2
39.4845074391146,-105.085726705697,39.48476,-105.0856,3
39.4847191561407,-105.086179269364,39.48476,-105.0856,4
39.4849142332625,-105.084934330534,39.48457,-105.0855,4
39.4846281244604,-105.085518140274,39.48457,-105.0855,2
39.4846139536931,-105.085201067711,39.48457,-105.0855,2
39.484948696011,-105.08512058837,39.48457,-105.0855,1
39.4849587945397,-105.084735572978,39.48457,-105.0855,3
39.4849154314808,-105.084652697112,39.4845,-105.0843,3
39.4848638708331,-105.084343721422,39.4845,-105.0843,3
39.4843517127712,-105.084289533092,39.4845,-105.0843,2
39.4843058735534,-105.083927417332,39.4845,-105.0843,2
39.4849220239219,-105.084546683555,39.4845,-105.0843,4
39.4843377574974,-105.08300565841,39.48452,-105.0833,5
39.4848572678286,-105.083351870804,39.48452,-105.0833,4
39.4848311420945,-105.083506865823,39.48452,-105.0833,1
39.4849360550177,-105.0830008121,39.48452,-105.0833,2
39.4849740624712,-105.083457301678,39.48452,-105.0833,1
39.4843854665869,-105.083318503311,39.48452,-105.0833,1
39.4846063164706,-105.082032374309,39.48451,-105.0822,3
39.4845799388523,-105.082144658269,39.48451,-105.0822,3
39.484877920216,-105.081944942142,39.48451,-105.0822,4
39.4847088821641,-105.081910378493,39.48451,-105.0822,3
39.484909040417,-105.082357415318,39.48451,-105.0822,1
39.4847415675163,-105.082328475885,39.48451,-105.0822,4
39.4848702988785,-105.081981472217,39.48451,-105.0822,3
39.4846029079044,-105.082236419429,39.48451,-105.0822,3
39.484619774376,-105.081240923797,39.4845,-105.0816,5
39.4844843051661,-105.081148423395,39.4845,-105.0816,3
39.4846323371821,-105.081476114444,39.4845,-105.0816,3
39.4848130327204,-105.081625441554,39.4845,-105.0816,2
39.4844739504426,-105.081674642418,39.4845,-105.0816,1
39.4845402812261,-105.081549073487,39.4845,-105.0816,3
39.4849047900749,-105.081861156103,39.4845,-105.0816,3
39.4848524318936,-105.081454265196,39.4845,-105.0816,3
39.4845698322311,-105.081675800379,39.4845,-105.0816,1
39.4848239514495,-105.078797978452,39.48466,-105.0786,3
39.484377191922,-105.078306863688,39.48466,-105.0786,3
39.4847733478086,-105.078445017821,39.48466,-105.0786,1
39.484853469121,-105.077882079384,39.48492,-105.0774,2
39.4845302780592,-105.077857209342,39.48492,-105.0774,2
39.4844967106369,-105.077915149523,39.48492,-105.0774,5
39.4845488434724,-105.07803448882,39.48492,-105.0774,2
39.4849338862431,-105.077857060664,39.48492,-105.0774,4
39.4846474605603,-105.076259307477,39.48453,-105.0768,4
39.4843314475163,-105.07635561421,39.48453,-105.0768,3
39.4843180420707,-105.077143262934,39.48453,-105.0768,2
39.4845790529362,-105.076404449137,39.48453,-105.0768,1
39.4850036115451,-105.076469118131,39.48453,-105.0768,5
39.4848561704169,-105.077013110631,39.48453,-105.0768,3
39.4843752130042,-105.075857325342,39.48472,-105.076,5
39.4847208633121,-105.075988287521,39.48472,-105.076,5
39.484713065982,-105.076110568536,39.48472,-105.076,3
39.484523552019,-105.075342742429,39.48472,-105.076,3
39.4844012839669,-105.076125142452,39.48472,-105.076,2
39.4845885510773,-105.075136367581,39.48466,-105.0748,5
39.4849784039402,-105.074574960747,39.48466,-105.0748,3
39.4849879241688,-105.075003047697,39.48466,-105.0748,2
39.4842748249649,-105.075102066999,39.48466,-105.0748,3
39.4847349938728,-105.074468039283,39.48466,-105.0748,1
39.4843895183777,-105.075073594145,39.48466,-105.0748,4
39.4847660145712,-105.073419392729,39.48458,-105.0738,2
39.4848924273152,-105.073423934827,39.48458,-105.0738,3
39.484955906519,-105.073453617589,39.48458,-105.0738,2
39.4849518266917,-105.073616134228,39.48458,-105.0738,2
39.4849018452846,-105.073475580524,39.48458,-105.0738,2
39.4846487953081,-105.073527926163,39.48458,-105.0738,4
39.4843405680732,-105.073851172862,39.48458,-105.0738,2
39.4853275487092,-105.094395029994,39.4854,-105.0947,1
39.4852823635995,-105.094514845777,39.4854,-105.0947,4
39.4851612357168,-105.094212992964,39.4854,-105.0947,2
39.4855985152502,-105.086125928126,39.48544,-105.0859,4
39.4852393515038,-105.08610743638,39.48544,-105.0859,3
39.4854413824577,-105.086050456406,39.48544,-105.0859,3
39.4850449741987,-105.086510614426,39.48544,-105.0859,4
39.4854292295616,-105.086437084166,39.48544,-105.0859,1
39.4850042653508,-105.085531628547,39.48518,-105.0851,5
39.4855186695607,-105.085558636254,39.48518,-105.0851,1
39.4851529666973,-105.0856060192,39.48518,-105.0851,3
39.4856511771345,-105.084829585128,39.48518,-105.0851,1
39.4855875447079,-105.085085526299,39.48518,-105.0851,2
39.485124489973,-105.084307096572,39.48528,-105.0842,5
39.4853728988241,-105.084374863998,39.48528,-105.0842,3
39.4854914944689,-105.084559802624,39.48528,-105.0842,4
39.4853591235871,-105.083777984388,39.48539,-105.0832,3
39.4857086141089,-105.082943417138,39.48539,-105.0832,1
39.4850879732277,-105.083375382612,39.48539,-105.0832,2
39.4855078895872,-105.083451844361,39.48539,-105.0832,3
39.4855625229061,-105.083699205526,39.48539,-105.0832,5
39.4855100938473,-105.083442156141,39.48539,-105.0832,5
39.4856313212412,-105.083127728651,39.48539,-105.0832,5
39.4851611391041,-105.082812048502,39.4852,-105.0825,4
39.4856305196279,-105.08254179698,39.4852,-105.0825,5
39.4854752785747,-105.082014165461,39.4852,-105.0825,5
39.4856091491318,-105.082632804209,39.4852,-105.0825,3
39.4851530513554,-105.082356035302,39.4852,-105.0825,4
39.4850672735595,-105.082054045899,39.4852,-105.0825,1
39.485295028018,-105.082633543516,39.4852,-105.0825,1
39.4854808315332,-105.082826533252,39.4852,-105.0825,1
39.4852959839666,-105.078914043922,39.48527,-105.0783,2
39.4852066209432,-105.078121387616,39.48527,-105.0783,5
39.4856219171277,-105.07829772087,39.48527,-105.0783,1
39.4853475764902,-105.078689656457,39.48527,-105.0783,2
39.4854868076373,-105.078418114063,39.48527,-105.0783,2
39.4851909201865,-105.078509752939,39.48527,-105.0783,3
39.4853570086568,-105.078385077364,39.48527,-105.0783,1
39.4851974890492,-105.078805519421,39.48527,-105.0783,5
39.4856440945044,-105.078906411181,39.48527,-105.0783,3
39.4854810046167,-105.078480682036,39.48527,-105.0783,5
39.4856815372269,-105.078829902298,39.48527,-105.0783,2
39.4850567842891,-105.077276657117,39.48511,-105.0778,2
39.4853896298478,-105.077693194126,39.48511,-105.0778,1
39.4850269352351,-105.077219404642,39.48511,-105.0778,4
39.4856148270782,-105.077867128519,39.48511,-105.0778,5
39.4852553498661,-105.077218579917,39.48511,-105.0778,5
39.4855985080116,-105.077158443022,39.48511,-105.0778,2
39.4853455753495,-105.077543338769,39.48511,-105.0778,4
39.485080089918,-105.077340719123,39.48511,-105.0778,2
39.4856392622643,-105.077968864537,39.48511,-105.0778,3
39.4856562862804,-105.077210554801,39.48511,-105.0778,2
39.4854046581989,-105.077948594782,39.48511,-105.0778,1
39.4856099236299,-105.076766285463,39.48541,-105.0766,2
39.4851655185538,-105.076454966095,39.48541,-105.0766,1
39.4852635198786,-105.076356392315,39.48541,-105.0766,5
39.4852240509895,-105.076380203396,39.48541,-105.0766,3
39.4852034406569,-105.0766028441,39.48541,-105.0766,5
39.485155366664,-105.076831835843,39.48541,-105.0766,5
39.4850426128003,-105.076712786778,39.48541,-105.0766,1
39.4853557707417,-105.076999814992,39.48541,-105.0766,5
39.4854102550411,-105.076834298694,39.48541,-105.0766,3
39.4856602229445,-105.076697256799,39.48541,-105.0766,1
39.48563154027,-105.076847094099,39.48541,-105.0766,1
39.4855161403786,-105.076872296759,39.48541,-105.0766,2
39.4851289790134,-105.076729488375,39.48541,-105.0766,1
39.4853993391459,-105.076115730006,39.48553,-105.0756,2
39.4851878083426,-105.075883736459,39.48553,-105.0756,4
39.4856388134647,-105.075608791539,39.48553,-105.0756,1
39.4852099205644,-105.075746705087,39.48553,-105.0756,5
39.4856941636449,-105.075834867267,39.48553,-105.0756,5
39.4852799918693,-105.075310506292,39.48553,-105.0756,4
39.4854553830493,-105.076092311104,39.48553,-105.0756,2
39.4852322783068,-105.075533762915,39.48553,-105.0756,4
39.4854144306751,-105.07573149433,39.48553,-105.0756,2
39.485037469218,-105.075710209601,39.48553,-105.0756,2
39.4855013408061,-105.075480643199,39.48553,-105.0756,3
39.485077940185,-105.076119792482,39.48553,-105.0756,1
39.4854896404452,-105.074475886497,39.48537,-105.0748,2
39.4850637042296,-105.07442378359,39.48537,-105.0748,4
39.4853400295954,-105.074608211072,39.48537,-105.0748,3
39.4854104721129,-105.074365898053,39.48537,-105.0748,4
39.4851679295694,-105.07518855362,39.48537,-105.0748,5
39.4851677074195,-105.073598708107,39.48537,-105.0738,3
39.4850663865352,-105.073463504682,39.48537,-105.0738,2
39.4856199427315,-105.074191462778,39.48537,-105.0738,1
39.4852701736676,-105.073604073843,39.48537,-105.0738,4
39.4853176756849,-105.073484483627,39.48537,-105.0738,2
39.4851867715815,-105.07389603397,39.48537,-105.0738,4
39.4856899408518,-105.074286356034,39.48537,-105.0738,1
39.4860708148749,-105.085898615752,39.4861,-105.0861,2
39.4859494811562,-105.085611443256,39.48577,-105.0848,3
39.4858491941113,-105.085262572446,39.48577,-105.0848,2
39.4863445851434,-105.084640093077,39.4861,-105.0842,4
39.4863947863009,-105.084159609773,39.4861,-105.0842,4
39.4859733944102,-105.083993484604,39.4861,-105.0842,3
39.4864265481311,-105.084244835414,39.4861,-105.0842,1
39.4857575785331,-105.083009723378,39.48595,-105.0834,2
39.4859583000201,-105.083302114251,39.48595,-105.0834,5
39.485945774851,-105.083735231423,39.48595,-105.0834,4
39.4860632484327,-105.083767821566,39.48595,-105.0834,4
39.4858879163187,-105.083107287365,39.48595,-105.0834,5
39.486253257309,-105.083741314131,39.48595,-105.0834,1
39.48597316687,-105.083388350032,39.48595,-105.0834,4
39.4864172485711,-105.081453784261,39.48661,-105.0814,1
39.4861897374613,-105.081340876066,39.48661,-105.0814,1
39.4859274047512,-105.081765876202,39.48661,-105.0814,2
39.4860146275308,-105.08145814847,39.48661,-105.0814,4
39.485792915705,-105.081840798942,39.48661,-105.0814,3
39.4863870460992,-105.081522861659,39.48661,-105.0814,4
39.4862733206445,-105.081231509705,39.48661,-105.0814,3
39.4858056856256,-105.081300770701,39.48661,-105.0814,2
39.4858534071887,-105.08130022958,39.48661,-105.0814,3
39.486039464494,-105.081230943369,39.48661,-105.0814,4
39.4859732243086,-105.080945584203,39.48661,-105.0814,5
39.4858783749657,-105.081439862508,39.48661,-105.0814,3
39.4861098579181,-105.081383008556,39.48661,-105.0814,5
39.4860201190444,-105.081097746078,39.48661,-105.0814,2
39.4859576171716,-105.081391818643,39.48661,-105.0814,5
39.4861146965546,-105.081122090873,39.48661,-105.0814,4
39.4859885947551,-105.080955013919,39.48661,-105.0814,5
39.486165876998,-105.077674672761,39.48615,-105.0777,3
39.4860253367159,-105.077969045288,39.48615,-105.0777,4
39.4864255733227,-105.077317601535,39.48615,-105.0777,5
39.4860519105616,-105.07781824496,39.48615,-105.0777,4
39.485769940493,-105.077753895054,39.48615,-105.0777,5
39.4859661715269,-105.077874455137,39.48615,-105.0777,5
39.4858367218692,-105.077277353096,39.48615,-105.0777,5
39.4860182500143,-105.077667994881,39.48615,-105.0777,2
39.4862297986272,-105.076639983745,39.48611,-105.0767,1
39.4863904437495,-105.076329986384,39.48611,-105.0767,4
39.4858413237048,-105.077103051275,39.48611,-105.0767,3
39.4863960932569,-105.076510628389,39.48611,-105.0767,1
39.4858079077097,-105.077071228583,39.48611,-105.0767,5
39.4862995968479,-105.076269963203,39.48611,-105.0767,4
39.4862322253832,-105.076893314028,39.48611,-105.0767,2
39.4860675290399,-105.076706743726,39.48611,-105.0767,5
39.4860716045891,-105.076851880038,39.48611,-105.0767,5
39.4859703993937,-105.076569014316,39.48611,-105.0767,2
39.4863288577509,-105.076734983747,39.48611,-105.0767,1
39.48625649941,-105.076713914474,39.48611,-105.0767,5
39.4859381694224,-105.076859318735,39.48611,-105.0767,2
39.4860915347331,-105.076693889999,39.48611,-105.0767,5
39.4860757673485,-105.076411165463,39.48611,-105.0767,2
39.4860717853701,-105.076995769378,39.48611,-105.0767,4
39.4863800215692,-105.075990461428,39.48575,-105.0761,5
39.4861204672228,-105.075544227008,39.48575,-105.0761,3
39.4859546466771,-105.075446613582,39.48575,-105.0761,4
39.4860149499494,-105.075345642057,39.48575,-105.0761,2
39.4858884407314,-105.075508599412,39.48575,-105.0761,2
39.4861614698014,-105.076051561421,39.48575,-105.0761,3
39.4862181393189,-105.075468363616,39.48575,-105.0761,2
39.4858198781996,-105.076018916049,39.48575,-105.0761,5
39.4864185439405,-105.075613987674,39.48575,-105.0761,5
39.4864353088566,-105.075753796464,39.48575,-105.0761,3
39.4864044568436,-105.075398443141,39.48575,-105.0761,5
39.4858762540878,-105.075950579377,39.48575,-105.0761,4
39.4858326513718,-105.075498170462,39.48575,-105.0761,5
39.4860185251106,-105.075572777452,39.48575,-105.0761,3
39.4863470909696,-105.075346183737,39.48575,-105.0761,1
39.4857592324991,-105.075220150209,39.48618,-105.0743,4
39.4858101187373,-105.074317984167,39.48618,-105.0743,5
39.4861394483082,-105.074322400972,39.48618,-105.0743,5
39.4862786551276,-105.074984270119,39.48618,-105.0743,4
39.4859946088568,-105.074862985551,39.48618,-105.0743,2
39.4859806850671,-105.074470202875,39.48618,-105.0743,4
39.4862782732339,-105.074735582721,39.48618,-105.0743,1
39.4861806434644,-105.074955664531,39.48618,-105.0743,5
39.4863036062108,-105.07477488488,39.48618,-105.0743,2
39.486195476905,-105.074620683937,39.48618,-105.0743,1
39.4860797683346,-105.074759461083,39.48618,-105.0743,2
39.4859423439771,-105.073483523842,39.48618,-105.0737,5
39.4862955465447,-105.074230015495,39.48618,-105.0737,3
39.4860177205347,-105.07376514679,39.48618,-105.0737,2
39.4860998712221,-105.073705494506,39.48618,-105.0737,4
39.4863753751588,-105.073861519172,39.48618,-105.0737,1
39.4859231937088,-105.073778060377,39.48618,-105.0737,2
39.4864240549098,-105.073420652659,39.48618,-105.0737,3
39.4861568112311,-105.074310734666,39.48618,-105.0737,1
39.4862422321047,-105.07415461306,39.48618,-105.0737,4
39.4860128819254,-105.073805261692,39.48618,-105.0737,3
39.4858249864643,-105.073766096253,39.48618,-105.0737,2
39.4863458657516,-105.073845327536,39.48618,-105.0737,1
39.4860649766321,-105.074104350313,39.48618,-105.0737,3
39.485965206107,-104.995156386445,39.48607,-104.9956,5
39.4861389977852,-104.995771679846,39.48607,-104.9956,1
39.4860899290831,-104.994906741744,39.48607,-104.9956,2
39.4865273117597,-105.097015947447,39.48685,-105.0965,2
39.4871067894978,-105.096797497371,39.48685,-105.0965,1
39.4869230440607,-105.095673805134,39.48704,-105.0961,3
39.4865795357097,-105.08517915252,39.48677,-105.0847,4
39.4870390674006,-105.083894712716,39.487,-105.0842,3
39.4866362692341,-105.084087274308,39.487,-105.0842,3
39.4870363390251,-105.084002145039,39.487,-105.0842,3
39.4868573976549,-105.084474089481,39.487,-105.0842,1
39.4865730352094,-105.083136115001,39.48674,-105.0834,1
39.4868985939404,-105.083628640177,39.48674,-105.0834,3
39.4868230364198,-105.083498692329,39.48674,-105.0834,3
39.4869694496562,-105.083204717886,39.48674,-105.0834,1
39.4865590412866,-105.082961903015,39.48674,-105.0834,5
39.4866787248258,-105.083114004146,39.48674,-105.0834,3
39.4868737595413,-105.083369604546,39.48674,-105.0834,3
39.4865702584399,-105.082891895746,39.48674,-105.0834,4
39.4866342291731,-105.083405216843,39.48674,-105.0834,1
39.4869741921678,-105.082988321758,39.48674,-105.0834,1
39.4864997814899,-105.082258661037,39.48663,-105.0824,4
39.4870422766309,-105.082701687828,39.48663,-105.0824,3
39.4871846718112,-105.082711728399,39.48663,-105.0824,1
39.4866990409847,-105.081974823015,39.48663,-105.0824,3
39.4866811240833,-105.082494294021,39.48663,-105.0824,5
39.4866072732963,-105.082376159628,39.48663,-105.0824,4
39.4865275017892,-105.082243616211,39.48663,-105.0824,2
39.486572415282,-105.081969769781,39.48663,-105.0824,3
39.4871912189464,-105.081110830532,39.48661,-105.0814,5
39.4865855091248,-105.081016357298,39.48661,-105.0814,5
39.4869430766565,-105.081455917035,39.48661,-105.0814,1
39.4870418839551,-105.081297530589,39.48661,-105.0814,5
39.4870144063886,-105.081788098118,39.48661,-105.0814,1
39.4865185824928,-105.081274803653,39.48661,-105.0814,4
39.4869362109352,-105.081321111665,39.48661,-105.0814,1
39.4869444444222,-105.081872130877,39.48661,-105.0814,2
39.4869947175429,-105.08178932123,39.48661,-105.0814,5
39.4869999471168,-105.081479249972,39.48661,-105.0814,2
39.4870903901659,-105.081013720195,39.48661,-105.0814,5
39.4871160424219,-105.081125152168,39.48661,-105.0814,1
39.4865933975595,-105.081135301354,39.48661,-105.0814,5
39.4867100056599,-105.081151676744,39.48661,-105.0814,4
39.4869516097365,-105.081246719896,39.48661,-105.0814,4
39.4865324625091,-105.080988329655,39.48661,-105.0814,3
39.4864716211585,-105.081039865322,39.48661,-105.0814,1
39.4865835992765,-105.081800396333,39.48661,-105.0814,4
39.4869776190234,-105.081026910057,39.48661,-105.0814,1
39.4871069608551,-105.080670334675,39.48662,-105.0805,3
39.4865458743373,-105.080661687441,39.48662,-105.0805,2
39.4870522158139,-105.08051850892,39.48662,-105.0805,3
39.4865960951221,-105.080410354942,39.48662,-105.0805,5
39.4868697742177,-105.08037801999,39.48662,-105.0805,1
39.4870120771962,-105.080128144597,39.48662,-105.0805,3
39.4865629420137,-105.080552558817,39.48662,-105.0805,2
39.4866102907564,-105.080819726905,39.48662,-105.0805,2
39.4870239851221,-105.080921091858,39.48662,-105.0805,2
39.4869300516164,-105.080736416899,39.48662,-105.0805,3
39.4871735060088,-105.080442436819,39.48662,-105.0805,5
39.4867325621846,-105.080671731288,39.48662,-105.0805,1
39.486564683777,-105.080330445139,39.48662,-105.0805,3
39.4867731140049,-105.08081436748,39.48662,-105.0805,5
39.4870926693016,-105.080097682655,39.48662,-105.0805,4
39.487186141988,-105.080829953819,39.48662,-105.0805,1
39.4867111205993,-105.080116023111,39.48662,-105.0805,1
39.4867875378043,-105.080653645511,39.48662,-105.0805,5
39.4870543474716,-105.080716829602,39.48662,-105.0805,1
39.4870522528905,-105.080332021938,39.48662,-105.0805,1
39.4865389160974,-105.080284463515,39.48662,-105.0805,2
39.4869746319206,-105.079882933717,39.48662,-105.0795,4
39.4870649813983,-105.079480254335,39.48662,-105.0795,5
39.4866290651101,-105.079869102365,39.48662,-105.0795,1
39.4867705932214,-105.079083668568,39.48662,-105.0795,2
39.4871074356848,-105.078214668759,39.48663,-105.0786,5
39.487074600947,-105.078972140601,39.48663,-105.0786,2
39.487171247869,-105.078392213675,39.48663,-105.0786,3
39.4865533222845,-105.078836789284,39.48663,-105.0786,5
39.4871562102069,-105.078649856288,39.48663,-105.0786,3
39.4867242219144,-105.078638831859,39.48663,-105.0786,2
39.4866529357499,-105.078728951899,39.48663,-105.0786,4
39.4864789968388,-105.078714628327,39.48663,-105.0786,1
39.4871089359004,-105.078627362774,39.48663,-105.0786,2
39.4869962356985,-105.078972675132,39.48663,-105.0786,4
39.4864820059803,-105.078195786667,39.48663,-105.0786,3
39.4866392564436,-105.077611013571,39.48674,-105.0774,3
39.4864987813669,-105.077700181191,39.48674,-105.0774,3
39.4870949285481,-105.077284540657,39.48674,-105.0774,5
39.4871382583628,-105.077292565466,39.48674,-105.0774,5
39.4868679250595,-105.078003667054,39.48674,-105.0774,2
39.486767757599,-105.077653241759,39.48674,-105.0774,2
39.4866532783614,-105.077174190994,39.48674,-105.0774,2
39.4865499689893,-105.077451553501,39.48674,-105.0774,1
39.4866293743133,-105.07781267771,39.48674,-105.0774,3
39.4866184252207,-105.07784109668,39.48674,-105.0774,5
39.4868577140946,-105.078075330457,39.48674,-105.0774,2
39.4871521199342,-105.077137768468,39.48696,-105.0773,5
39.4868983052884,-105.076234516075,39.48696,-105.0773,3
39.4866362218499,-105.077136583202,39.48696,-105.0773,3
39.4870562772846,-105.076391866012,39.48696,-105.0773,5
39.487196408132,-105.076708069709,39.48696,-105.0773,5
39.4872026529939,-105.077073142747,39.48696,-105.0773,4
39.4869222794411,-105.076587229373,39.48696,-105.0773,5
39.4864872484845,-105.076936565454,39.48696,-105.0773,4
39.4866714686075,-105.076287119512,39.48696,-105.0773,2
39.4870883611179,-105.076576450747,39.48696,-105.0773,2
39.486737964231,-105.076217515614,39.48696,-105.0773,4
39.4868006305932,-105.077138017929,39.48696,-105.0773,3
39.486475313955,-105.077138593678,39.48696,-105.0773,5
39.4868860465483,-105.074766416048,39.48664,-105.0744,2
39.4864891688275,-105.075248510538,39.48664,-105.0744,1
39.4868241570792,-105.074521987723,39.48664,-105.0744,2
39.4871337057903,-105.075054930296,39.48664,-105.0744,2
39.4868345712435,-105.074976581869,39.48664,-105.0744,1
39.4871669076028,-105.075100951035,39.48664,-105.0744,4
39.4869782575591,-105.07521402469,39.48664,-105.0744,3
39.4864850143676,-105.074994957934,39.48664,-105.0744,3
39.4869278040197,-105.074661416765,39.48664,-105.0744,4
39.4871839582071,-105.07501693859,39.48664,-105.0744,1
39.4871682508938,-105.074694857516,39.48664,-105.0744,2
39.4870309803933,-105.075104513854,39.48664,-105.0744,4
39.4867449334198,-105.075109829344,39.48664,-105.0744,2
39.4871208194955,-105.074740455245,39.48664,-105.0744,5
39.4870441774347,-105.074344876169,39.48664,-105.0744,2
39.4869150519479,-105.074442685221,39.48664,-105.0744,4
39.4866710833206,-105.075253694784,39.48664,-105.0744,2
39.4865260938021,-105.074500123583,39.48664,-105.0744,3
39.4871728738349,-105.075036863766,39.48664,-105.0744,3
39.4866583561562,-105.074849847135,39.48664,-105.0744,5
39.4868519651534,-105.075100823618,39.48664,-105.0744,2
39.4867347668457,-105.075076529061,39.48664,-105.0744,1
39.4865417089005,-105.075195330557,39.48664,-105.0744,4
39.486529123404,-105.07469459696,39.48664,-105.0744,4
39.4865461845381,-105.075181377781,39.48664,-105.0744,2
39.4864853497571,-105.074912937106,39.48664,-105.0744,1
39.4869778206363,-105.074728290078,39.48664,-105.0744,1
39.4868967715607,-105.074972627094,39.48664,-105.0744,4
39.4866599403072,-105.074889962754,39.48664,-105.0744,5
39.486776288832,-105.074450003387,39.48664,-105.0744,4
39.4867211949193,-105.07438800945,39.48664,-105.0744,3
39.486641898259,-105.073406209026,39.48664,-105.0739,5
39.4871964623652,-105.073676944889,39.48664,-105.0739,3
39.4864913142634,-105.074227387961,39.48664,-105.0739,4
39.4870854920839,-105.074007868961,39.48664,-105.0739,3
39.4869670194563,-105.073762105546,39.48664,-105.0739,5
39.4868419193426,-105.073625078634,39.48664,-105.0739,4
39.4870738958081,-105.074168397199,39.48664,-105.0739,5
39.4871151440757,-105.074134561847,39.48664,-105.0739,2
39.4869782682646,-105.074011307551,39.48664,-105.0739,4
39.4868826919199,-105.073528389403,39.48664,-105.0739,4
39.4866375443945,-105.0734743725,39.48664,-105.0739,1
39.4869016924174,-105.073534337671,39.48664,-105.0739,1
39.4870539191135,-105.073782404908,39.48664,-105.0739,4
39.4868025207308,-105.073708725119,39.48664,-105.0739,1
39.4865168112643,-105.073804882076,39.48664,-105.0739,4
39.4870413709067,-105.074206807405,39.48664,-105.0739,5
39.4869239969755,-105.0738123968,39.48664,-105.0739,4
39.4869535335531,-105.073541771811,39.48664,-105.0739,1
39.4870538261847,-105.073811696253,39.48664,-105.0739,4
39.4865903115628,-105.073761141757,39.48664,-105.0739,3
39.4871802427802,-105.073672998837,39.48664,-105.0739,4
39.4865309025076,-105.073845956783,39.48664,-105.0739,5
39.4866110478139,-105.074241467565,39.48664,-105.0739,3
39.4871716220996,-105.073455560877,39.48664,-105.0739,5
39.4871496283584,-105.074049230875,39.48664,-105.0739,1
39.4870018894919,-105.073799109386,39.48664,-105.0739,1
39.4867765959349,-104.995491480008,39.48675,-104.9958,1
39.4867121372509,-104.994946834873,39.48675,-104.9958,3
39.486904531242,-104.995278789871,39.48675,-104.9958,3
39.4872070249705,-104.994872921355,39.48675,-104.9958,4
39.4872296406422,-104.995264194204,39.48675,-104.9958,3
39.4867467236789,-104.995268244799,39.48675,-104.9958,1
39.4865709760601,-104.995274800455,39.48675,-104.9958,1
39.4878796081739,-105.084844659066,39.48722,-105.0853,3
39.4875859776092,-105.080024619738,39.48799,-105.0802,4
39.4873633098807,-105.080825643687,39.48799,-105.0802,4
39.4879009461547,-105.080594738305,39.48799,-105.0802,3
39.4876292756517,-105.080237846283,39.48799,-105.0802,2
39.4876566475838,-105.080927624857,39.48799,-105.0802,5
39.4876448604922,-105.08061818582,39.48799,-105.0802,4
39.4872135115109,-105.080464371502,39.48799,-105.0802,1
39.4876359339537,-105.080325528694,39.48799,-105.0802,4
39.4875131000197,-105.080902410097,39.48799,-105.0802,3
39.4877269697947,-105.080290002224,39.48799,-105.0802,2
39.4872158488034,-105.080304011005,39.48799,-105.0802,4
39.4873493830299,-105.080791639539,39.48799,-105.0802,1
39.4874681147038,-105.080077401623,39.48799,-105.0802,1
39.4874133644701,-105.080072166752,39.48799,-105.0802,1
39.48732143056,-105.080090314994,39.48799,-105.0802,2
39.4878609044699,-105.080169410016,39.48799,-105.0802,3
39.4873911045826,-105.080871745011,39.48799,-105.0802,2
39.4873697084153,-105.080226566086,39.48799,-105.0802,2
39.4873190849356,-105.080581361079,39.48799,-105.0802,4
39.4877449405931,-105.080456969677,39.48799,-105.0802,5
39.4872304548213,-105.08054376143,39.48799,-105.0802,3
39.4875343297374,-105.079603065171,39.48791,-105.0795,3
39.4872513299789,-105.079353672206,39.48791,-105.0795,4
39.4872692387804,-105.078235125787,39.48796,-105.0786,4
39.4879343657994,-105.078967227037,39.48796,-105.0786,5
39.4874710346236,-105.078148760665,39.48796,-105.0786,2
39.4878306767223,-105.077458149775,39.48769,-105.0775,5
39.4875309859123,-105.077343399616,39.48769,-105.0775,2
39.4873857092474,-105.077602107932,39.48769,-105.0775,1
39.4875153422707,-105.077857967898,39.48769,-105.0775,1
39.4878517937429,-105.077904710334,39.48769,-105.0775,2
39.4879289152431,-105.076391969363,39.48786,-105.0768,5
39.4877946874023,-105.076910263667,39.48786,-105.0768,5
39.4875416371249,-105.076339506899,39.48786,-105.0768,2
39.4875772336818,-105.076349792248,39.48786,-105.0768,4
39.4879115958482,-105.07648914987,39.48786,-105.0768,3
39.4876758155779,-105.076820116119,39.48786,-105.0768,2
39.4879168118301,-105.076234984606,39.48786,-105.0768,4
39.4875216623505,-105.076284163421,39.48786,-105.0768,3
39.4873354659721,-105.076393690211,39.48786,-105.0768,4
39.4875328429072,-105.076551294642,39.48786,-105.0768,5
39.4873074990458,-105.076258486853,39.48786,-105.0768,4
39.4874699084205,-105.076406607151,39.48786,-105.0768,1
39.4879257801006,-105.076750926504,39.48786,-105.0768,5
39.4878238043591,-105.077027722466,39.48786,-105.0768,3
39.4878037846638,-105.075826257586,39.48784,-105.0757,2
39.487391009245,-105.075699599549,39.48784,-105.0757,1
39.4875783959379,-105.076165710345,39.48784,-105.0757,4
39.487488471875,-105.075822722265,39.48784,-105.0757,4
39.4876966544722,-105.076203658085,39.48784,-105.0757,1
39.4878657620563,-105.076027423002,39.48784,-105.0757,5
39.4878518163882,-105.075856375897,39.48784,-105.0757,4
39.4872124201221,-105.0759058345,39.48784,-105.0757,3
39.4875915630364,-105.076035712661,39.48784,-105.0757,5
39.4877364259515,-105.076029458659,39.48784,-105.0757,3
39.4873001125466,-105.075623355946,39.48784,-105.0757,3
39.4874841477185,-105.075894498459,39.48784,-105.0757,4
39.4874634485056,-105.07578931412,39.48784,-105.0757,1
39.4878573187657,-105.075626985877,39.48784,-105.0757,3
39.4876054768309,-105.075816349528,39.48784,-105.0757,2
39.4875444332901,-105.075363260102,39.48784,-105.0757,2
39.4876081881325,-105.07613412764,39.48784,-105.0757,2
39.4874415130049,-105.075665158769,39.48784,-105.0757,4
39.4873091243774,-105.074585268774,39.48795,-105.0749,2
39.4873972688842,-105.07473804579,39.48795,-105.0749,1
39.4875594597383,-105.07500121609,39.48795,-105.0749,1
39.4877982609207,-105.07511299839,39.48795,-105.0749,2
39.4878601658981,-105.07460591153,39.48795,-105.0749,2
39.4879168531982,-105.074771257319,39.48795,-105.0749,4
39.487774219116,-105.074826957054,39.48795,-105.0749,5
39.4878074195381,-105.074571412685,39.48795,-105.0749,5
39.4874301735732,-105.074482905897,39.48795,-105.0749,2
39.487723111606,-105.075264132202,39.48795,-105.0749,1
39.4874951058308,-105.075155325223,39.48795,-105.0749,1
39.4875744458901,-105.074385735431,39.48795,-105.0749,4
39.4874191626015,-105.07433290419,39.48795,-105.0749,3
39.487229135939,-105.074916115479,39.48795,-105.0749,1
39.4874051463427,-105.074924223059,39.48795,-105.0749,1
39.4881274406415,-105.081752658696,39.48848,-105.081,5
39.4882078506724,-105.081476142713,39.48848,-105.081,3
39.4884247294564,-105.081225914146,39.48848,-105.081,2
39.4880760189235,-105.081532641252,39.48848,-105.081,2
39.4881307632753,-105.081305790219,39.48848,-105.081,1
39.4882096465879,-105.081647949035,39.48848,-105.081,2
39.4881668908092,-105.081482395308,39.48848,-105.081,3
39.4881721740284,-105.081790337928,39.48848,-105.081,2
39.4879750920843,-105.081688719404,39.48848,-105.081,2
39.4886598828436,-105.081628303724,39.48848,-105.081,4
39.4879824850134,-105.08004019808,39.48815,-105.0807,1
39.488036191602,-105.080400214239,39.48815,-105.0807,1
39.4882373173993,-105.08037849038,39.48815,-105.0807,3
39.4883293735077,-105.080664106208,39.48815,-105.0807,3
39.4883450871329,-105.079090247541,39.48791,-105.0795,1
39.4881690910279,-105.079238773985,39.48791,-105.0795,1
39.4880655932879,-105.079131970345,39.48791,-105.0795,3
39.4880045499566,-105.079603574029,39.48791,-105.0795,3
39.4880995261515,-105.078974420752,39.48796,-105.0786,1
39.4880183883668,-105.078241150778,39.48796,-105.0786,3
39.4879467237255,-105.078604750219,39.48796,-105.0786,1
39.4882443434323,-105.078093415222,39.48788,-105.0779,2
39.4880071397987,-105.077500055574,39.48788,-105.0779,4
39.4883745967073,-105.077877230257,39.48788,-105.0779,1
39.4886503880285,-105.077910169783,39.48788,-105.0779,1
39.488122971961,-105.076443196471,39.4879,-105.0766,4
39.4884183321052,-105.076811731592,39.4879,-105.0766,2
39.4886415908781,-105.07691769156,39.4879,-105.0766,2
39.4882249368904,-105.075824529014,39.48785,-105.0758,1
39.4883004313892,-105.076179051979,39.48785,-105.0758,5
39.4884830965086,-105.075345801261,39.48785,-105.0758,4
39.4885432899574,-105.075927234239,39.48785,-105.0758,1
39.4880588372235,-105.075133981413,39.48799,-105.0747,3
39.4884334930073,-105.075054749135,39.48799,-105.0747,4
39.4880935173397,-105.074716336096,39.48799,-105.0747,3
39.4881583932872,-105.075150725897,39.48799,-105.0747,3
39.4884968212864,-105.075080199836,39.48799,-105.0747,1
39.4886510928283,-105.074957960845,39.48799,-105.0747,3
39.4889066499911,-105.081320820898,39.48899,-105.081,3
39.4893320048735,-105.081081800503,39.48899,-105.081,3
39.4888105583854,-105.081749682372,39.48899,-105.081,2
39.4892801078278,-105.08125511301,39.48899,-105.081,1
39.4888244474497,-105.081692458262,39.48899,-105.081,2
39.4890469447969,-105.081493355184,39.48899,-105.081,4
39.4892083500594,-105.081803705335,39.48899,-105.081,2
39.4889313988166,-105.081509802942,39.48899,-105.081,3
39.4888405157662,-105.081412012092,39.48899,-105.081,4
39.4888106588112,-105.081785299222,39.48899,-105.081,1
39.488791648799,-105.081630155712,39.48899,-105.081,1
39.4890138153897,-105.080368374444,39.48908,-105.081,5
39.4891438456543,-105.080506380334,39.48908,-105.081,2
39.4890938553251,-105.080710613936,39.48908,-105.081,1
39.4900807326578,-105.081394687748,39.4899,-105.0811,2
39.4899567915919,-105.081780542601,39.4899,-105.0811,1
39.4900903832431,-105.081824936132,39.4899,-105.0811,3
39.4896340489852,-105.081772210343,39.4899,-105.0811,4
39.4897163447808,-105.081102285151,39.4899,-105.0811,2
39.4895664376937,-105.081137724504,39.4899,-105.0811,4
39.4900134266382,-105.081425353521,39.4899,-105.0811,2
39.4897191113203,-105.081578862576,39.4899,-105.0811,5
39.4898428085358,-105.081531138295,39.4899,-105.0811,1
39.4898671755537,-105.080034139442,39.48967,-105.081,1
39.4897000850887,-105.080873719501,39.48967,-105.081,3
39.4894869763763,-105.080440529109,39.48967,-105.081,4
39.4898663695092,-105.080894801559,39.48967,-105.081,2
39.4895940744866,-105.08075528884,39.48967,-105.081,1
39.489515023786,-105.079541017255,39.48983,-105.0792,1
39.4895634174512,-105.079402665633,39.48983,-105.0792,4
39.4896633356928,-105.079571458641,39.48983,-105.0792,2
39.4896052722643,-105.079191433606,39.48983,-105.0792,1
39.4895408927432,-105.079780615681,39.48983,-105.0792,1
39.4894940578763,-105.079081017658,39.48983,-105.0792,1
39.4897202472723,-105.079766049202,39.48983,-105.0792,1
39.4894942836002,-105.078905269585,39.48978,-105.0792,2
39.4897949529465,-105.078110073472,39.48978,-105.0792,2
39.489551734558,-105.078490554443,39.48978,-105.0792,2
39.4897144016903,-105.073191597346,39.48977,-105.0732,4
39.4894491432022,-105.07322736984,39.48977,-105.0732,4
39.4898326034135,-105.072833549533,39.48977,-105.0732,3
39.4897825443241,-105.072458220439,39.48977,-105.0732,5
39.4895702606708,-105.073110444545,39.48977,-105.0732,3
39.4896289949026,-105.073250131077,39.48977,-105.0732,1
39.4894690023979,-105.072496536592,39.48977,-105.0732,5
39.4901071990107,-105.072892376366,39.48977,-105.0732,1
39.4904032005582,-105.081520143968,39.49047,-105.0813,5
39.4903166620825,-105.081786421991,39.49047,-105.0813,4
39.4907041264999,-105.081128408591,39.49047,-105.0813,2
39.4902014042156,-105.081224332269,39.49047,-105.0813,4
39.490728046358,-105.081536400595,39.49047,-105.0813,5
39.4907008263788,-105.081195574928,39.49047,-105.0813,1
39.4907549219127,-105.081283140402,39.49047,-105.0813,1
39.4904301101992,-105.081160066589,39.49047,-105.0813,2
39.4903362608954,-105.081616631093,39.49047,-105.0813,5
39.4903448443936,-105.081231972707,39.49047,-105.0813,5
39.4902331498822,-105.081284340818,39.49047,-105.0813,5
39.4907295242899,-105.081077118013,39.49047,-105.0813,3
39.4904901852547,-105.081538777655,39.49047,-105.0813,4
39.490616868591,-105.080429799107,39.49026,-105.0805,1
39.4907637494358,-105.080107115845,39.49026,-105.0805,2
39.4901751392492,-105.080925980189,39.49026,-105.0805,4
39.4903609537169,-105.080831223533,39.49026,-105.0805,1
39.4907692843203,-105.080184068075,39.49026,-105.0805,4
39.4907341245128,-105.080516652019,39.49026,-105.0805,1
39.49084709644,-105.079607151654,39.49022,-105.0797,4
39.4906320674166,-105.079431811082,39.49022,-105.0797,5
39.4902364272705,-105.079855191849,39.49022,-105.0797,2
39.49032564934,-105.079796664216,39.49022,-105.0797,1
39.4908129049162,-105.072467362816,39.49051,-105.0732,3
39.490313545849,-105.073012912111,39.49051,-105.0732,2
39.4904257139878,-105.073228711814,39.49051,-105.0732,5
39.4907105653359,-105.072919608515,39.49051,-105.0732,2
39.4901734062333,-105.072730531854,39.49051,-105.0732,4
39.490533256165,-105.073192937404,39.49051,-105.0732,3
39.4908087998891,-105.073156647153,39.49051,-105.0732,2
39.4907370828123,-105.072601948169,39.49051,-105.0732,2
39.4908330035328,-105.072837880467,39.49051,-105.0732,1
39.4904397413531,-105.072826192793,39.49051,-105.0732,1
39.490600632166,-105.072956031645,39.49051,-105.0732,2
39.4906682009459,-105.073042593932,39.49051,-105.0732,3
39.4911880914728,-105.0812720115,39.49099,-105.081,1
39.4912057749106,-105.081345450263,39.49099,-105.081,4
39.4911168935099,-105.081790138865,39.49099,-105.081,4
39.4914067755238,-105.081806412252,39.49099,-105.081,2
39.4912307186449,-105.081271571808,39.49099,-105.081,3
39.4910473646002,-105.081286245204,39.49099,-105.081,2
39.4914684351566,-105.081490964238,39.49099,-105.081,4
39.4911115452142,-105.081377337089,39.49099,-105.081,4
39.4913540431265,-105.081357710694,39.49099,-105.081,4
39.4911289985587,-105.081838360716,39.49099,-105.081,2
39.490978142685,-105.081203238715,39.49099,-105.081,2
39.4911873364878,-105.081683234988,39.49099,-105.081,3
39.4912921805866,-105.081498032111,39.49099,-105.081,3
39.4915754630101,-105.081017048603,39.49099,-105.081,2
39.4911022746783,-105.081274315674,39.49099,-105.081,3
39.491017793465,-105.08167828478,39.49099,-105.081,1
39.4915480437236,-105.080277327034,39.49099,-105.081,3
39.4909144013154,-105.080306555135,39.49099,-105.081,5
39.491150044147,-105.080373845135,39.49099,-105.081,4
39.491448984664,-105.080767144273,39.49099,-105.081,1
39.491548369033,-105.08026275891,39.49099,-105.081,1
39.4915470375092,-105.080063868118,39.49099,-105.081,5
39.4909900869282,-105.080655786585,39.49099,-105.081,4
39.4912393430728,-105.080913494468,39.49099,-105.081,4
39.4913680492277,-105.073108561584,39.49124,-105.0732,2
39.4910331182326,-105.073327323348,39.49124,-105.0732,1
39.491461785747,-105.072761738908,39.49124,-105.0732,1
39.4909903659194,-105.072926562834,39.49124,-105.0732,3
39.4908984815137,-105.072589025141,39.49124,-105.0732,3
39.4909719363831,-105.073007306276,39.49124,-105.0732,1
39.4914062686949,-105.073147081841,39.49124,-105.0732,1
39.4910947433467,-105.073009813687,39.49124,-105.0732,2
39.491062471373,-105.0725258899,39.49124,-105.0732,2
39.4910547814575,-105.072634711891,39.49124,-105.0732,3
39.4915390600763,-105.072627132043,39.49124,-105.0732,5
39.490934265871,-105.072573447884,39.49124,-105.0732,4
39.4912992438198,-105.072973333664,39.49124,-105.0732,1
39.4911222438539,-105.072576644975,39.49124,-105.0732,1
39.4920029599222,-105.094982196038,39.49192,-105.094,2
39.4916235750643,-105.082619004372,39.49209,-105.0825,3
39.4918287992826,-105.082786264434,39.49209,-105.0825,4
39.4917034543823,-105.082829691808,39.49209,-105.0825,1
39.4922495088287,-105.082574791704,39.49209,-105.0825,4
39.4922974911078,-105.082503560128,39.49209,-105.0825,2
39.4919956356638,-105.081924662315,39.49209,-105.0825,5
39.4922052283827,-105.082305478832,39.49209,-105.0825,1
39.492148096961,-105.082064032502,39.49209,-105.0825,3
39.4923088578759,-105.073311769515,39.49197,-105.0732,2
39.4918746355208,-105.073247868072,39.49197,-105.0732,5
39.4919529358805,-105.072749701589,39.49197,-105.0732,5
39.4919069257613,-105.072612882754,39.49197,-105.0732,4
39.4926386166151,-105.094075166753,39.49272,-105.0938,1
39.4928684590972,-105.093431102909,39.49272,-105.0938,1
39.4928434257947,-105.082703390773,39.4924,-105.0827,3
39.492618476955,-105.082377900775,39.4924,-105.0827,2
39.4927963767046,-105.082058154345,39.4924,-105.0827,4
39.492889839084,-105.081897208533,39.4924,-105.0827,3
39.4926557971786,-105.08198367884,39.4924,-105.0827,5
39.4926502282786,-105.082586000244,39.4924,-105.0827,4
39.492978478113,-105.074007982485,39.49278,-105.0732,5
39.4925402360096,-105.073539608177,39.49278,-105.0732,2
39.4927351917107,-105.073545295873,39.49278,-105.0732,3
39.4929441598122,-105.073633680223,39.49278,-105.0732,2
39.4927828396326,-105.074064046573,39.49278,-105.0732,5
39.4929110818254,-105.074313243497,39.49278,-105.0732,4
39.4923598053907,-105.073386730736,39.49278,-105.0732,4
39.4926135903696,-105.073710846283,39.49278,-105.0732,1
39.4927159991526,-105.072882653583,39.49278,-105.0729,3
39.4925417307595,-105.073100139784,39.49278,-105.0729,4
39.4923725616976,-105.073074533431,39.49278,-105.0729,3
39.4925595552645,-105.072481500704,39.49278,-105.0729,1
39.4925409297964,-105.072801856292,39.49278,-105.0729,3
39.4924983903144,-105.072556546477,39.49278,-105.0729,1
39.4925511554982,-105.072841747029,39.49278,-105.0729,3
39.4924671160404,-105.07252418185,39.49278,-105.0729,4
39.4925607053425,-105.072919587915,39.49278,-105.0729,5
39.4926988015669,-105.072972659822,39.49278,-105.0729,4
39.4923527625689,-105.072311277062,39.49279,-105.072,3
39.4927304900814,-105.072225761806,39.49279,-105.072,5
39.4925501982556,-105.071485042952,39.49279,-105.072,4
39.4929521607523,-105.071516155868,39.49279,-105.072,1
39.4926483630652,-105.071777104835,39.49279,-105.072,5
39.4927121344664,-105.072077238931,39.49279,-105.072,1
39.492474117855,-105.072190826385,39.49279,-105.072,1
39.4924365080214,-105.072193229878,39.49279,-105.072,4
39.4927554476182,-105.07214523842,39.49279,-105.072,1
39.4924804969826,-105.072238812608,39.49279,-105.072,2
39.4925272301304,-105.07212384649,39.49279,-105.072,2
39.49297392944,-105.07182108679,39.49279,-105.072,2
39.4926842988708,-105.072224289773,39.49279,-105.072,1
39.492895404398,-105.070863021599,39.49279,-105.071,1
39.4925400974102,-105.071068341613,39.49279,-105.071,5
39.492811542739,-105.070837045598,39.49279,-105.071,2
39.4923527970554,-105.071026096137,39.49279,-105.071,2
39.4928221475931,-105.071048800264,39.49279,-105.071,2
39.4926778506235,-105.070773634334,39.49279,-105.071,5
39.4929006528086,-105.070077901776,39.49281,-105.0701,2
39.4924632725442,-105.069857538684,39.49281,-105.0701,3
39.4924411929394,-105.070519748177,39.49281,-105.0701,3
39.492614868652,-105.06971328731,39.49281,-105.0701,5
39.4925716652959,-105.070203627697,39.49281,-105.0701,4
39.4928270761297,-105.069169664695,39.49282,-105.0691,3
39.4924795623263,-105.069514527512,39.49282,-105.0691,1
39.4928328933346,-105.068901115492,39.49282,-105.0691,1
39.492478950114,-105.069115560536,39.49282,-105.0691,3
39.4928195538543,-105.069035640295,39.49282,-105.0691,3
39.4924934372029,-105.068725061563,39.49282,-105.0691,1
39.4929604506128,-105.068655141851,39.49282,-105.0691,3
39.4927854427628,-105.069144449391,39.49282,-105.0691,5
39.4928102871314,-105.068891369412,39.49282,-105.0691,3
39.4927590886678,-105.069005473007,39.49282,-105.0691,4
39.4925854028096,-105.068740917831,39.49282,-105.0691,5
39.4937178386669,-105.096134517498,39.49386,-105.0964,2
39.4936488239823,-105.095747311675,39.4937,-105.0956,2
39.4930974044158,-105.095409849467,39.4937,-105.0956,1
39.4937326425888,-105.095878789522,39.4937,-105.0956,2
39.4931939427655,-105.094794663397,39.49368,-105.0947,1
39.4935439999038,-105.094419449612,39.49368,-105.0947,1
39.493723760735,-105.094562254955,39.49368,-105.0947,4
39.4935428616083,-105.095063490852,39.49368,-105.0947,5
39.4934189541018,-105.09421346355,39.49368,-105.0947,2
39.4932132114569,-105.094454788107,39.49368,-105.0947,1
39.4936621374894,-105.094001016903,39.49328,-105.0934,5
39.4937422514043,-105.093459062829,39.49328,-105.0934,1
39.4937786698049,-105.093383131518,39.49328,-105.0934,1
39.4936462619089,-105.094132953909,39.49328,-105.0934,1
39.493767125774,-105.09384595062,39.49328,-105.0934,2
39.4933143311512,-105.093475811653,39.49328,-105.0934,1
39.4932045429514,-105.094052612372,39.49328,-105.0934,2
39.4934732629035,-105.093522438102,39.49328,-105.0934,2
39.4933069117325,-105.093568084568,39.49328,-105.0934,1
39.493288277431,-105.092787846754,39.49344,-105.0928,5
39.4931179563438,-105.092426943371,39.49344,-105.0928,2
39.4937455228258,-105.082045758014,39.49352,-105.0828,3
39.4934408223213,-105.082114665247,39.49352,-105.0828,1
39.493759806688,-105.082186160642,39.49352,-105.0828,1
39.4934588607153,-105.072799660563,39.49343,-105.0732,5
39.4937066158838,-105.072464715141,39.49343,-105.0732,1
39.4937883442949,-105.072691730777,39.49343,-105.0732,2
39.4934766513678,-105.073030351272,39.49343,-105.0732,5
39.4936524463525,-105.072745712204,39.49343,-105.0732,4
39.4931056379289,-105.073101666519,39.49343,-105.0732,4
39.4937297840799,-105.073351793863,39.49343,-105.0732,5
39.4935877101822,-105.072476168696,39.49343,-105.0732,1
39.4935751222488,-105.072975319802,39.49343,-105.0732,2
39.4944331094594,-105.095876338427,39.49413,-105.0957,2
39.4939396352608,-105.094762029522,39.4941,-105.0948,4
39.4940479521871,-105.095107830483,39.4941,-105.0948,3
39.4944759719919,-105.094595759733,39.4941,-105.0948,1
39.494044754503,-105.093534676721,39.49408,-105.0936,3
39.4942631861733,-105.094090376886,39.49408,-105.0936,1
39.4938463690609,-105.09377105995,39.49408,-105.0936,2
39.4940666141469,-105.093749961081,39.49408,-105.0936,4
39.4944686987861,-105.092400281789,39.49416,-105.0928,1
39.4940923646448,-105.093001004322,39.49416,-105.0928,4
39.4940159862872,-105.092983194957,39.49416,-105.0928,1
39.4945212200618,-105.082095731829,39.49417,-105.0827,1
39.4938501808214,-105.082835019836,39.49417,-105.0827,3
39.4943637925603,-105.073166644928,39.49417,-105.0732,5
39.4939491200253,-105.073001176889,39.49417,-105.0732,3
39.4942369428198,-105.072803191594,39.49417,-105.0732,3
39.4939778019703,-105.072638247513,39.49417,-105.0732,5
39.4943594287404,-105.072567113602,39.49417,-105.0732,1
39.4941765073384,-105.0729035049,39.49417,-105.0732,5
39.4942969292028,-105.072681200263,39.49417,-105.0732,4
39.4940127246351,-105.072902016289,39.49417,-105.0732,2
39.4947412878147,-105.095200631655,39.49512,-105.0956,2
39.4949981184231,-105.094677648319,39.4949,-105.095,4
39.494727037475,-105.09448877306,39.4949,-105.095,3
39.4946590938638,-105.094938641671,39.4949,-105.095,1
39.4948229550432,-105.092820186141,39.49489,-105.0928,5
39.4949032270558,-105.092907313327,39.49489,-105.0928,1
39.4951205262357,-105.082776361332,39.4949,-105.0827,1
39.4949169669297,-105.082183385956,39.4949,-105.0827,1
39.4946335963202,-105.08205115042,39.4949,-105.0827,2
39.4947342061782,-105.073236377287,39.49491,-105.0732,1
39.4949069509392,-105.072667511083,39.49491,-105.0732,3
39.4948098048759,-105.073065397192,39.49491,-105.0732,3
39.4947634318674,-105.072813451868,39.49491,-105.0732,2
39.4947572977241,-105.072698627747,39.49491,-105.0732,2
39.4946416385372,-105.073287663092,39.49491,-105.0732,5
39.4949002334219,-105.073169198525,39.49491,-105.0732,2
39.4950955555403,-105.073036020877,39.49491,-105.0732,1
39.4946432638889,-105.0727141001,39.49491,-105.0732,1
39.4946179611163,-105.072811857876,39.49491,-105.0732,4
39.4952271276484,-105.072737808453,39.49491,-105.0732,1
39.4946613362239,-105.072944819119,39.49491,-105.0732,3
39.4954255349282,-105.094208462895,39.49561,-105.0951,1
39.4959733105464,-105.094497346059,39.49561,-105.0951,5
39.4958637135387,-105.093008060703,39.49568,-105.0926,2
39.4959002157099,-105.093230046997,39.49568,-105.0926,3
39.4956036826781,-105.091767807604,39.49575,-105.0924,2
39.4956569142625,-105.081968880788,39.49561,-105.0828,2
39.4960051104306,-105.073311349262,39.49564,-105.0732,3
39.4954296662486,-105.073369235171,39.49564,-105.0732,4
39.4957034692399,-105.072617396389,39.49564,-105.0732,2
39.4955564227239,-105.073087521141,39.49564,-105.0732,2
39.4955437606091,-105.073023307174,39.49564,-105.0732,1
39.4958180679185,-105.072795509044,39.49564,-105.0732,4
39.4955403684308,-105.072515431154,39.49564,-105.0732,3
39.4955645476152,-105.072548459361,39.49564,-105.0732,3
39.4956309646161,-105.072939284244,39.49564,-105.0732,3
39.4953705379427,-105.072445690328,39.49564,-105.0732,1
39.4961229006542,-105.095837596699,39.49627,-105.0955,2
39.4965640104269,-105.094466816567,39.49625,-105.0952,1
39.496604121306,-105.094364989983,39.49625,-105.0952,3
39.4961840065664,-105.092630750804,39.49635,-105.0926,2
39.4965875799626,-105.092485291401,39.49635,-105.0926,4
39.4961267128609,-105.093189468399,39.49635,-105.0926,2
39.4960524782364,-105.093007471658,39.49635,-105.0926,3
39.4963997729682,-105.092354322942,39.49635,-105.0926,1
39.4965983312896,-105.091671406269,39.49638,-105.0923,4
39.4965150546991,-105.072562889738,39.49637,-105.0732,1
39.4965962619427,-105.073299502559,39.49637,-105.0732,3
39.4964097172561,-105.072925093926,39.49637,-105.0732,4
39.4965433639769,-105.073266145843,39.49637,-105.0732,2
39.4961723106837,-105.072987929833,39.49637,-105.0732,1
39.4965230992916,-105.072941086324,39.49637,-105.0732,3
39.4964342784703,-105.072796833646,39.49637,-105.0732,2
39.4963137902927,-105.072761842393,39.49637,-105.0732,2
39.4966454311398,-105.072621110509,39.49637,-105.0732,5
39.4962402325915,-105.072823306495,39.49637,-105.0732,3
39.4973421460443,-105.09776752133,39.49704,-105.0973,2
39.496973715338,-105.096320119534,39.49712,-105.0971,3
39.4972411065436,-105.09559155881,39.49709,-105.0956,1
39.4968596309478,-105.095915236188,39.49709,-105.0956,4
39.4968108558758,-105.094250312156,39.49711,-105.0951,5
39.4970021232128,-105.094218834425,39.49711,-105.0951,1
39.4970910150874,-105.092477344512,39.49709,-105.0925,4
39.4969896143798,-105.092832623901,39.49709,-105.0925,3
39.4973612063382,-105.092958309399,39.49709,-105.0925,5
39.4970602977031,-105.091653562123,39.49711,-105.0923,1
39.4970808592111,-105.091672732249,39.49711,-105.0923,4
39.497188919194,-105.092129138155,39.49711,-105.0923,2
39.4972047004354,-105.073218295029,39.4971,-105.0732,5
39.4970598187166,-105.072874481671,39.4971,-105.0732,1
39.4968070869325,-105.072979980975,39.4971,-105.0732,1
39.4970977098405,-105.073327983031,39.4971,-105.0732,1
39.4972785147429,-105.072621583111,39.4971,-105.0732,3
39.4971308584655,-105.073003693672,39.4971,-105.0732,1
39.4970879615942,-105.0729586197,39.4971,-105.0732,2
39.4970114643788,-105.07243866753,39.4971,-105.0732,4
39.4967495474181,-105.072579595495,39.4971,-105.0732,1
39.4971163183687,-105.072687076329,39.4971,-105.0732,2
39.4969254839769,-105.073028552891,39.4971,-105.0732,4
39.4980339338379,-105.097732331526,39.49773,-105.0976,2
39.497965837476,-105.095048852652,39.49784,-105.0949,2
39.4980361308007,-105.094561128268,39.49784,-105.0949,4
39.4978205377629,-105.09259969239,39.49782,-105.0925,3
39.4976402336811,-105.093181608075,39.49782,-105.0925,1
39.4977248425056,-105.093002389812,39.49782,-105.0925,2
39.4977436417034,-105.091368971498,39.49784,-105.0923,3
39.4979096099306,-105.072759573215,39.49784,-105.0732,5
39.4977874195273,-105.072754175211,39.49784,-105.0732,1
39.4986999918877,-105.094816664563,39.49857,-105.0949,3
39.4988657655103,-105.092808779292,39.49855,-105.0925,2
39.4983857094987,-105.09295738017,39.49855,-105.0925,1
39.4985238136538,-105.092228016569,39.49857,-105.0923,2
39.4996162862068,-105.094980566228,39.49929,-105.0948,5
39.4992551792716,-105.094215470306,39.49929,-105.0948,1
39.4991385003707,-105.092782571102,39.49928,-105.0925,5
39.4994710229981,-105.092692086209,39.49928,-105.0925,1
39.4995609842354,-105.091954751094,39.4993,-105.0922,2
39.4995300451037,-105.091914585697,39.4993,-105.0922,4
39.5001540006884,-105.094229175357,39.50002,-105.0947,1
39.4998543112319,-105.094273244597,39.50002,-105.0947,3
39.5002270133124,-105.092321476425,39.50002,-105.0924,1
39.5002553121083,-105.093093451805,39.50002,-105.0924,1
39.4997907627201,-105.092690180664,39.50002,-105.0924,1
39.4998059113698,-105.091682978884,39.50003,-105.0922,3
39.5005413348649,-105.094719965713,39.50072,-105.0948,2
39.5010375705319,-105.094571772602,39.50072,-105.0948,2
39.5009442931372,-105.0928123391,39.50075,-105.0924,3
39.5010282908832,-105.091432842791,39.50077,-105.0922,3
39.5015020530022,-105.092844998685,39.50148,-105.0924,1
39.5014737121753,-105.09293271896,39.50148,-105.0924,1
39.5017591167366,-105.093004371208,39.50148,-105.0924,2
39.5012244981461,-105.091480837521,39.5015,-105.0922,5
39.5011298611746,-105.091379218009,39.5015,-105.0922,3
39.5021949173511,-105.092729032651,39.50244,-105.0928,2
39.5019882735595,-105.093043023061,39.50244,-105.0928,3
39.5022020894086,-105.092637613376,39.50244,-105.0928,2
39.502236216882,-105.091885853985,39.50223,-105.0921,2
39.501987390468,-105.092180173356,39.50223,-105.0921,5
39.5025149196109,-105.091890812016,39.50223,-105.0921,1
39.5020637965791,-105.091632334602,39.50223,-105.0921,1
39.5019221967012,-105.091961740785,39.50223,-105.0921,1
39.5028787612935,-105.09379847728,39.50317,-105.0936,3
39.5026646517003,-105.092985415886,39.50294,-105.0929,2
39.5030313652813,-105.091486783149,39.50298,-105.0921,3
39.5031468840216,-105.091373316523,39.50298,-105.0921,1
39.5029379931609,-105.091951159733,39.50298,-105.0921,1
39.5036099120367,-105.095234715954,39.5037,-105.0958,2
39.5034859980154,-105.094599469243,39.50349,-105.0948,3
39.5037044185539,-105.094794855174,39.50349,-105.0948,1
39.5033418052267,-105.093518919947,39.50324,-105.0939,3
39.5039422269688,-105.093418017054,39.50324,-105.0939,2
39.5035938181487,-105.093863911655,39.50324,-105.0939,4
39.5039495284008,-105.09346419666,39.50324,-105.0939,4
39.5034813367629,-105.093739100134,39.50324,-105.0939,4
39.5036585097717,-105.094066661502,39.50324,-105.0939,1
39.5038785694617,-105.093493555357,39.50324,-105.0939,2
39.5039211142592,-105.093545450875,39.50324,-105.0939,1
39.5035660598538,-105.093286724702,39.50324,-105.0939,1
39.5035438264125,-105.09340432775,39.50324,-105.0939,5
39.5039629874149,-105.092892986075,39.50365,-105.0922,3
39.5037151376537,-105.092898448795,39.50365,-105.0922,4
39.5037289271606,-105.092702108439,39.50365,-105.0922,1
39.503944743058,-105.092417614918,39.50365,-105.0922,5
39.5036525739831,-105.09264394896,39.50365,-105.0922,5
39.5033795783453,-105.092510204355,39.50365,-105.0922,3
39.5038560620004,-105.091621833051,39.5037,-105.092,1
39.503594572894,-105.09215897159,39.5037,-105.092,1
39.5037936902569,-105.091415979739,39.5037,-105.092,2
39.5040362651456,-105.074225002737,39.50393,-105.0733,5
39.5039258570857,-105.074150955629,39.50393,-105.0733,1
39.5034261980987,-105.073943698804,39.50393,-105.0733,2
39.5047297292354,-105.095191675976,39.50434,-105.0959,2
39.5044005462018,-105.091449907613,39.50443,-105.0919,3
39.5045137107356,-105.091405654003,39.50443,-105.0919,4
39.504740362309,-105.073804632251,39.50443,-105.0738,3
39.5054490745429,-105.09608957448,39.50512,-105.0962,1
39.505370320214,-105.095817944895,39.50512,-105.0962,1
39.5051619684618,-105.091484131953,39.50516,-105.0919,1
39.5049808471097,-105.091401397784,39.50516,-105.0919,4
39.5054289965038,-105.091901732508,39.50516,-105.0919,2
39.5057863927544,-105.091713687474,39.50584,-105.0916,3
39.5058414245893,-105.092232890078,39.50584,-105.0916,3
39.5059321518976,-105.091227434213,39.506,-105.0913,3
39.5057935319436,-105.091296060605,39.506,-105.0913,3
39.5060814849616,-105.091119689772,39.506,-105.0913,2
39.5067901016964,-105.091951657985,39.50651,-105.0914,3
39.5068047396798,-105.091518042015,39.50651,-105.0914,1
39.5065529018266,-105.090762254389,39.50667,-105.0911,5
39.5067370362758,-105.090631230625,39.50667,-105.0911,2
39.5073824921457,-105.091175444049,39.50738,-105.091,2
39.5076875619622,-105.091330727234,39.50738,-105.091,1
39.507709711511,-105.090857339292,39.50738,-105.091,3
39.507335243278,-105.09114545677,39.50738,-105.091,1
39.5078622692314,-105.090637303163,39.50804,-105.0907,3
39.5082750462876,-105.090671790494,39.50804,-105.0907,1
39.5078195644439,-105.089965400035,39.50821,-105.0904,4
39.5082667593709,-105.090113362384,39.50821,-105.0904,1
39.5088929077966,-105.090875207671,39.5087,-105.0904,3
39.509187437329,-105.090242246918,39.50887,-105.0901,1
39.5086841608446,-105.089527280112,39.50887,-105.0901,4
39.509474162378,-105.09014768112,39.50958,-105.0901,4
39.5103285365339,-105.090109761826,39.51025,-105.0898,2
39.5101602444633,-105.09013354003,39.51025,-105.0898,1
39.5106030389436,-105.0889928711,39.51041,-105.0895,2
39.5101344581196,-105.089254666944,39.51041,-105.0895,3
39.5110029911113,-105.089805208815,39.51091,-105.0895,3
39.5107768831386,-105.089358117017,39.51107,-105.0892,5
39.5112118803952,-105.089387963383,39.51107,-105.0892,1
39.5120822093465,-105.088845256638,39.51173,-105.0889,4
39.5116012509049,-105.088613570018,39.51173,-105.0889,1
39.5122444451733,-105.089216668585,39.51247,-105.0889,2
39.512319736075,-105.088827187889,39.51247,-105.0889,1
39.5124252515303,-105.088033078159,39.51258,-105.0886,2
39.5123699954837,-105.08839100953,39.51258,-105.0886,4
39.5130169823238,-105.088764457577,39.51318,-105.0887,1
39.5130690491816,-105.088870159065,39.51318,-105.0887,2
39.5130540176404,-105.088453768962,39.51326,-105.0885,2
39.5133138595267,-105.088384213338,39.51326,-105.0885,1
39.5133220557039,-105.088359986614,39.51326,-105.0885,1
39.5134733067507,-105.087931698975,39.51326,-105.0885,2
39.513879966847,-105.088914904292,39.51396,-105.0886,3
39.5137647645647,-105.087993033633,39.51396,-105.0884,1
39.5139930941911,-105.087824969626,39.51396,-105.0884,4
39.5150077923267,-105.08868988968,39.5147,-105.0886,1
39.514713547086,-105.089028404387,39.5147,-105.0886,2
39.5144642794134,-105.087609458455,39.51467,-105.0884,4
39.5155824433706,-105.089013559839,39.51546,-105.0887,2
39.5152679089059,-105.087823460104,39.51538,-105.0885,2
39.5157117854188,-105.087963920652,39.51538,-105.0885,1
39.5158430749011,-105.088471616882,39.51607,-105.0887,1
39.5159164793914,-105.087822509017,39.51607,-105.0887,1
